timestamp,timestamp_sample,time_last_fuse,device_id,observation[0],observation[1],observation[2],observation_variance[0],observation_variance[1],observation_variance[2],innovation[0],innovation[1],innovation[2],innovation_variance[0],innovation_variance[1],innovation_variance[2],test_ratio[0],test_ratio[1],test_ratio[2],estimator_instance,fusion_enabled,innovation_rejected,fused
608000,485290,0,0,0.01,0.01,-0.01,0.09,0.09,0.20250002,-0.97219193,-0.8835866,0.17458595,24.764305,24.78771,10.189428,0.0015266445,0.0012598586,0.000119654425,0,1,0,0
808000,689448,0,0,0.01,0.0,-0.01,0.09,0.09,0.20250002,-0.9779504,-0.99038744,0.43197647,6.4153256,6.433883,10.143701,0.005963139,0.0060981354,0.0007358406,0,1,0,0
1208000,1089666,0,0,0.02,-0.01,0.049999997,0.09,0.09,0.20250002,-1.4301372,-1.5586188,0.82755834,1.153853,1.1935496,9.907051,0.07090304,0.08141404,0.0027651126,0,1,0,0
1608000,1485798,0,0,0.01,0.0,-0.02,0.09,0.09,0.20250002,-1.7670901,-2.0655835,0.9713389,0.9206686,0.9715673,9.414935,0.13566694,0.17565988,0.004008522,0,1,0,0
2008000,1889878,0,0,0.01,-0.01,0.0,0.09,0.09,0.20250002,-1.2422903,-1.7231361,0.07755226,1.1519117,1.1510203,9.008132,0.053590395,0.10318491,2.6706326e-05,0,1,0,0
2408000,2289926,0,0,-0.01,0.0,0.02,0.09,0.09,0.20250002,-0.53676474,-1.1683214,-0.28900212,1.8946902,1.878152,4.7437963,0.0060826074,0.029070593,0.00070426485,0,1,0,0
2608000,2489943,0,0,0.02,0.03,0.0,0.09,0.09,0.20250002,-0.0606208,-0.21375929,-0.48723456,1.7074548,1.7241224,4.020611,8.609027e-05,0.0010600878,0.0023618054,0,1,0,0
3008000,2885966,0,0,0.0,0.0,0.01,0.09,0.09,0.20250002,0.09190998,1.1580068,-0.36527044,1.3546126,1.3281934,2.6344745,0.00024944238,0.040385075,0.0020257928,0,1,0,0
3408000,3289979,0,0,0.02,0.0,0.0,0.09,0.09,0.20250002,-0.117730886,1.6257408,-0.16553283,1.1242261,1.0358149,1.680538,0.0004931592,0.10206585,0.0006521987,0,1,0,0
3808000,3685988,0,0,0.0,0.0,0.03,0.09,0.09,0.20250002,-0.16149203,1.647431,-0.18628484,0.9052237,0.846315,1.1758448,0.0011524081,0.12827511,0.0011804973,0,1,0,0
4208000,4089993,0,0,0.0,0.0,-0.04,0.09,0.09,0.20250002,-0.16955821,1.4634961,-0.18844315,0.7249491,0.71160376,0.82216036,0.0015863176,0.120394014,0.0017276836,0,1,0,0
4608000,4489996,0,0,0.0,0.01,0.0,0.09,0.09,0.20250002,-0.21551786,1.1872889,-0.32145506,0.62358856,0.60670424,0.6331601,0.0029793973,0.09293852,0.006528103,0,1,0,0
4808000,4689997,0,0,0.01,0.02,0.03,0.09,0.09,0.20250002,-0.2625487,1.0356795,-0.39924115,0.6018752,0.5631003,0.5873826,0.0045811376,0.07619474,0.010854491,0,1,0,0
5208000,5089998,0,0,0.01,0.0,0.0,0.09,0.09,0.20250002,-0.33657056,0.78340286,-0.42018682,0.59687996,0.4937056,0.52238476,0.007591459,0.049723566,0.013519304,0,1,0,0
5608000,5485999,0,0,0.0,0.0,-0.03,0.09,0.09,0.20250002,-0.3399363,0.52781475,-0.4359107,0.6061845,0.44575682,0.5114784,0.0076251826,0.024999138,0.014860306,0,1,0,0
5808000,5689999,0,0,0.02,0.0,0.01,0.09,0.09,0.20250002,-0.33067375,0.4082441,-0.5227996,0.6028646,0.42530364,0.5492295,0.0072550373,0.015674753,0.019905662,0,1,0,0
6208000,6090000,0,0,0.0,0.0,-0.04,0.09,0.09,0.20250002,-0.22253358,0.20304577,-0.53893334,0.56872237,0.38343206,0.6305677,0.0034829786,0.0043009017,0.018424612,0,1,0,0
6408000,6290000,0,0,-0.02,0.0,0.0,0.09,0.09,0.20250002,-0.16071673,0.12034449,-0.5733317,0.54094887,0.36163315,0.6481712,0.0019099673,0.0016019323,0.020285336,0,1,0,0
6808000,6690000,6728000,0,0.0,0.0,0.01,0.09,0.09,0.20250002,-0.01068239,-0.028366301,-0.01886324,0.09307363,0.099587105,0.2080396,4.904223e-05,0.00032319326,6.841425e-05,0,1,0,0
7208000,7090000,7128000,0,0.0,0.0,0.0,0.09,0.09,0.20250002,-0.03267545,-0.04694508,0.039190173,0.19268501,0.19383855,0.40739036,0.0002216436,0.00045477855,0.00015080078,0,1,0,1
7608000,7490000,7528000,0,0.02,0.0,0.0,0.09,0.09,0.20250002,-0.070752576,-0.072991505,0.046691507,0.16106972,0.16356133,0.30800527,0.0012431702,0.0013029388,0.00028312462,0,1,0,1
8008000,7890000,7928000,0,0.0,0.0,0.0,0.09,0.09,0.20250002,-0.054379143,-0.09072653,0.05302879,0.15882257,0.16197781,0.27817947,0.0007447534,0.002032699,0.0004043508,0,1,0,1
8408000,8290000,8328000,0,0.01,-0.02,0.04,0.09,0.09,0.20250002,-0.07406895,-0.075244874,0.018164724,0.15854964,0.1613147,0.2661804,0.0013840988,0.0014039121,4.9583996e-05,0,1,0,1
8808000,8690000,8728000,0,0.0,0.0,-0.03,0.09,0.09,0.20250002,-0.061661042,-0.10042415,0.10538184,0.15543649,0.15734215,0.26152354,0.0009784277,0.0025638419,0.0016985593,0,1,0,1
9208000,9090000,9128000,0,-0.02,-0.01,0.01,0.09,0.09,0.20250002,-0.044720154,-0.07684024,0.058025643,0.15037018,0.15152569,0.2602903,0.0005319917,0.001558659,0.0005174185,0,1,0,1
9608000,9486000,9528000,0,0.0,-0.02,0.0,0.09,0.09,0.20250002,-0.0749792,-0.06288631,0.07049126,0.14487505,0.14554091,0.25976092,0.0015522012,0.001086894,0.00076516793,0,1,0,1
10008000,9890000,9928000,0,0.01,0.0,0.0,0.09,0.09,0.20250002,-0.082678,-0.08479478,0.06964453,0.13978721,0.14016679,0.25908968,0.001956016,0.0020518855,0.0007488312,0,1,0,1
10408000,10290000,10328000,0,0.0,-0.01,0.0,0.09,0.09,0.20250002,-0.06442212,-0.06930725,0.0653954,0.13541442,0.13563415,0.25811496,0.0012259285,0.0014166035,0.00066273694,0,1,0,1
10808000,10690000,10728000,0,-0.01,0.0,0.01,0.09,0.09,0.20250002,-0.053623803,-0.07911493,0.053801924,0.13178942,0.13192125,0.25616494,0.0008727597,0.001897851,0.0004519974,0,1,0,1
11208000,11090000,11128000,0,0.0,0.0,-0.049999997,0.09,0.09,0.20250002,-0.06588318,-0.07641667,0.112560794,0.12885419,0.12894127,0.25366265,0.0013474436,0.0018115247,0.0019979186,0,1,0,1
11608000,11486000,11528000,0,0.0,0.0,0.03,0.09,0.09,0.20250002,-0.06350973,-0.075295515,0.019764075,0.12652037,0.12658828,0.25111127,0.0012752053,0.00179145,6.22224e-05,0,1,0,1
12008000,11890000,11928000,0,0.02,0.01,0.02,0.09,0.09,0.20250002,-0.08589311,-0.08603756,0.029949453,0.1247029,0.124762386,0.24808887,0.002366465,0.0023732993,0.0001446207,0,1,0,1
12208000,12090000,12128000,0,0.01,0.0,-0.01,0.09,0.09,0.20250002,-0.059587978,-0.061144847,0.05143696,0.11849614,0.11854049,0.2414314,0.0011985967,0.0012615748,0.0004383458,0,1,0,1
12608000,12486000,12528000,0,0.0,-0.01,-0.02,0.09,0.09,0.20250002,-0.054284688,-0.055060595,0.05744531,0.11909019,0.11914401,0.24022046,0.00098978,0.0010178167,0.0005494892,0,1,0,1
12808000,12690000,12728000,0,0.0,0.0,-0.02,0.09,0.09,0.20250002,-0.053656925,-0.059870884,0.04718119,0.115152754,0.11519602,0.23565885,0.0010000857,0.001244669,0.00037784528,0,1,0,1
13208000,13090000,13128000,0,0.0,0.0,0.0,0.09,0.09,0.20250002,-0.059389018,-0.06311057,0.024672978,0.11659727,0.11665539,0.23502007,0.001209996,0.0013657128,0.00010360916,0,1,0,1
13608000,13490000,13528000,0,0.0,0.01,0.04,0.09,0.09,0.20250002,-0.06663785,-0.072293155,-0.016853862,0.11767232,0.11774087,0.23388359,0.001509481,0.0017755262,4.8580176e-05,0,1,0,1
14008000,13886000,13928000,0,0.0,-0.02,-0.03,0.09,0.09,0.20250002,-0.0667141,-0.039712954,0.05554361,0.11838995,0.11846742,0.23262332,0.0015037665,0.0005325072,0.0005304872,0,1,0,1
14208000,14090000,14128000,0,0.0,0.0,-0.01,0.09,0.09,0.20250002,-0.058075123,-0.055949748,0.028736243,0.11462406,0.11468638,0.22903372,0.0011769674,0.0010918033,0.00014421836,0,1,0,1
14608000,14486000,14528000,0,0.01,-0.01,0.01,0.09,0.09,0.20250002,-0.07079107,-0.04423955,0.0068897437,0.11602604,0.11609772,0.228362,0.0017276729,0.0006743071,8.314619e-06,0,1,0,1
14808000,14690000,14728000,0,0.02,0.0,0.01,0.09,0.09,0.20250002,-0.07193971,-0.04870606,0.0031597372,0.11308773,0.113145754,0.22566634,0.001830551,0.0008386635,1.7696815e-06,0,1,0,1
15208000,15090000,15128000,0,0.0,0.01,0.0,0.09,0.09,0.20250002,-0.050773803,-0.059384115,0.01422338,0.1147355,0.11479952,0.22525877,0.00089875556,0.0012287415,3.5923935e-05,0,1,0,1
15608000,15490000,15528000,0,0.0,0.01,-0.03,0.09,0.09,0.20250002,-0.051889505,-0.052148946,0.043822154,0.115905404,0.11597368,0.22449201,0.00092921325,0.0009379757,0.00034217362,0,1,0,1
16008000,15890000,15928000,0,0.01,0.0,-0.01,0.09,0.09,0.20250002,-0.05888185,-0.039344054,0.021477299,0.116628096,0.11669573,0.2235776,0.0011891036,0.0005305951,8.252604e-05,0,1,0,1
16408000,16290000,16328000,0,-0.01,0.0,0.02,0.09,0.09,0.20250002,-0.0344766,-0.035955276,-0.0072745793,0.116972156,0.11703715,0.22259578,0.00040646797,0.00044183646,9.509525e-06,0,1,0,1
16808000,16690000,16728000,0,-0.01,0.0,0.0,0.09,0.09,0.20250002,-0.033558518,-0.03576675,0.018125486,0.117018,0.11707769,0.22174506,0.00038495756,0.00043706378,5.9263235e-05,0,1,0,1
17208000,17086000,17128000,0,0.01,-0.01,-0.01,0.09,0.09,0.20250002,-0.0531839,-0.023446774,0.03087184,0.11685969,0.116914034,0.22081767,0.00096817885,0.00018808733,0.0001726439,0,1,0,1
17608000,17490000,17528000,0,0.0,0.0,0.0,0.09,0.09,0.20250002,-0.036900684,-0.035053153,0.019662898,0.11656248,0.11661036,0.21997464,0.00046727233,0.00042148004,7.0304384e-05,0,1,0,1
17808000,17690000,17728000,0,0.01,0.03,-0.01,0.09,0.09,0.20250002,-0.04232911,-0.060151882,0.026411349,0.11280151,0.112835936,0.21843332,0.00063536514,0.0012826584,0.00012773863,0,1,0,1
18208000,18090000,18128000,0,0.0,-0.01,0.02,0.09,0.09,0.20250002,-0.027420964,-0.0084923785,-0.00040033832,0.113387674,0.11342159,0.21808715,0.00026525257,2.5434485e-05,2.9395729e-08,0,1,0,1
18608000,18490000,18528000,0,0.02,0.0,0.02,0.09,0.09,0.20250002,-0.043645043,-0.01847922,0.0036522374,0.113692425,0.11372388,0.21785565,0.00067019055,0.00012010902,2.4491148e-06,0,1,0,1
19008000,18890000,18928000,0,0.0,0.0,0.01,0.09,0.09,0.20250002,-0.01389245,-0.018700803,0.016756257,0.11377069,0.11379785,0.21757007,6.785585e-05,0.00012292675,5.1619627e-05,0,1,0,1
19408000,19290000,19328000,0,0.02,0.0,0.0,0.09,0.09,0.20250002,-0.033542853,-0.016674029,0.028720252,0.113680735,0.11370394,0.21733364,0.00039588872,9.780602e-05,0.0001518132,0,1,0,1
19808000,19690000,19728000,0,0.0,0.0,0.0,0.09,0.09,0.20250002,-0.0082413955,-0.015156126,0.028156705,0.11346963,0.11348891,0.21714085,2.3943181e-05,8.096232e-05,0.00014604347,0,1,0,1
20008000,19890000,19928000,0,0.0,0.01,-0.04,0.09,0.09,0.20250002,-0.007385724,-0.0223853,0.06490131,0.11041674,0.110430345,0.21619783,1.9761106e-05,0.00018150866,0.0007793195,0,1,0,1
20408000,20290000,20328000,0,-0.01,0.01,0.0,0.09,0.09,0.20250002,0.0021329634,-0.02069991,0.025081731,0.110879496,0.11089144,0.21629773,1.641253e-06,0.00015456064,0.0001163384,0,1,0,1
20608000,20490000,20528000,0,0.0,0.0,-0.02,0.09,0.09,0.20250002,-0.01035632,-0.010056424,0.042663813,0.10863253,0.10864174,0.21557769,3.9492174e-05,3.723492e-05,0.00033773456,0,1,0,1
21008000,20886000,20928000,0,0.0,0.0,0.01,0.09,0.09,0.20250002,-0.013723303,-0.015486861,0.015823564,0.1093649,0.109374575,0.21585356,6.888098e-05,8.77143e-05,4.639908e-05,0,1,0,1
21208000,21090000,21128000,0,0.0,0.0,0.01,0.09,0.09,0.20250002,-0.012808848,-0.016558576,0.015640197,0.10752964,0.10753753,0.21526231,6.1031205e-05,0.000101987265,4.5454453e-05,0,1,0,1
21608000,21490000,21528000,0,0.0,0.0,0.049999997,0.09,0.09,0.20250002,-0.015256623,-0.021285832,-0.022887569,0.10838077,0.10838947,0.21564631,8.5906206e-05,0.00016720689,9.716667e-05,0,1,0,1
22008000,21890000,21928000,0,0.01,0.0,-0.01,0.09,0.09,0.20250002,-0.026327334,-0.02518507,0.041334905,0.10897894,0.10898778,0.21603371,0.00025440825,0.00023279223,0.00031635328,0,1,0,1
22408000,22290000,22328000,0,-0.02,-0.02,-0.02,0.09,0.09,0.20250002,0.006003784,-0.010406954,0.053754006,0.10935229,0.10936123,0.21629937,1.3185063e-05,3.9613562e-05,0.00053435075,0,1,0,1
22808000,22690000,22728000,0,0.02,-0.01,0.04,0.09,0.09,0.20250002,-0.03747546,-0.024089495,-0.0041108727,0.10954226,0.1095491,0.21650791,0.0005128286,0.00021188812,3.1221539e-06,0,1,0,1
23208000,23086000,23128000,0,0.0,0.01,0.0,0.09,0.09,0.20250002,-0.012131562,-0.04253093,0.04143865,0.109591186,0.10959524,0.21673828,5.3717755e-05,0.0006602039,0.00031690972,0,1,0,1
23408000,23290000,23328000,0,0.01,0.02,-0.03,0.09,0.09,0.20250002,-0.022312611,-0.047688052,0.07112037,0.107406095,0.1074093,0.21593457,0.00018540946,0.00084691006,0.0009369702,0,1,0,1
23808000,23690000,23728000,0,0.02,0.01,0.0,0.09,0.09,0.20250002,-0.03278797,-0.031797655,0.040606476,0.10785024,0.107852265,0.21628948,0.00039871995,0.00037499104,0.00030494056,0,1,0,1
24208000,24090000,24128000,0,0.0,-0.02,0.01,0.09,0.09,0.20250002,-0.008321466,-0.0011444576,0.031027803,0.10813716,0.10813771,0.21651661,2.561443e-05,4.8448715e-07,0.00017785694,0,1,0,1
24608000,24486000,24528000,0,0.0,-0.02,0.0,0.09,0.09,0.20250002,-0.0063307644,-0.008598095,0.04282262,0.10829146,0.10829056,0.21668553,1.4803966e-05,2.7306993e-05,0.000338514,0,1,0,1
24808000,24690000,24728000,0,-0.01,0.0,0.04,0.09,0.09,0.20250002,0.0034672553,-0.029843163,0.0010980554,0.10639055,0.10638954,0.21595751,4.519897e-06,0.00033485034,2.2332647e-07,0,1,0,1
25208000,25086000,25128000,0,-0.01,0.0,0.0,0.09,0.09,0.20250002,0.0010628076,-0.031133845,0.04751863,0.10686101,0.10685892,0.21624926,4.2281465e-07,0.00036283967,0.00041766991,0,1,0,1
25408000,25290000,25328000,0,0.0,0.0,-0.04,0.09,0.09,0.20250002,-0.011114939,-0.029835455,0.085286245,0.10535892,0.105357185,0.21562526,4.6903242e-05,0.00033795676,0.0013493305,0,1,0,1
25808000,25690000,25728000,0,0.0,0.0,0.0,0.09,0.09,0.20250002,-0.013958249,-0.032414872,0.043282464,0.105992064,0.10599008,0.21599469,7.352729e-05,0.0003965367,0.0003469292,0,1,0,1
26208000,26090000,26128000,0,0.0,0.0,0.0,0.09,0.09,0.20250002,-0.018873341,-0.033580165,0.049062397,0.10646094,0.106459565,0.21635304,0.00013383426,0.00042368294,0.00044503537,0,1,0,1
26608000,26486000,26528000,0,0.0,0.0,-0.01,0.09,0.09,0.20250002,-0.019881016,-0.036285535,0.06185227,0.106794894,0.10679315,0.21657665,0.00014804259,0.00049315527,0.0007065772,0,1,0,1
26808000,26690000,26728000,0,0.0,0.01,0.02,0.09,0.09,0.20250002,-0.020582797,-0.043787345,0.03075236,0.10523568,0.10523477,0.2158833,0.00016102962,0.0007287825,0.00017522574,0,1,0,1
27208000,27086000,27128000,0,0.0,0.0,-0.02,0.09,0.09,0.20250002,-0.02510272,-0.03593769,0.07657914,0.10577561,0.10577601,0.21620435,0.00023829559,0.00048839714,0.001084967,0,1,0,1
27408000,27290000,27328000,0,-0.01,0.02,0.0,0.09,0.09,0.20250002,-0.01656601,-0.053714406,0.054158643,0.10448842,0.104489535,0.21559656,0.000105057654,0.0011045077,0.00054419396,0,1,0,1
27808000,27690000,27728000,0,0.0,0.01,-0.03,0.09,0.09,0.20250002,-0.03327046,-0.044208184,0.09405833,0.105137445,0.10513944,0.21598141,0.00042113385,0.000743532,0.0016384687,0,1,0,1
28208000,28090000,28128000,0,0.0,-0.01,0.0,0.09,0.09,0.20250002,-0.03577395,-0.023935517,0.06827467,0.105646014,0.10564785,0.21628389,0.00048455235,0.00021691268,0.0008620948,0,1,0,1
28608000,28490000,28528000,0,0.0,0.0,0.0,0.09,0.09,0.20250002,-0.036081202,-0.040150862,0.07121273,0.10602496,0.10602693,0.21658336,0.0004911497,0.000608182,0.0009365915,0,1,0,1
29008000,28890000,28928000,0,0.0,0.0,0.01,0.09,0.09,0.20250002,-0.03596741,-0.042790115,0.06802282,0.10628827,0.1062898,0.21675323,0.00048684754,0.0006890573,0.0008538933,0,1,0,1
29408000,29290000,29328000,0,0.01,0.01,-0.02,0.09,0.09,0.20250002,-0.04365029,-0.052509926,0.10039736,0.10646555,0.10646531,0.21686655,0.0007158552,0.0010359401,0.0018591398,0,1,0,1
29808000,29686000,29728000,0,-0.01,0.0,0.0,0.09,0.09,0.20250002,-0.018808017,-0.042238165,0.0806314,0.106572255,0.10657018,0.21701194,0.00013277057,0.0006696292,0.0011983529,0,1,0,1
30208000,30090000,30128000,0,0.01,0.0,0.0,0.09,0.09,0.20250002,-0.037705593,-0.044622358,0.080209635,0.10662698,0.10662327,0.21704803,0.0005333404,0.000746987,0.001185652,0,1,0,1
30608000,30490000,30528000,0,0.0,-0.02,-0.02,0.09,0.09,0.20250002,-0.01793765,-0.025107894,0.099916816,0.10664611,0.106636964,0.21705945,0.000120683006,0.00023646824,0.0018397486,0,1,0,1
31008000,30890000,30928000,0,-0.01,0.0,0.0,0.09,0.09,0.20250002,-0.0049966676,-0.0472407,0.07842307,0.10663649,0.10662425,0.21705614,9.365157e-06,0.00083721435,0.0011333801,0,1,0,1
31408000,31290000,31328000,0,0.0,0.0,0.049999997,0.09,0.09,0.20250002,-0.0109620355,-0.047678035,0.029210083,0.106611855,0.10659532,0.21712032,4.5085504e-05,0.0008530186,0.00015719006,0,1,0,1
31808000,31690000,31728000,0,0.0,0.0,0.0,0.09,0.09,0.20250002,-0.005704856,-0.04722775,0.08144159,0.10657895,0.106557965,0.21709701,1.2214564e-05,0.000837276,0.0012220771,0,1,0,1
32208000,32090000,32128000,0,0.01,-0.03,-0.02,0.09,0.09,0.20250002,-0.011199422,-0.017333193,0.1003861,0.10654012,0.106515184,0.21706879,4.7091016e-05,0.000112825066,0.0018569907,0,1,0,1
32608000,32490000,32528000,0,0.0,0.0,0.07,0.09,0.09,0.20250002,0.009077744,-0.04955785,0.007609844,0.10650562,0.106471434,0.21711956,3.0948766e-05,0.0009226815,1.0668727e-05,0,1,0,1
33008000,32890000,32928000,0,0.01,0.0,0.04,0.09,0.09,0.20250002,0.0042294497,-0.046947043,0.040800154,0.10646938,0.10642868,0.21709086,6.720522e-06,0.00082835753,0.00030672,0,1,0,1
33408000,33290000,33328000,0,-0.01,0.0,-0.01,0.09,0.09,0.20250002,0.030350149,-0.047285527,0.088670105,0.10643804,0.106392495,0.21706823,0.00034616626,0.00084063114,0.0014488325,0,1,0,1
33808000,33686000,33728000,0,0.0,0.0,0.0,0.09,0.09,0.20250002,0.02167687,-0.04431923,0.07377328,0.106408365,0.10635831,0.21705022,0.00017663525,0.00073870836,0.0010029931,0,1,0,1
34008000,33890000,33928000,0,-0.01,0.0,-0.03,0.09,0.09,0.20250002,0.031017393,-0.040038865,0.09697862,0.10476079,0.104717664,0.21619992,0.00036734305,0.0006123554,0.001740029,0,1,0,1
34408000,34290000,34328000,0,0.02,0.0,-0.01,0.09,0.09,0.20250002,0.0033440776,-0.041629873,0.06911837,0.10512431,0.10507685,0.21639827,4.2550973e-06,0.0006597253,0.0008830661,0,1,0,1
34608000,34490000,34528000,0,0.0,0.02,0.01,0.09,0.09,0.20250002,0.025732698,-0.058677755,0.04167231,0.10386826,0.10382698,0.21571723,0.00025500444,0.001326468,0.00032201075,0,1,0,1
35008000,34890000,34928000,0,0.01,-0.01,0.04,0.09,0.09,0.20250002,0.0141083505,-0.030342689,0.00688361,0.10442253,0.10438332,0.21604323,7.624621e-05,0.00035280688,8.773075e-06,0,1,0,1
35408000,35290000,35328000,0,0.0,-0.01,0.0,0.09,0.09,0.20250002,0.025383828,-0.037027195,0.04630532,0.10487501,0.10483811,0.21637458,0.0002457549,0.00052309723,0.00039638352,0,1,0,1
35808000,35690000,35728000,0,0.02,0.01,-0.03,0.09,0.09,0.20250002,0.003360413,-0.060597777,0.071168385,0.10523312,0.105200104,0.21658343,4.2923275e-06,0.0013962309,0.00093542505,0,1,0,1
36208000,36090000,36128000,0,-0.01,-0.01,0.0,0.09,0.09,0.20250002,0.036627874,-0.038496755,0.03435748,0.10550982,0.10547785,0.21673924,0.0005086166,0.00056201377,0.00021785377,0,1,0,1
36608000,36490000,36528000,0,0.0,0.0,0.0,0.09,0.09,0.20250002,0.02047892,-0.053301245,0.031034071,0.10570952,0.105684854,0.21692395,0.0001586938,0.001075281,0.0001775947,0,1,0,1
36808000,36690000,36728000,0,-0.01,-0.01,-0.02,0.09,0.09,0.20250002,0.026431791,-0.039535955,0.046513416,0.104281455,0.104263775,0.21607888,0.0002679823,0.0005996682,0.00040050154,0,1,0,1
37208000,37090000,37128000,0,-0.01,-0.02,0.04,0.09,0.09,0.20250002,0.023472713,-0.031962354,-0.01372898,0.10473428,0.104718834,0.21640368,0.0002104252,0.00039022285,3.48395e-05,0,1,0,1
37608000,37490000,37528000,0,0.0,0.0,0.0,0.09,0.09,0.20250002,0.011053212,-0.053491488,0.030344315,0.10509274,0.10507902,0.21660396,4.6501213e-05,0.0010892143,0.00017003888,0,1,0,1
38008000,37890000,37928000,0,-0.01,-0.01,0.01,0.09,0.09,0.20250002,0.02092607,-0.04126755,0.023810314,0.10536682,0.1053545,0.21675052,0.00016623843,0.00064658304,0.000104623694,0,1,0,1
38408000,38286000,38328000,0,0.0,0.0,0.01,0.09,0.09,0.20250002,0.0067102076,-0.04891723,0.030642593,0.1055664,0.105556615,0.21685402,1.7061067e-05,0.0009067724,0.00017319826,0,1,0,1
38608000,38490000,38528000,0,-0.01,0.0,0.0,0.09,0.09,0.20250002,0.017387457,-0.044620696,0.041722532,0.10416244,0.10415438,0.21608008,0.000116097006,0.00076463673,0.00032224527,0,1,0,1
39008000,38886000,38928000,0,0.0,0.0,-0.06,0.09,0.09,0.20250002,0.008917126,-0.04551432,0.11101057,0.10461232,0.104604,0.21633424,3.0403737e-05,0.0007921507,0.0022785752,0,1,0,1
39208000,39090000,39128000,0,0.0,0.02,-0.01,0.09,0.09,0.20250002,0.010855015,-0.061281107,0.05946467,0.10347829,0.103470825,0.21568438,4.5548244e-05,0.0014517616,0.00065578177,0,1,0,1
39608000,39486000,39528000,0,0.01,0.01,-0.04,0.09,0.09,0.20250002,0.0027789092,-0.049608104,0.09585941,0.10406726,0.10405995,0.21603131,2.9682096e-06,0.00094597926,0.001701425,0,1,0,1
39808000,39690000,39728000,0,0.01,0.0,-0.01,0.09,0.09,0.20250002,0.0031480454,-0.03293953,0.065641806,0.1030847,0.10307928,0.21545674,3.8454555e-06,0.00042104008,0.00079994655,0,1,0,1
40208000,40086000,40128000,0,0.02,0.01,0.02,0.09,0.09,0.20250002,-0.004934985,-0.042216025,0.044228684,0.10375204,0.103747666,0.21586238,9.3893395e-06,0.00068712595,0.00036248588,0,1,0,1
40608000,40490000,40528000,0,0.02,0.0,0.04,0.09,0.09,0.20250002,-0.0011654086,-0.031847846,0.033943027,0.10430613,0.104302436,0.21625079,5.208427e-07,0.00038897854,0.0002131098,0,1,0,1
41008000,40890000,40928000,0,-0.01,0.0,0.0,0.09,0.09,0.20250002,0.029998627,-0.03605944,0.08390501,0.104747936,0.10474525,0.2165011,0.00034365072,0.0004965507,0.0013006956,0,1,0,1
41208000,41090000,41128000,0,0.01,0.0,-0.049999997,0.09,0.09,0.20250002,0.006167818,-0.03360706,0.1334475,0.103584826,0.103583194,0.21582784,1.4690174e-05,0.00043614578,0.0033004517,0,1,0,1
41608000,41490000,41528000,0,-0.01,0.0,0.01,0.09,0.09,0.20250002,0.02377868,-0.034614097,0.078949206,0.104158044,0.10415861,0.21616347,0.00021714144,0.0004601197,0.0011533821,0,1,0,1
42008000,41886000,41928000,0,0.04,0.0,-0.25,0.09,0.09,0.20250002,0.027767248,-0.05794967,0.03606251,0.104863204,0.10487606,0.21642566,0.0002941051,0.0012808124,0.0002403605,0,1,0,1
42208000,42090000,42128000,0,0.12,-0.13,-0.68,0.09,0.09,0.20250002,-0.009533495,0.002891764,0.030456543,0.10402846,0.10431691,0.21576582,3.4947174e-05,3.206498e-06,0.0001719644,0,1,0,1
42608000,42486000,42528000,0,0.14,-0.14999999,-1.1,0.09,0.09,0.20250002,-0.04352674,-0.0069228113,0.14295864,0.10487934,0.105236255,0.21610908,0.00072257395,1.8216277e-05,0.0037827515,0,1,0,1
43008000,42890000,42928000,0,0.11,-0.11,-0.89,0.09,0.09,0.20250002,-0.04837506,-0.017882437,0.11080587,0.10517475,0.1052683,0.21644118,0.0008900031,0.00012151105,0.002269058,0,1,0,1
43408000,43290000,43328000,0,0.08,-0.02,-0.71999997,0.09,0.09,0.20250002,-0.06311454,-0.05049089,0.12801743,0.10543715,0.10539932,0.21663873,0.0015112112,0.00096749386,0.003025952,0,1,0,1
43808000,43690000,43728000,0,0.06,0.01,-0.58,0.09,0.09,0.20250002,-0.08548537,-0.02147935,0.13510093,0.10569067,0.10572542,0.2167756,0.0027657119,0.00017455118,0.003367955,0,1,0,1
44208000,44090000,44128000,0,0.01,0.06,-0.45999998,0.09,0.09,0.20250002,-0.07000995,-0.04082799,0.13067093,0.10543995,0.10603826,0.21693945,0.0018594064,0.00062880124,0.0031483243,0,1,0,1
44608000,44490000,44528000,0,0.0,0.089999996,-0.35999998,0.09,0.09,0.20250002,-0.08255651,-0.05122532,0.118248105,0.10987292,0.11279065,0.2169922,0.002481258,0.0009305854,0.002577533,0,1,0,1
45008000,44890000,44928000,0,-0.02,0.099999994,-0.29,0.09,0.09,0.20250002,-0.069093645,-0.053589344,0.11728537,0.11817037,0.12380889,0.21701573,0.0016159486,0.00092782284,0.0025354582,0,1,0,1
45408000,45290000,45328000,0,-0.03,0.089999996,-0.19,0.09,0.09,0.20250002,-0.05821892,-0.04251777,0.072248854,0.12599687,0.13275862,0.21709785,0.0010760402,0.000544676,0.00096175924,0,1,0,1
45808000,45690000,45728000,0,-0.049999997,0.06,-0.17999999,0.09,0.09,0.20250002,-0.032978833,-0.028120473,0.10103233,0.13042405,0.13648172,0.21708801,0.00033355915,0.00023175588,0.0018808099,0,1,0,1
46208000,46086000,46128000,0,-0.07,0.0,-0.14999999,0.09,0.09,0.20250002,-0.00883884,0.011322071,0.10155999,0.13126026,0.13581498,0.2170694,2.380769e-05,3.7754093e-05,0.0019006698,0,1,0,1
46608000,46490000,46528000,0,-0.099999994,-0.04,-0.11,0.09,0.09,0.20250002,0.02416917,0.02300705,0.089358754,0.1297835,0.13293979,0.21712697,0.00018003791,0.0001592674,0.0014710265,0,1,0,1
47008000,46890000,46928000,0,-0.099999994,-0.03,-0.04,0.09,0.09,0.20250002,0.02886656,-0.0010042321,0.041000858,0.12724476,0.12936273,0.21710569,0.000261945,3.1183077e-07,0.00030972387,0,1,0,1
47408000,47286000,47328000,0,-0.08,-0.06,-0.08,0.09,0.09,0.20250002,0.024398886,0.04122775,0.0991877,0.12442683,0.12584999,0.21708694,0.00019137534,0.00054023915,0.0018127668,0,1,0,1
47808000,47690000,47728000,0,-0.06,-0.04,-0.089999996,0.09,0.09,0.20250002,0.028087575,0.021178508,0.11940738,0.12171043,0.12269687,0.21706758,0.00025927505,0.00014622352,0.002627407,0,1,0,1
48208000,48086000,48128000,0,-0.04,-0.03,-0.049999997,0.09,0.09,0.20250002,0.03485091,0.028644634,0.093564324,0.11924591,0.119895145,0.21712944,0.00040742225,0.00027374423,0.0016127308,0,1,0,1
48408000,48290000,48328000,0,-0.01,-0.01,-0.02,0.09,0.09,0.20250002,0.010134887,0.0145377945,0.060564756,0.1140878,0.1144682,0.21620119,3.601294e-05,7.385369e-05,0.00067864376,0,1,0,1
48808000,48690000,48728000,0,0.01,-0.01,-0.03,0.09,0.09,0.20250002,0.01417684,0.030057933,0.09720241,0.11334621,0.1136032,0.2164709,7.092704e-05,0.00031811756,0.0017458808,0,1,0,1
49208000,49086000,49128000,0,0.02,-0.01,0.02,0.09,0.09,0.20250002,0.015694544,0.043323807,0.0513552,0.112447314,0.11260774,0.21663418,8.762102e-05,0.0006667223,0.00048696966,0,1,0,1
49408000,49290000,49328000,0,0.03,0.0,0.0,0.09,0.09,0.20250002,0.007643873,0.030089682,0.06531666,0.10934332,0.10944341,0.215911,2.1374435e-05,0.0003309067,0.00079037494,0,1,0,1
49808000,49690000,49728000,0,0.04,0.0,-0.01,0.09,0.09,0.20250002,-0.004955221,0.037642565,0.08367521,0.1091091,0.10917497,0.21621527,9.00171e-06,0.00051915296,0.0012952908,0,1,0,1
50208000,50090000,50128000,0,0.04,0.02,-0.04,0.09,0.09,0.20250002,-0.00949477,0.026346419,0.11121565,0.10874068,0.10877859,0.21645866,3.3161705e-05,0.00025524647,0.0022856875,0,1,0,1
50608000,50490000,50528000,0,0.04,0.02,-0.01,0.09,0.09,0.20250002,-0.017767742,0.029177748,0.08203141,0.10829291,0.1083228,0.21671788,0.000116606956,0.00031437183,0.0012420113,0,1,0,1
51008000,50890000,50928000,0,0.03,0.03,0.02,0.09,0.09,0.20250002,-0.014790078,0.014858747,0.054527406,0.10783223,0.10785951,0.21685825,8.114323e-05,8.1877755e-05,0.00054842053,0,1,0,1
51408000,51290000,51328000,0,0.02,0.03,-0.02,0.09,0.09,0.20250002,-0.014384348,0.012533629,0.091912776,0.10739939,0.10742164,0.2169548,7.706169e-05,5.849543e-05,0.0015575517,0,1,0,1
51808000,51686000,51728000,0,0.0,0.01,-0.07,0.09,0.09,0.20250002,-0.0052584563,0.027054181,0.1404525,0.107010715,0.10702776,0.21709585,1.0335923e-05,0.00027354725,0.0036346905,0,1,0,1
52008000,51890000,51928000,0,-0.01,0.0,0.0,0.09,0.09,0.20250002,-0.0010423204,0.029070847,0.061334495,0.10513229,0.10514293,0.21621129,4.1335798e-07,0.0003215106,0.00069597113,0,1,0,1
52408000,52286000,52328000,0,0.0,0.01,0.01,0.09,0.09,0.20250002,-0.017209092,0.01277235,0.07943391,0.105244935,0.10524942,0.21651387,0.00011255758,6.19986e-05,0.0011656984,0,1,0,1
52608000,52490000,52528000,0,0.0,0.02,-0.02,0.09,0.09,0.20250002,-0.016253298,0.0026593413,0.1055122,0.103882626,0.103884175,0.21577634,0.00010171853,2.7230697e-06,0.0020637712,0,1,0,1
53008000,52890000,52928000,0,-0.02,0.01,0.02,0.09,0.09,0.20250002,0.00015827082,0.013898369,0.07810886,0.10428372,0.10428239,0.2161156,9.60827e-09,7.409292e-05,0.0011292095,0,1,0,1
53408000,53286000,53328000,0,-0.01,0.03,0.0,0.09,0.09,0.20250002,-0.014229419,-0.008438384,0.09238087,0.10464279,0.104637794,0.21645379,7.7397155e-05,2.7220118e-05,0.0015770987,0,1,0,1
53808000,53690000,53728000,0,-0.01,0.0,0.0,0.09,0.09,0.20250002,-0.010074435,0.01836846,0.084447846,0.10495287,0.1049453,0.21666229,3.8681836e-05,0.00012860046,0.0013165999,0,1,0,1
54008000,53890000,53928000,0,-0.03,0.0,0.0,0.09,0.09,0.20250002,0.010288065,0.013555082,0.07302744,0.103718415,0.10370961,0.21595435,4.0819865e-05,7.0867194e-05,0.0009878026,0,1,0,1
54408000,54290000,54328000,0,0.0,0.0,-0.01,0.09,0.09,0.20250002,-0.018181814,0.0078012305,0.09585379,0.10425259,0.10424262,0.21627031,0.00012683746,2.3352904e-05,0.0016993454,0,1,0,1
54808000,54686000,54728000,0,-0.01,0.0,0.02,0.09,0.09,0.20250002,-0.0020554792,0.007865408,0.06376803,0.10472521,0.1047171,0.21651438,1.6137451e-06,2.3631155e-05,0.00075124094,0,1,0,1
55008000,54890000,54928000,0,0.0,-0.01,-0.04,0.09,0.09,0.20250002,-0.012288996,0.018045362,0.11565849,0.10360006,0.10359334,0.21583931,5.8308622e-05,0.00012573593,0.0024790457,0,1,0,1
55408000,55290000,55328000,0,0.0,0.01,0.0,0.09,0.09,0.20250002,-0.007875415,-0.0029635215,0.08593428,0.1042389,0.104233965,0.21617554,2.3800003e-05,3.3702875e-06,0.0013664267,0,1,0,1
55808000,55690000,55728000,0,0.02,-0.01,0.01,0.09,0.09,0.20250002,-0.023968564,0.020864993,0.07564575,0.104796685,0.10479421,0.21650447,0.00021927872,0.00016617251,0.0010572122,0,1,0,1
56208000,56090000,56128000,0,0.01,-0.02,-0.02,0.09,0.09,0.20250002,-0.011092477,0.026585031,0.09770365,0.10527196,0.10527026,0.21670079,4.6752444e-05,0.00026855216,0.0017620616,0,1,0,1
56608000,56490000,56528000,0,0.01,-0.01,0.0,0.09,0.09,0.20250002,-0.012881979,0.014169389,0.07803939,0.10565415,0.10565479,0.2168384,6.282588e-05,7.601041e-05,0.0011234444,0,1,0,1
57008000,56890000,56928000,0,0.0,0.01,0.0,0.09,0.09,0.20250002,-0.006557654,-0.000333664,0.07524512,0.10596371,0.10596889,0.21700382,1.623304e-05,4.2024283e-08,0.0010436366,0,1,0,1
57408000,57290000,57328000,0,-0.02,0.0,0.0,0.09,0.09,0.20250002,0.01175055,0.016920062,0.072849415,0.10620546,0.10621457,0.21705656,5.2003135e-05,0.000107815154,0.0009780008,0,1,0,1
57808000,57690000,57728000,0,0.01,0.03,-0.01,0.09,0.09,0.20250002,-0.021325115,-0.013640709,0.083632514,0.10638713,0.106396556,0.21707988,0.00017098329,6.995299e-05,0.0012888154,0,1,0,1
58208000,58090000,58128000,0,0.01,0.03,0.0,0.09,0.09,0.20250002,-0.014965353,-0.010088315,0.07413977,0.10652203,0.10652885,0.2171614,8.4099695e-05,3.8214665e-05,0.0010124644,0,1,0,1
58408000,58290000,58328000,0,0.02,0.01,-0.01,0.09,0.09,0.20250002,-0.022427104,0.009150701,0.07666009,0.10493471,0.10493961,0.21623538,0.00019172874,3.1917527e-05,0.001087106,0,1,0,1
58808000,58686000,58728000,0,0.0,0.01,0.03,0.09,0.09,0.20250002,-0.0034069673,0.00028194208,0.056454316,0.10537582,0.10538074,0.2165037,4.406106e-06,3.0173005e-08,0.0005888287,0,1,0,1
59208000,59086000,59128000,0,0.0,0.01,0.049999997,0.09,0.09,0.20250002,-0.009466449,-0.0045731235,0.035604335,0.10574533,0.105750486,0.21665892,3.3897915e-05,7.910492e-06,0.00023403951,0,1,0,1
59608000,59486000,59528000,0,0.0,0.01,0.0,0.09,0.09,0.20250002,-0.008833239,-0.0055082263,0.07540306,0.10603987,0.106045574,0.21677412,2.9432746e-05,1.1444347e-05,0.0010491328,0,1,0,1
60008000,59886000,59928000,0,0.01,0.0,-0.02,0.09,0.09,0.20250002,-0.017789725,0.0027233316,0.09020953,0.10625383,0.10625988,0.21693148,0.000119138975,2.7918477e-06,0.0015005216,0,1,0,1
60208000,60090000,60128000,0,-0.01,0.02,0.0,0.09,0.09,0.20250002,0.0059934626,-0.019437943,0.060781796,0.10474531,0.10475048,0.21607056,1.3717691e-05,0.00014427947,0.0006839297,0,1,0,1
60608000,60490000,60528000,0,-0.02,-0.01,0.0,0.09,0.09,0.20250002,0.014559658,0.010211717,0.0796677,0.10521245,0.105219364,0.2163855,8.059261e-05,3.964258e-05,0.0011732659,0,1,0,1
61008000,60890000,60928000,0,0.0,0.0,0.049999997,0.09,0.09,0.20250002,-0.010019986,-0.004523434,0.025880218,0.105597466,0.105605066,0.21658172,3.803126e-05,7.75018e-06,0.00012370123,0,1,0,1
61408000,61290000,61328000,0,-0.01,0.0,0.04,0.09,0.09,0.20250002,0.0071855052,-0.006067055,0.025920264,0.10589677,0.105904385,0.21672937,1.9502573e-05,1.3902787e-05,0.00012399982,0,1,0,1
61808000,61690000,61728000,0,-0.04,0.0,0.02,0.09,0.09,0.20250002,0.03880636,-0.0058326265,0.035883293,0.10611662,0.10612583,0.2168392,0.0005676523,1.2822338e-05,0.0002375236,0,1,0,1
62208000,62086000,62128000,0,-0.04,0.0,-0.01,0.09,0.09,0.20250002,0.039875016,-0.0065527726,0.05809579,0.10626812,0.10627717,0.2169908,0.0005984925,1.6161073e-05,0.0006221685,0,1,0,1
62608000,62486000,62528000,0,-0.02,0.0,-0.02,0.09,0.09,0.20250002,0.026352432,-0.0061779884,0.06637685,0.10636194,0.1063677,0.2170376,0.00026116509,1.4353057e-05,0.00081200426,0,1,0,1
63008000,62886000,62928000,0,-0.03,0.01,-0.01,0.09,0.09,0.20250002,0.047589682,-0.014793783,0.057234555,0.10641448,0.10641551,0.21706109,0.0008513044,8.226471e-05,0.00060366315,0,1,0,1
63408000,63286000,63328000,0,-0.03,0.0,0.0,0.09,0.09,0.20250002,0.05276437,-0.0057741175,0.048855655,0.10643658,0.10643418,0.21714647,0.0010462865,1.2529973e-05,0.00043968018,0,1,0,1
63808000,63690000,63728000,0,-0.01,0.0,-0.02,0.09,0.09,0.20250002,0.03809081,-0.009391874,0.06964993,0.1064393,0.10643399,0.21713978,0.0005452534,3.3150052e-05,0.0008936387,0,1,0,1
64208000,64086000,64128000,0,-0.01,0.0,0.0,0.09,0.09,0.20250002,0.046012096,-0.010500636,0.0502169,0.106426835,0.106419735,0.21712385,0.00079570647,4.1444702e-05,0.00046457112,0,1,0,1
64608000,64490000,64528000,0,0.0,0.0,-0.02,0.09,0.09,0.20250002,0.041260935,-0.010467657,0.07318424,0.10640405,0.10639672,0.21718244,0.00064,4.119369e-05,0.0009864393,0,1,0,1
65008000,64890000,64928000,0,0.0,-0.01,0.0,0.09,0.09,0.20250002,0.044114098,-0.002300053,0.052487206,0.10637575,0.10637039,0.21715686,0.00073176593,1.9893669e-06,0.0005074501,0,1,0,1
65408000,65286000,65328000,0,0.0,0.0,0.01,0.09,0.09,0.20250002,0.04705304,-0.012877799,0.04502453,0.10634492,0.10634014,0.21712928,0.00083275756,6.2380095e-05,0.00037345645,0,1,0,1
65808000,65686000,65728000,0,0.04,0.0,0.0,0.09,0.09,0.20250002,0.00791546,-0.011796855,0.05174932,0.106318764,0.10631408,0.21718165,2.3572322e-05,5.2360254e-05,0.0004932262,0,1,0,1
66208000,66090000,66128000,0,0.0,0.0,-0.01,0.09,0.09,0.20250002,0.05045649,-0.014118096,0.058508635,0.10629112,0.10628777,0.2171533,0.0009580696,7.501169e-05,0.0006305702,0,1,0,1
66608000,66490000,66528000,0,0.0,0.0,-0.01,0.09,0.09,0.20250002,0.040460486,-0.011521755,0.05764302,0.10626128,0.10625974,0.21712549,0.00061623607,4.9972205e-05,0.00061212847,0,1,0,1
67008000,66890000,66928000,0,0.0,0.01,0.01,0.09,0.09,0.20250002,0.03481763,-0.019049354,0.03879886,0.10623289,0.10623318,0.21717912,0.00045645644,0.00013663448,0.0002772553,0,1,0,1
67408000,67290000,67328000,0,0.0,0.0,0.02,0.09,0.09,0.20250002,0.033187557,-0.0074139964,0.028049953,0.10621074,0.1062119,0.21715301,0.00041480325,2.070101e-05,0.00014493005,0,1,0,1
67808000,67690000,67728000,0,0.02,0.0,0.049999997,0.09,0.09,0.20250002,0.013847496,-0.0065029114,-0.0074244775,0.106195234,0.10619688,0.21712776,7.2226656e-05,1.5928099e-05,1.01549185e-05,0,1,0,1
68208000,68086000,68128000,0,0.02,0.0,-0.02,0.09,0.09,0.20250002,0.01630494,-0.004677329,0.05684262,0.10618299,0.10618507,0.21718366,0.00010014827,8.241237e-06,0.00059508777,0,1,0,1
68608000,68490000,68528000,0,0.0,-0.02,0.02,0.09,0.09,0.20250002,0.034658574,0.01763612,0.010083783,0.10616915,0.10617122,0.21715963,0.00045256715,0.000117181575,1.8729574e-05,0,1,0,1
69008000,68890000,68928000,0,0.0,-0.04,-0.01,0.09,0.09,0.20250002,0.028926454,0.03477491,0.04364922,0.10615384,0.10615466,0.21713586,0.00031529326,0.00045567265,0.0003509792,0,1,0,1
69408000,69290000,69328000,0,0.0,-0.03,0.01,0.09,0.09,0.20250002,0.025887655,0.026166515,0.01891247,0.10614337,0.10614614,0.21719265,0.00025255303,0.00025801655,6.5873595e-05,0,1,0,1
69808000,69690000,69728000,0,0.0,0.0,0.089999996,0.09,0.09,0.20250002,0.023712449,0.0031734146,-0.06443937,0.106132746,0.10613965,0.217169,0.00021191583,3.7952113e-06,0.0007648297,0,1,0,1
70208000,70086000,70128000,0,0.01,0.0,0.06,0.09,0.09,0.20250002,0.011538984,0.013695877,-0.043654267,0.106131144,0.106140554,0.21714517,5.01825e-05,7.069006e-05,0.0003510453,0,1,0,1
70608000,70486000,70528000,0,0.02,-0.03,0.0,0.09,0.09,0.20250002,0.0013475511,0.0481343,0.002956055,0.106132165,0.10614016,0.21720162,6.843897e-07,0.0008731515,1.6092442e-06,0,1,0,1
71008000,70890000,70928000,0,0.03,0.0,0.01,0.09,0.09,0.20250002,-0.0073111597,0.019154426,-0.016729398,0.10612671,0.10613463,0.2171775,2.0146881e-05,0.00013827419,5.1547282e-05,0,1,0,1
71408000,71290000,71328000,0,0.049999997,0.0,0.04,0.09,0.09,0.20250002,-0.029599873,0.023267014,-0.04777111,0.106115535,0.10612479,0.21715292,0.0003302636,0.00020404429,0.0004203635,0,1,0,1
71808000,71690000,71728000,0,0.03,0.02,0.02,0.09,0.09,0.20250002,-0.012129402,0.0029841047,-0.03084867,0.10610955,0.10611952,0.21720839,5.5460565e-05,3.3565477e-06,0.00017524931,0,1,0,1
72208000,72090000,72128000,0,0.03,0.0,0.03,0.09,0.09,0.20250002,-0.022646984,0.023963803,-0.049649402,0.106109545,0.10612063,0.21718308,0.00019334203,0.000216457,0.0004540065,0,1,0,1
72608000,72486000,72528000,0,0.0,0.0,0.03,0.09,0.09,0.20250002,0.0006685371,0.020164032,-0.056360878,0.10610885,0.10611972,0.21715751,1.6848429e-07,0.0001532564,0.0005851142,0,1,0,1
73008000,72890000,72928000,0,0.0,0.02,-0.03,0.09,0.09,0.20250002,-0.00943228,-0.0011249781,0.0004889108,0.10610515,0.10611699,0.21721219,3.3539527e-05,4.770492e-07,4.401849e-08,0,1,0,1
73408000,73290000,73328000,0,0.01,0.02,0.0,0.09,0.09,0.20250002,-0.02044418,-0.0045689214,-0.027954318,0.106090605,0.10610021,0.21718612,0.00015758777,7.869935e-06,0.00014392151,0,1,0,1
73808000,73690000,73728000,0,0.0,0.02,-0.02,0.09,0.09,0.20250002,-0.008917978,-0.0070697684,-0.006784115,0.106079705,0.106086776,0.21715993,2.9988898e-05,1.8845561e-05,8.477479e-06,0,1,0,1
74008000,73890000,73928000,0,-0.02,0.0,0.01,0.09,0.09,0.20250002,0.010200581,0.010842559,-0.034593597,0.10450307,0.104506575,0.21629879,3.982729e-05,4.4996625e-05,0.00022130812,0,1,0,1
74408000,74290000,74328000,0,-0.03,0.0,0.04,0.09,0.09,0.20250002,0.019919476,0.002480771,-0.06801267,0.10486461,0.104864866,0.21649188,0.00015135153,2.3474877e-06,0.0008546692,0,1,0,1
74608000,74490000,74528000,0,0.0,0.0,0.02,0.09,0.09,0.20250002,-0.010918707,-0.0003361573,-0.043483276,0.103653304,0.103653625,0.21580231,4.6006502e-05,4.3607443e-08,0.00035046804,0,1,0,1
75008000,74886000,74928000,0,0.01,0.0,0.01,0.09,0.09,0.20250002,-0.0125146825,-0.0024458813,-0.045464516,0.10420605,0.10420804,0.21612398,6.0118306e-05,2.2963047e-06,0.0003825623,0,1,0,1
75208000,75090000,75128000,0,-0.01,0.01,0.01,0.09,0.09,0.20250002,0.011024406,-0.012274854,-0.04426296,0.10318924,0.10319154,0.21553268,4.7112484e-05,5.8404807e-05,0.00036360323,0,1,0,1
75608000,75486000,75528000,0,0.0,0.02,-0.049999997,0.09,0.09,0.20250002,0.0004608928,-0.022047576,0.012385704,0.103842676,0.10384551,0.21593131,8.1824616e-08,0.00018723798,2.841749e-05,0,1,0,1
76008000,75886000,75928000,0,-0.03,0.0,-0.04,0.09,0.09,0.20250002,0.03174002,-0.0011124798,0.005824521,0.104378924,0.10438103,0.21631801,0.00038606607,4.7426676e-07,6.27318e-06,0,1,0,1
76408000,76286000,76328000,0,0.0,0.0,0.0,0.09,0.09,0.20250002,-0.0026312193,-0.005193904,-0.023408696,0.1048057,0.10480616,0.21656989,2.6423431e-06,1.0295821e-05,0.00010120835,0,1,0,1
76808000,76686000,76728000,0,-0.01,0.01,-0.02,0.09,0.09,0.20250002,0.013366498,-0.017819304,0.0012114756,0.105142504,0.10514276,0.2167552,6.7969944e-05,0.00012079866,2.7084437e-07,0,1,0,1
77008000,76890000,76928000,0,0.01,0.0,0.01,0.09,0.09,0.20250002,-0.0073674135,-0.0052978224,-0.028329538,0.10387222,0.10387274,0.21602938,2.0902138e-05,1.0808196e-05,0.00014860251,0,1,0,1
77408000,77286000,77328000,0,0.02,0.0,0.0,0.09,0.09,0.20250002,-0.014967049,-0.009180005,-0.021868087,0.10439575,0.104398176,0.2163268,8.5832056e-05,3.2288874e-05,8.8424225e-05,0,1,0,1
77808000,77686000,77728000,0,0.02,0.0,0.0,0.09,0.09,0.20250002,-0.015582519,-0.010550309,-0.021283276,0.10481316,0.10481779,0.21662293,9.26658e-05,4.2477146e-05,8.364357e-05,0,1,0,1
78208000,78090000,78128000,0,0.03,0.01,0.02,0.09,0.09,0.20250002,-0.02867062,-0.022279672,-0.041452836,0.10513796,0.10514388,0.21678923,0.00031273367,0.00018883983,0.0003170522,0,1,0,1
78608000,78490000,78528000,0,0.04,0.01,-0.01,0.09,0.09,0.20250002,-0.04134899,-0.01891726,-0.01000618,0.10538368,0.10538784,0.21690194,0.0006489578,0.00013582697,1.8464312e-05,0,1,0,1
79008000,78890000,78928000,0,0.04,0.0,-0.04,0.09,0.09,0.20250002,-0.04648757,-0.011094775,0.021302223,0.10556626,0.10556494,0.21704832,0.0008188579,4.6642017e-05,8.362833e-05,0,1,0,1
79408000,79290000,79328000,0,0.03,-0.04,-0.06,0.09,0.09,0.20250002,-0.04435298,0.02736757,0.045829017,0.10569709,0.10568363,0.21708514,0.0007444621,0.0002834815,0.00038700004,0,1,0,1
79808000,79690000,79728000,0,0.0,-0.03,0.0,0.09,0.09,0.20250002,-0.022790695,0.011908809,-0.0063439757,0.10578549,0.10575974,0.21709622,0.00019640342,5.3638454e-05,7.415334e-06,0,1,0,1
80208000,80090000,80128000,0,0.02,-0.01,0.0,0.09,0.09,0.20250002,-0.05268899,-0.0036018398,0.0034849867,0.10583642,0.105809815,0.21716912,0.0010492152,4.9043656e-06,2.2369907e-06,0,1,0,1
80608000,80490000,80528000,0,0.01,-0.02,-0.03,0.09,0.09,0.20250002,-0.04164578,0.014907804,0.03474439,0.1058663,0.10584906,0.21715005,0.0006553062,8.3984734e-05,0.00022236655,0,1,0,1
81008000,80890000,80928000,0,0.01,-0.01,0.0,0.09,0.09,0.20250002,-0.044775292,0.007706734,0.0074675083,0.10588289,0.1058745,0.21712323,0.0007573752,2.2439302e-05,1.0273186e-05,0,1,0,1
81408000,81290000,81328000,0,0.01,0.0,-0.01,0.09,0.09,0.20250002,-0.045738563,6.710971e-05,0.021927493,0.10588987,0.10589397,0.21717322,0.0007902611,1.701216e-09,8.855879e-05,0,1,0,1
81808000,81690000,81728000,0,-0.02,0.01,0.0,0.09,0.09,0.20250002,-0.018840622,-0.005682394,0.012803957,0.10589477,0.10591327,0.21714084,0.00013408369,1.2194733e-05,3.0199995e-05,0,1,0,1
82208000,82090000,82128000,0,-0.049999997,0.02,-0.08,0.09,0.09,0.20250002,0.003724873,-0.012402183,0.09659427,0.10589666,0.10592671,0.21710867,5.2408373e-06,5.808324e-05,0.0017190382,0,1,0,1
82608000,82486000,82528000,0,-0.02,0.01,-0.01,0.09,0.09,0.20250002,-0.029243864,-0.003104223,0.032606162,0.10589125,0.10592134,0.21715863,0.00032304978,3.6390022e-06,0.00019583137,0,1,0,1
83008000,82890000,82928000,0,-0.04,0.01,0.02,0.09,0.09,0.20250002,0.00073377043,-0.0060376213,0.01047143,0.10588865,0.10591116,0.21712956,2.0339066e-07,1.376734e-05,2.0200077e-05,0,1,0,1
83408000,83290000,83328000,0,-0.03,0.0,0.02,0.09,0.09,0.20250002,-0.0034522098,0.0015806872,0.010903686,0.105894886,0.10591017,0.2171024,4.5017287e-06,9.436572e-07,2.1904942e-05,0,1,0,1
83808000,83690000,83728000,0,-0.02,0.01,-0.02,0.09,0.09,0.20250002,-0.0041600876,-0.011936038,0.050026994,0.1059031,0.10591017,0.21715763,6.5366658e-06,5.3807486e-05,0.00046099233,0,1,0,1
84208000,84090000,84128000,0,0.0,-0.01,0.01,0.09,0.09,0.20250002,-0.016438186,0.0070681674,0.020334383,0.1059101,0.10591079,0.21713857,0.00010205409,1.8868328e-05,7.617019e-05,0,1,0,1
84608000,84490000,84528000,0,-0.03,0.0,0.0,0.09,0.09,0.20250002,0.023329316,-0.0071793543,0.030309837,0.10591968,0.1059155,0.21711986,0.00020553573,1.9465755e-05,0.00016924959,0,1,0,1
84808000,84690000,84728000,0,0.0,0.0,-0.02,0.09,0.09,0.20250002,-0.0075748214,-0.007734745,0.04845476,0.10437626,0.10437067,0.21626468,2.1988877e-05,2.2928387e-05,0.0004342575,0,1,0,1
85208000,85090000,85128000,0,0.0,0.0,-0.02,0.09,0.09,0.20250002,-0.0014747075,-0.0070176143,0.05397339,0.104743,0.10473299,0.21646896,8.305136e-07,1.8808558e-05,0.0005382992,0,1,0,1
85408000,85290000,85328000,0,-0.01,0.0,-0.03,0.09,0.09,0.20250002,0.011000988,-0.005029106,0.06233462,0.10355665,0.10354577,0.21578401,4.67461e-05,9.77033e-06,0.0007202767,0,1,0,1
85808000,85690000,85728000,0,0.0,0.0,-0.01,0.09,0.09,0.20250002,0.006988043,-0.005287995,0.054458894,0.10410733,0.10409087,0.21611446,1.8762461e-05,1.074557e-05,0.000548926,0,1,0,1
86008000,85890000,85928000,0,-0.03,0.0,0.04,0.09,0.09,0.20250002,0.038912028,-0.003424567,0.0022295564,0.10311119,0.10309433,0.2155257,0.0005873837,4.5502634e-06,9.2256687e-07,0,1,0,1
86408000,86286000,86328000,0,0.0,0.0,0.03,0.09,0.09,0.20250002,0.014753806,-0.00029527524,0.01734977,0.10377515,0.103750005,0.21593148,8.390248e-05,3.361444e-08,5.576112e-05,0,1,0,1
86808000,86690000,86728000,0,-0.02,0.02,-0.07,0.09,0.09,0.20250002,0.041306257,-0.019612363,0.11135587,0.10433226,0.104303166,0.21626353,0.0006541436,0.00014751029,0.002293522,0,1,0,1
87208000,87090000,87128000,0,0.0,0.02,-0.04,0.09,0.09,0.20250002,0.022750655,-0.016044678,0.081937075,0.10477217,0.10474107,0.21658881,0.00019760677,9.831166e-05,0.001239895,0,1,0,1
87608000,87486000,87528000,0,0.0,0.0,0.01,0.09,0.09,0.20250002,0.025324102,0.0019616843,0.036598995,0.105109036,0.10508328,0.21678156,0.0002440552,1.4648213e-06,0.00024715875,0,1,0,1
88008000,87886000,87928000,0,0.0,-0.02,-0.03,0.09,0.09,0.20250002,0.026469972,0.0184058,0.07628152,0.10536619,0.1053479,0.21691534,0.0002659902,0.00012863037,0.0010730213,0,1,0,1
88408000,88290000,88328000,0,0.01,0.01,-0.01,0.09,0.09,0.20250002,0.0193214,-0.014780229,0.05741085,0.105553985,0.105537266,0.2170761,0.00014146941,8.279736e-05,0.0006073457,0,1,0,1
88808000,88690000,88728000,0,0.02,0.0,0.01,0.09,0.09,0.20250002,0.012212664,0.0028341194,0.04052209,0.10568721,0.1056669,0.21712373,5.6449277e-05,3.040586e-06,0.00030250766,0,1,0,1
89008000,88890000,88928000,0,0.01,0.02,-0.03,0.09,0.09,0.20250002,0.019651206,-0.017826471,0.0772831,0.10422992,0.10421568,0.21629101,0.00014819925,0.000121971316,0.0011045632,0,1,0,1
89408000,89290000,89328000,0,0.01,0.0,-0.02,0.09,0.09,0.20250002,0.017278627,0.004768063,0.07565084,0.10463246,0.10462156,0.2165105,0.000114133196,8.69206e-06,0.0010573252,0,1,0,1
89808000,89686000,89728000,0,0.01,0.0,-0.01,0.09,0.09,0.20250002,0.01481346,0.0006313127,0.070025675,0.10495448,0.1049488,0.21667567,8.3631916e-05,1.5190484e-07,0.00090524147,0,1,0,1
90008000,89890000,89928000,0,0.0,0.0,0.02,0.09,0.09,0.20250002,0.022205614,-0.00036360213,0.035545003,0.10370874,0.103705235,0.21594653,0.00019018234,5.0993187e-08,0.00023402965,0,1,0,1
90408000,90290000,90328000,0,-0.01,0.0,0.01,0.09,0.09,0.20250002,0.030977575,-0.000705091,0.05034364,0.10422583,0.10422301,0.21623895,0.00036828115,1.9080365e-07,0.00046882994,0,1,0,1
90808000,90690000,90728000,0,0.01,0.0,0.0,0.09,0.09,0.20250002,0.010692978,-0.0023899938,0.052797135,0.104655236,0.10465248,0.21647026,4.3701504e-05,2.1832527e-06,0.0005150892,0,1,0,1
91208000,91090000,91128000,0,0.0,-0.01,-0.03,0.09,0.09,0.20250002,0.024616655,0.0077819508,0.07934709,0.10499322,0.1049898,0.21671648,0.00023086432,2.3072245e-05,0.001162064,0,1,0,1
91608000,91490000,91528000,0,-0.02,0.0,0.089999996,0.09,0.09,0.20250002,0.04218044,0.00045129185,-0.04269623,0.10525063,0.10524866,0.21684282,0.0006761726,7.740311e-08,0.00033627453,0,1,0,1
92008000,91886000,91928000,0,-0.03,0.0,0.03,0.09,0.09,0.20250002,0.05150667,0.0040763826,0.0151167605,0.10545038,0.10544999,0.21692687,0.0010063262,6.3032326e-06,4.2137046e-05,0,1,0,1
92408000,92290000,92328000,0,-0.02,0.0,0.01,0.09,0.09,0.20250002,0.041178867,0.0028198704,0.023907105,0.10560082,0.10560074,0.21705456,0.0006423053,3.0119745e-06,0.00010532829,0,1,0,1
92808000,92690000,92728000,0,0.0,0.0,0.06,0.09,0.09,0.20250002,0.028091837,0.004419037,-0.028719418,0.10570463,0.10570215,0.21708305,0.00029862506,7.38978e-06,0.0001519796,0,1,0,1
93008000,92890000,92928000,0,-0.02,0.01,0.04,0.09,0.09,0.20250002,0.05052772,-0.0054856464,-0.00694675,0.104231164,0.10422813,0.2161802,0.0009797647,1.1548635e-05,8.929093e-06,0,1,0,1
93408000,93290000,93328000,0,0.0,0.0,-0.02,0.09,0.09,0.20250002,0.03546916,0.004710638,0.05060578,0.104636915,0.104631945,0.2164629,0.00048092444,8.483111e-06,0.00047323492,0,1,0,1
93808000,93690000,93728000,0,-0.02,0.0,0.0,0.09,0.09,0.20250002,0.06241742,0.005303506,0.02492984,0.10496354,0.10495772,0.21662949,0.001484681,1.0719429e-05,0.00011475759,0,1,0,1
94208000,94086000,94128000,0,0.0,0.0,0.08,0.09,0.09,0.20250002,0.04074103,0.0034209553,-0.05659612,0.1052162,0.105212,0.21675259,0.0006310175,4.4492776e-06,0.00059111096,0,1,0,1
94408000,94290000,94328000,0,0.0,0.02,0.0,0.09,0.09,0.20250002,0.03996309,-0.017635986,0.022029404,0.10389547,0.10389143,0.2159971,0.0006148674,0.000119751174,8.987058e-05,0,1,0,1
94808000,94690000,94728000,0,-0.02,0.0,0.04,0.09,0.09,0.20250002,0.06468389,0.0024262236,-0.02520506,0.1043807,0.10437545,0.21626706,0.0016033639,2.2559177e-06,0.00011750196,0,1,0,1
95008000,94890000,94928000,0,-0.02,0.01,-0.01,0.09,0.09,0.20250002,0.06004219,-0.0099063255,0.025016235,0.10329808,0.10329346,0.21563178,0.0013959851,3.8002516e-05,0.00011608901,0,1,0,1
95408000,95286000,95328000,0,-0.01,0.02,0.01,0.09,0.09,0.20250002,0.055209436,-0.023568243,0.0054803686,0.10390603,0.10389986,0.21599296,0.0011733994,0.00021384517,5.5621144e-06,0,1,0,1
95608000,95490000,95528000,0,0.0,0.01,0.0,0.09,0.09,0.20250002,0.04613333,-0.0113869915,0.015560575,0.10296107,0.1029549,0.2154294,0.0008268305,5.0376842e-05,4.4957927e-05,0,1,0,1
96008000,95890000,95928000,0,-0.01,0.0,0.049999997,0.09,0.09,0.20250002,0.06433073,-0.0057231337,-0.035382107,0.10364455,0.103641145,0.21584721,0.0015971673,1.2641411e-05,0.00023199624,0,1,0,1
96408000,96290000,96328000,0,0.01,0.01,0.04,0.09,0.09,0.20250002,0.046313338,-0.022019267,-0.031149328,0.10421654,0.10422002,0.21624674,0.0008232572,0.00018608637,0.00017947657,0,1,0,1
96808000,96690000,96728000,0,0.03,0.0,0.0,0.09,0.09,0.20250002,0.024412444,-0.009367179,0.00041090697,0.10467713,0.104686186,0.21650717,0.00022773547,3.3526507e-05,3.119426e-08,0,1,0,1
97208000,97090000,97128000,0,0.07,0.01,0.01,0.09,0.09,0.20250002,-0.018752154,-0.023064116,-0.016547935,0.10503301,0.105050355,0.21669737,0.00013391724,0.0002025518,5.0546834e-05,0,1,0,1
97408000,97290000,97328000,0,0.04,0.0,0.02,0.09,0.09,0.20250002,0.012730006,-0.011710022,-0.026288545,0.10378192,0.10379875,0.21597643,6.245907e-05,5.2842486e-05,0.00012799315,0,1,0,1
97808000,97690000,97728000,0,0.06,0.01,0.049999997,0.09,0.09,0.20250002,-0.023135222,-0.022010159,-0.06231702,0.10431072,0.10432482,0.21627438,0.00020524775,0.00018574567,0.0007182379,0,1,0,1
98208000,98090000,98128000,0,0.049999997,-0.02,0.02,0.09,0.09,0.20250002,-0.025278075,0.00764599,-0.037553046,0.10474199,0.104748614,0.21657051,0.00024402096,2.2324366e-05,0.00026046598,0,1,0,1
98608000,98490000,98528000,0,0.04,0.0,0.02,0.09,0.09,0.20250002,-0.030156393,-0.016998045,-0.044227567,0.1050843,0.10507604,0.21673672,0.00034616323,0.00010999027,0.00036100534,0,1,0,1
99008000,98886000,98928000,0,0.07,0.0,-0.02,0.09,0.09,0.20250002,-0.073897116,-0.012029114,-0.0040927716,0.105339944,0.10531743,0.21685317,0.0020735853,5.495751e-05,3.0897916e-06,0,1,0,1
99408000,99290000,99328000,0,0.06,0.02,0.0,0.09,0.09,0.20250002,-0.0606702,-0.037303727,0.15173247,0.1053984,0.105369724,0.21700361,0.0013969371,0.0005282611,0.004243753,0,1,0,1
99808000,99686000,99728000,0,0.13,-0.06,0.78,0.09,0.09,0.20250002,-0.031402744,-0.04657955,-0.0054289103,0.10514004,0.105293445,0.21704517,0.0003751691,0.00082423154,5.431693e-06,0,1,0,1
100008000,99890000,99928000,0,0.19999999,-0.12,0.78999996,0.09,0.09,0.20250002,-0.049299076,-0.026898973,0.002263248,0.10380319,0.10414372,0.21621612,0.0009365412,0.00027790625,9.476243e-07,0,1,0,1
100408000,100290000,100328000,0,0.29,-0.21,0.78,0.09,0.09,0.20250002,-0.05287847,-0.016821966,-0.0027251244,0.10432327,0.10523888,0.21643603,0.001072103,0.00010755665,1.3724707e-06,0,1,0,1
100808000,100686000,100728000,0,0.35999998,-0.32,0.83,0.09,0.09,0.20250002,-0.0500634,0.02519384,-0.07115567,0.104788326,0.10628323,0.2166049,0.0009567265,0.00023888229,0.0009349981,0,1,0,1
101008000,100890000,100928000,0,0.38,-0.35,0.78,0.09,0.09,0.20250002,-0.034573585,0.018382072,-0.025371432,0.103633024,0.10512745,0.21588464,0.00046137138,0.00012856798,0.00011926917,0,1,0,1
101408000,101286000,101328000,0,0.45,-0.42,0.75,0.09,0.09,0.20250002,-0.05279222,0.028878897,-0.020605922,0.10430867,0.1061866,0.2161841,0.0010687582,0.00031416042,7.856341e-05,0,1,0,1
101808000,101690000,101728000,0,0.48,-0.44,0.76,0.09,0.09,0.20250002,-0.037701547,-0.0057356656,-0.04240477,0.10489179,0.10695486,0.21649075,0.00054204685,1.2303456e-05,0.0003322386,0,1,0,1
102208000,102090000,102128000,0,0.55,-0.48999998,0.75,0.09,0.09,0.20250002,-0.06958452,0.00026607513,-0.041301668,0.10537911,0.10744633,0.21667579,0.0018379373,2.6355847e-08,0.00031490877,0,1,0,1
102608000,102490000,102528000,0,0.0,0.01,-0.03,0.09,0.09,0.20250002,-0.13993849,-0.027869979,0.05485741,0.11037773,0.10713887,0.21556537,0.0070966417,0.0002899921,0.0005584079,0,1,0,1
103008000,102890000,102928000,0,0.0,-0.01,0.03,0.09,0.09,0.20250002,-0.11995989,-0.013394617,-0.010460548,0.11143847,0.11011417,0.21410331,0.005165317,6.517445e-05,2.044304e-05,0,1,0,1
103408000,103290000,103328000,0,0.01,0.02,-0.049999997,0.09,0.09,0.20250002,-0.109511904,-0.054533556,0.064016424,0.11439061,0.11516303,0.21311931,0.0041936506,0.0010329387,0.00076916587,0,1,0,1
103808000,103690000,103728000,0,-0.01,0.0,0.0,0.09,0.09,0.20250002,-0.063719966,-0.032042477,0.0071356744,0.11809754,0.12064022,0.21249893,0.0013752137,0.0003404239,9.584584e-06,0,1,0,1
104208000,104090000,104128000,0,0.0,0.0,0.07,0.09,0.09,0.20250002,-0.053284097,-0.031681597,-0.06467335,0.12110909,0.12451712,0.21223456,0.0009377314,0.00032243715,0.00078830565,0,1,0,1
104608000,104490000,104528000,0,0.0,0.01,0.0,0.09,0.09,0.20250002,-0.036711704,-0.04295644,0.006118603,0.12274018,0.12613578,0.21226129,0.00043922022,0.00058516493,7.054947e-06,0,1,0,1
105008000,104886000,104928000,0,-0.01,0.0,0.01,0.09,0.09,0.20250002,-0.012436872,-0.026373284,-0.005200224,0.122996725,0.12588166,0.21256156,5.0302413e-05,0.00022101715,5.0888466e-06,0,1,0,1
105208000,105090000,105128000,0,-0.01,0.0,-0.049999997,0.09,0.09,0.20250002,-0.006756006,-0.023029668,0.052656643,0.11763372,0.11948474,0.21227515,1.5520587e-05,0.00017755092,0.000522477,0,1,0,1
105608000,105486000,105528000,0,-0.02,0.01,0.01,0.09,0.09,0.20250002,0.006038691,-0.035756238,-0.011494311,0.11815302,0.11970498,0.21290785,1.2345275e-05,0.00042721984,2.4821853e-05,0,1,0,1
105808000,105690000,105728000,0,0.0,-0.01,0.02,0.09,0.09,0.20250002,-0.013043628,-0.0104192365,-0.020967279,0.11420393,0.11523478,0.21275385,5.9590326e-05,3.768324e-05,8.265454e-05,0,1,0,1
106208000,106090000,106128000,0,-0.02,0.0,0.02,0.09,0.09,0.20250002,0.008812757,-0.026620038,-0.018999334,0.11469057,0.11552829,0.21356997,2.7086688e-05,0.00024535164,6.760777e-05,0,1,0,1
106608000,106490000,106528000,0,0.0,0.0,-0.03,0.09,0.09,0.20250002,-0.014537479,-0.025776887,0.028161919,0.11454223,0.11517389,0.21435195,7.380275e-05,0.00023076337,0.00014799839,0,1,0,1
