timestamp,id,event_sequence,arguments[0],arguments[1],arguments[2],arguments[3],arguments[4],arguments[5],arguments[6],arguments[7],arguments[8],arguments[9],arguments[10],arguments[11],arguments[12],arguments[13],arguments[14],arguments[15],arguments[16],arguments[17],arguments[18],arguments[19],arguments[20],arguments[21],arguments[22],arguments[23],arguments[24],log_levels
356000,17980399,65526,231,7,8,8,7,58,20,0,0,0,0,0,0,0,0,0,0,0,0,0,0,0,0,0,0,102
2080000,27825120,65527,0,0,0,16,0,128,0,0,0,192,43,129,255,192,43,129,255,0,0,0,0,0,0,0,0,136
2080000,27227279,65528,62,208,126,0,20,0,0,0,0,0,0,0,0,0,0,0,0,0,0,0,0,0,0,0,0,34
2080000,30612409,65529,60,0,126,0,20,0,0,0,0,0,0,0,0,0,0,0,0,0,0,0,0,0,0,0,0,51
2080000,26788467,65530,56,0,0,0,20,0,0,0,0,0,0,0,0,0,0,0,0,0,0,0,0,0,0,0,0,51
2080000,19865031,65531,0,64,0,0,20,0,0,0,0,0,0,0,0,0,0,0,0,0,0,0,0,0,0,0,0,51
2080000,17231145,65532,255,255,255,255,7,0,0,0,0,0,0,0,0,0,0,0,0,0,0,0,0,0,0,0,0,68
2080000,23579003,65533,255,255,255,255,12,0,0,0,0,0,0,0,0,0,0,0,0,0,0,0,0,0,0,0,0,102
2080000,18691879,65534,0,2,9,2,40,0,0,0,0,0,0,0,0,0,0,0,0,0,0,0,0,0,0,0,0,136
4144000,27825120,65535,0,0,0,16,0,128,0,0,0,192,43,129,255,192,43,129,255,0,0,0,0,0,0,0,0,136
4144000,27227279,0,62,208,126,0,20,0,0,0,0,0,0,0,0,0,0,0,0,0,0,0,0,0,0,0,0,34
4144000,30612409,1,60,0,126,0,20,0,0,0,0,0,0,0,0,0,0,0,0,0,0,0,0,0,0,0,0,51
4144000,26788467,2,56,0,0,0,20,0,0,0,0,0,0,0,0,0,0,0,0,0,0,0,0,0,0,0,0,51
4144000,19865031,3,0,64,0,0,20,0,0,0,0,0,0,0,0,0,0,0,0,0,0,0,0,0,0,0,0,51
4144000,17231145,4,255,255,255,255,7,0,0,0,0,0,0,0,0,0,0,0,0,0,0,0,0,0,0,0,0,68
4144000,18691879,5,0,2,25,2,40,0,0,0,0,0,0,0,0,0,0,0,0,0,0,0,0,0,0,0,0,136
6628000,27825120,6,0,0,0,16,0,128,0,0,0,192,59,129,255,192,59,129,255,0,0,0,0,0,0,0,0,136
6628000,30612409,7,60,0,126,0,20,0,0,0,0,0,0,0,0,0,0,0,0,0,0,0,0,0,0,0,0,51
6628000,26788467,8,56,0,0,0,20,0,0,0,0,0,0,0,0,0,0,0,0,0,0,0,0,0,0,0,0,51
6628000,19865031,9,0,64,0,0,20,0,0,0,0,0,0,0,0,0,0,0,0,0,0,0,0,0,0,0,0,51
6628000,17231145,10,255,255,255,255,7,0,0,0,0,0,0,0,0,0,0,0,0,0,0,0,0,0,0,0,0,68
6628000,18691879,11,0,2,25,2,40,0,0,0,0,0,0,0,0,0,0,0,0,0,0,0,0,0,0,0,0,136
8680000,27825120,12,0,0,0,16,0,128,0,0,0,248,59,255,255,248,59,255,255,0,0,0,0,0,0,0,0,136
8680000,19865031,13,0,64,0,0,20,0,0,0,0,0,0,0,0,0,0,0,0,0,0,0,0,0,0,0,0,51
8680000,17231145,14,255,255,255,255,7,0,0,0,0,0,0,0,0,0,0,0,0,0,0,0,0,0,0,0,0,68
8680000,18691879,15,0,10,25,2,40,0,0,0,0,0,0,0,0,0,0,0,0,0,0,0,0,0,0,0,0,136
16340000,32060428,16,0,0,0,0,0,0,0,0,0,0,0,0,0,0,0,0,0,0,0,0,0,0,0,0,0,68
16340000,32060428,17,0,0,0,0,0,0,0,0,0,0,0,0,0,0,0,0,0,0,0,0,0,0,0,0,0,68
23632000,27825120,18,0,0,0,0,0,128,0,0,0,248,123,255,255,248,123,255,255,0,0,0,0,0,0,0,0,136
23632000,17231145,19,255,255,255,255,7,0,0,0,0,0,0,0,0,0,0,0,0,0,0,0,0,0,0,0,0,68
23632000,18691879,20,0,10,25,2,40,0,0,0,0,0,0,0,0,0,0,0,0,0,0,0,0,0,0,0,0,136
38488000,26266355,21,4,0,0,0,0,0,0,0,0,0,0,0,0,0,0,0,0,0,0,0,0,0,0,0,0,102
40276000,21054825,22,0,0,0,0,0,0,0,0,0,0,0,0,0,0,0,0,0,0,0,0,0,0,0,0,0,102
99220000,27825120,23,0,0,0,16,0,128,0,0,0,248,59,255,255,248,59,255,255,0,0,0,0,0,0,0,0,136
99220000,19865031,24,0,64,0,0,20,0,0,0,0,0,0,0,0,0,0,0,0,0,0,0,0,0,0,0,0,51
99220000,17231145,25,255,255,255,255,7,0,0,0,0,0,0,0,0,0,0,0,0,0,0,0,0,0,0,0,0,68
99220000,18691879,26,0,10,25,2,40,0,0,0,0,0,0,0,0,0,0,0,0,0,0,0,0,0,0,0,0,136
99232000,31382480,27,0,0,6,0,2,0,0,0,0,0,0,0,0,0,0,0,0,0,0,0,0,0,0,0,0,66
103876000,26622124,28,0,0,0,0,0,0,0,0,0,0,0,0,0,0,0,0,0,0,0,0,0,0,0,0,0,102
105880000,32794487,29,6,0,0,0,0,0,0,0,0,0,0,0,0,0,0,0,0,0,0,0,0,0,0,0,0,102
