timestamp,mode_req_angular_velocity,mode_req_attitude,mode_req_local_alt,mode_req_local_position,mode_req_local_position_relaxed,mode_req_global_position,mode_req_mission,mode_req_offboard_signal,mode_req_home_position,mode_req_wind_and_flight_time_compliance,mode_req_prevent_arming,mode_req_manual_control,mode_req_other,angular_velocity_invalid,attitude_invalid,local_altitude_invalid,local_position_invalid,local_position_invalid_relaxed,local_velocity_invalid,global_position_invalid,auto_mission_missing,offboard_control_signal_lost,home_position_invalid,manual_control_signal_lost,gcs_connection_lost,battery_warning,battery_low_remaining_time,battery_unhealthy,primary_geofence_breached,mission_failure,vtol_fixed_wing_system_failure,wind_limit_exceeded,flight_time_limit_exceeded,local_position_accuracy_low,fd_critical_failure,fd_esc_arming_failure,fd_imbalanced_prop,fd_motor_failure
352000,8311870,8310846,8261694,8257592,4,56,8,16384,32,2621464,3944480,33799,0,0,1,1,1,1,1,1,1,1,1,1,1,0,0,0,0,0,0,0,0,0,0,0,0,0
676000,8311870,8310846,8261694,8257592,4,56,8,16384,32,2621464,3944480,33799,0,0,1,1,1,1,1,1,1,1,0,1,1,0,0,0,0,0,0,0,0,0,0,0,0,0
784000,8311870,8310846,8261694,8257592,4,56,8,16384,32,2621464,3944480,33799,0,0,1,1,1,1,1,1,0,1,0,1,1,0,0,0,0,0,0,0,0,0,0,0,0,0
1108000,8311870,8310846,8261694,8257592,4,56,8,16384,32,2621464,3944480,33799,0,0,1,1,1,1,1,1,0,1,0,1,1,0,0,0,0,0,0,0,0,0,0,0,0,0
1648000,8311870,8310846,8261694,8257592,4,56,8,16384,32,2621464,3944480,33799,0,0,1,1,1,1,1,1,0,1,0,1,1,0,0,0,0,0,0,0,0,0,0,0,0,0
1972000,8311870,8310846,8261694,8257592,4,56,8,16384,32,2621464,3944480,33799,0,0,1,0,1,1,1,1,0,1,0,1,1,0,0,0,0,0,0,0,0,0,0,0,0,0
2512000,8311870,8310846,8261694,8257592,4,56,8,16384,32,2621464,3944480,33799,0,0,1,0,1,1,1,1,0,1,0,1,1,0,0,0,0,0,0,0,0,0,0,0,0,0
2524000,8311870,8310846,8261694,8257592,4,56,8,16384,32,2621464,3944480,33799,0,0,1,0,1,1,1,1,0,1,0,1,0,0,0,0,0,0,0,0,0,0,0,0,0,0
3064000,8311870,8310846,8261694,8257592,4,56,8,16384,32,2621464,3944480,33799,0,0,1,0,1,1,1,1,0,1,0,1,0,0,0,0,0,0,0,0,0,0,0,0,0,0
3604000,8311870,8310846,8261694,8257592,4,56,8,16384,32,2621464,3944480,33799,0,0,1,0,1,1,1,1,0,1,0,1,0,0,0,0,0,0,0,0,0,0,0,0,0,0
4144000,8311870,8310846,8261694,8257592,4,56,8,16384,32,2621464,3944480,33799,0,0,1,0,1,1,1,1,0,1,0,1,0,0,0,0,0,0,0,0,0,0,0,0,0,0
4684000,8311870,8310846,8261694,8257592,4,56,8,16384,32,2621464,3944480,33799,0,0,1,0,1,1,1,1,0,1,0,1,0,0,0,0,0,0,0,0,0,0,0,0,0,0
5224000,8311870,8310846,8261694,8257592,4,56,8,16384,32,2621464,3944480,33799,0,0,1,0,1,1,1,1,0,1,0,1,0,0,0,0,0,0,0,0,0,0,0,0,0,0
5764000,8311870,8310846,8261694,8257592,4,56,8,16384,32,2621464,3944480,33799,0,0,1,0,1,1,1,1,0,1,0,1,0,0,0,0,0,0,0,0,0,0,0,0,0,0
6304000,8311870,8310846,8261694,8257592,4,56,8,16384,32,2621464,3944480,33799,0,0,1,0,1,1,1,1,0,1,0,1,0,0,0,0,0,0,0,0,0,0,0,0,0,0
6628000,8311870,8310846,8261694,8257592,4,56,8,16384,32,2621464,3944480,33799,0,0,0,0,1,1,1,1,0,1,0,1,0,0,0,0,0,0,0,0,0,0,0,0,0,0
6844000,8311870,8310846,8261694,8257592,4,56,8,16384,32,2621464,3944480,33799,0,0,0,0,1,1,1,1,0,1,0,1,0,0,0,0,0,0,0,0,0,0,0,0,0,0
7384000,8311870,8310846,8261694,8257592,4,56,8,16384,32,2621464,3944480,33799,0,0,0,0,1,1,1,1,0,1,0,1,0,0,0,0,0,0,0,0,0,0,0,0,0,0
7816000,8311870,8310846,8261694,8257592,4,56,8,16384,32,2621464,3944480,33799,0,0,0,0,0,0,0,0,0,1,0,1,0,0,0,0,0,0,0,0,0,0,0,0,0,0
8356000,8311870,8310846,8261694,8257592,4,56,8,16384,32,2621464,3944480,33799,0,0,0,0,0,0,0,0,0,1,0,1,0,0,0,0,0,0,0,0,0,0,0,0,0,0
8896000,8311870,8310846,8261694,8257592,4,56,8,16384,32,2621464,3944480,33799,0,0,0,0,0,0,0,0,0,1,0,1,0,0,0,0,0,0,0,0,0,0,0,0,0,0
9436000,8311870,8310846,8261694,8257592,4,56,8,16384,32,2621464,3944480,33799,0,0,0,0,0,0,0,0,0,1,0,1,0,0,0,0,0,0,0,0,0,0,0,0,0,0
9976000,8311870,8310846,8261694,8257592,4,56,8,16384,32,2621464,3944480,33799,0,0,0,0,0,0,0,0,0,1,0,1,0,0,0,0,0,0,0,0,0,0,0,0,0,0
10516000,8311870,8310846,8261694,8257592,4,56,8,16384,32,2621464,3944480,33799,0,0,0,0,0,0,0,0,0,1,0,1,0,0,0,0,0,0,0,0,0,0,0,0,0,0
11056000,8311870,8310846,8261694,8257592,4,56,8,16384,32,2621464,3944480,33799,0,0,0,0,0,0,0,0,0,1,0,1,0,0,0,0,0,0,0,0,0,0,0,0,0,0
11596000,8311870,8310846,8261694,8257592,4,56,8,16384,32,2621464,3944480,33799,0,0,0,0,0,0,0,0,0,1,0,1,0,0,0,0,0,0,0,0,0,0,0,0,0,0
12136000,8311870,8310846,8261694,8257592,4,56,8,16384,32,2621464,3944480,33799,0,0,0,0,0,0,0,0,0,1,0,1,0,0,0,0,0,0,0,0,0,0,0,0,0,0
12676000,8311870,8310846,8261694,8257592,4,56,8,16384,32,2621464,3944480,33799,0,0,0,0,0,0,0,0,0,1,0,1,0,0,0,0,0,0,0,0,0,0,0,0,0,0
13216000,8311870,8310846,8261694,8257592,4,56,8,16384,32,2621464,3944480,33799,0,0,0,0,0,0,0,0,0,1,0,1,0,0,0,0,0,0,0,0,0,0,0,0,0,0
13756000,8311870,8310846,8261694,8257592,4,56,8,16384,32,2621464,3944480,33799,0,0,0,0,0,0,0,0,0,1,0,1,0,0,0,0,0,0,0,0,0,0,0,0,0,0
14296000,8311870,8310846,8261694,8257592,4,56,8,16384,32,2621464,3944480,33799,0,0,0,0,0,0,0,0,0,1,0,1,0,0,0,0,0,0,0,0,0,0,0,0,0,0
14836000,8311870,8310846,8261694,8257592,4,56,8,16384,32,2621464,3944480,33799,0,0,0,0,0,0,0,0,0,1,0,1,0,0,0,0,0,0,0,0,0,0,0,0,0,0
15376000,8311870,8310846,8261694,8257592,4,56,8,16384,32,2621464,3944480,33799,0,0,0,0,0,0,0,0,0,1,0,1,0,0,0,0,0,0,0,0,0,0,0,0,0,0
15916000,8311870,8310846,8261694,8257592,4,56,8,16384,32,2621464,3944480,33799,0,0,0,0,0,0,0,0,0,1,0,1,0,0,0,0,0,0,0,0,0,0,0,0,0,0
16456000,8311870,8310846,8261694,8257592,4,56,8,16384,32,2621464,3944480,33799,0,0,0,0,0,0,0,0,0,1,0,1,0,0,0,0,0,0,0,0,0,0,0,0,0,0
16996000,8311870,8310846,8261694,8257592,4,56,8,16384,32,2621464,3944480,33799,0,0,0,0,0,0,0,0,0,1,0,1,0,0,0,0,0,0,0,0,0,0,0,0,0,0
17536000,8311870,8310846,8261694,8257592,4,56,8,16384,32,2621464,3944480,33799,0,0,0,0,0,0,0,0,0,1,0,1,0,0,0,0,0,0,0,0,0,0,0,0,0,0
18076000,8311870,8310846,8261694,8257592,4,56,8,16384,32,2621464,3944480,33799,0,0,0,0,0,0,0,0,0,1,0,1,0,0,0,0,0,0,0,0,0,0,0,0,0,0
18616000,8311870,8310846,8261694,8257592,4,56,8,16384,32,2621464,3944480,33799,0,0,0,0,0,0,0,0,0,1,0,1,0,0,0,0,0,0,0,0,0,0,0,0,0,0
19156000,8311870,8310846,8261694,8257592,4,56,8,16384,32,2621464,3944480,33799,0,0,0,0,0,0,0,0,0,1,0,1,0,0,0,0,0,0,0,0,0,0,0,0,0,0
19696000,8311870,8310846,8261694,8257592,4,56,8,16384,32,2621464,3944480,33799,0,0,0,0,0,0,0,0,0,1,0,1,0,0,0,0,0,0,0,0,0,0,0,0,0,0
20236000,8311870,8310846,8261694,8257592,4,56,8,16384,32,2621464,3944480,33799,0,0,0,0,0,0,0,0,0,1,0,1,0,0,0,0,0,0,0,0,0,0,0,0,0,0
20776000,8311870,8310846,8261694,8257592,4,56,8,16384,32,2621464,3944480,33799,0,0,0,0,0,0,0,0,0,1,0,1,0,0,0,0,0,0,0,0,0,0,0,0,0,0
21316000,8311870,8310846,8261694,8257592,4,56,8,16384,32,2621464,3944480,33799,0,0,0,0,0,0,0,0,0,1,0,1,0,0,0,0,0,0,0,0,0,0,0,0,0,0
21856000,8311870,8310846,8261694,8257592,4,56,8,16384,32,2621464,3944480,33799,0,0,0,0,0,0,0,0,0,1,0,1,0,0,0,0,0,0,0,0,0,0,0,0,0,0
22396000,8311870,8310846,8261694,8257592,4,56,8,16384,32,2621464,3944480,33799,0,0,0,0,0,0,0,0,0,1,0,1,0,0,0,0,0,0,0,0,0,0,0,0,0,0
22936000,8311870,8310846,8261694,8257592,4,56,8,16384,32,2621464,3944480,33799,0,0,0,0,0,0,0,0,0,1,0,1,0,0,0,0,0,0,0,0,0,0,0,0,0,0
23476000,8311870,8310846,8261694,8257592,4,56,8,16384,32,2621464,3944480,33799,0,0,0,0,0,0,0,0,0,1,0,1,0,0,0,0,0,0,0,0,0,0,0,0,0,0
23632000,8311870,8310846,8261694,8257592,4,56,8,16384,32,2621464,3944480,33799,0,0,0,0,0,0,0,0,0,0,0,1,0,0,0,0,0,0,0,0,0,0,0,0,0,0
24172000,8311870,8310846,8261694,8257592,4,56,8,16384,32,2621464,3944480,33799,0,0,0,0,0,0,0,0,0,0,0,1,0,0,0,0,0,0,0,0,0,0,0,0,0,0
24712000,8311870,8310846,8261694,8257592,4,56,8,16384,32,2621464,3944480,33799,0,0,0,0,0,0,0,0,0,0,0,1,0,0,0,0,0,0,0,0,0,0,0,0,0,0
25252000,8311870,8310846,8261694,8257592,4,56,8,16384,32,2621464,3944480,33799,0,0,0,0,0,0,0,0,0,0,0,1,0,0,0,0,0,0,0,0,0,0,0,0,0,0
25792000,8311870,8310846,8261694,8257592,4,56,8,16384,32,2621464,3944480,33799,0,0,0,0,0,0,0,0,0,0,0,1,0,0,0,0,0,0,0,0,0,0,0,0,0,0
26332000,8311870,8310846,8261694,8257592,4,56,8,16384,32,2621464,3944480,33799,0,0,0,0,0,0,0,0,0,0,0,1,0,0,0,0,0,0,0,0,0,0,0,0,0,0
26872000,8311870,8310846,8261694,8257592,4,56,8,16384,32,2621464,3944480,33799,0,0,0,0,0,0,0,0,0,0,0,1,0,0,0,0,0,0,0,0,0,0,0,0,0,0
27412000,8311870,8310846,8261694,8257592,4,56,8,16384,32,2621464,3944480,33799,0,0,0,0,0,0,0,0,0,0,0,1,0,0,0,0,0,0,0,0,0,0,0,0,0,0
27952000,8311870,8310846,8261694,8257592,4,56,8,16384,32,2621464,3944480,33799,0,0,0,0,0,0,0,0,0,0,0,1,0,0,0,0,0,0,0,0,0,0,0,0,0,0
28492000,8311870,8310846,8261694,8257592,4,56,8,16384,32,2621464,3944480,33799,0,0,0,0,0,0,0,0,0,0,0,1,0,0,0,0,0,0,0,0,0,0,0,0,0,0
29032000,8311870,8310846,8261694,8257592,4,56,8,16384,32,2621464,3944480,33799,0,0,0,0,0,0,0,0,0,0,0,1,0,0,0,0,0,0,0,0,0,0,0,0,0,0
29572000,8311870,8310846,8261694,8257592,4,56,8,16384,32,2621464,3944480,33799,0,0,0,0,0,0,0,0,0,0,0,1,0,0,0,0,0,0,0,0,0,0,0,0,0,0
30112000,8311870,8310846,8261694,8257592,4,56,8,16384,32,2621464,3944480,33799,0,0,0,0,0,0,0,0,0,0,0,1,0,0,0,0,0,0,0,0,0,0,0,0,0,0
30652000,8311870,8310846,8261694,8257592,4,56,8,16384,32,2621464,3944480,33799,0,0,0,0,0,0,0,0,0,0,0,1,0,0,0,0,0,0,0,0,0,0,0,0,0,0
31192000,8311870,8310846,8261694,8257592,4,56,8,16384,32,2621464,3944480,33799,0,0,0,0,0,0,0,0,0,0,0,1,0,0,0,0,0,0,0,0,0,0,0,0,0,0
31732000,8311870,8310846,8261694,8257592,4,56,8,16384,32,2621464,3944480,33799,0,0,0,0,0,0,0,0,0,0,0,1,0,0,0,0,0,0,0,0,0,0,0,0,0,0
32272000,8311870,8310846,8261694,8257592,4,56,8,16384,32,2621464,3944480,33799,0,0,0,0,0,0,0,0,0,0,0,1,0,0,0,0,0,0,0,0,0,0,0,0,0,0
32812000,8311870,8310846,8261694,8257592,4,56,8,16384,32,2621464,3944480,33799,0,0,0,0,0,0,0,0,0,0,0,1,0,0,0,0,0,0,0,0,0,0,0,0,0,0
33352000,8311870,8310846,8261694,8257592,4,56,8,16384,32,2621464,3944480,33799,0,0,0,0,0,0,0,0,0,0,0,1,0,0,0,0,0,0,0,0,0,0,0,0,0,0
33880000,8311870,8310846,8261694,8257592,4,56,8,16384,32,2621464,3944480,33799,0,0,0,0,0,0,0,0,0,0,0,1,0,0,0,0,0,0,0,0,0,0,0,0,0,0
34420000,8311870,8310846,8261694,8257592,4,56,8,16384,32,2621464,3944480,33799,0,0,0,0,0,0,0,0,0,0,0,1,0,0,0,0,0,0,0,0,0,0,0,0,0,0
34960000,8311870,8310846,8261694,8257592,4,56,8,16384,32,2621464,3944480,33799,0,0,0,0,0,0,0,0,0,0,0,1,0,0,0,0,0,0,0,0,0,0,0,0,0,0
35500000,8311870,8310846,8261694,8257592,4,56,8,16384,32,2621464,3944480,33799,0,0,0,0,0,0,0,0,0,0,0,1,0,0,0,0,0,0,0,0,0,0,0,0,0,0
36040000,8311870,8310846,8261694,8257592,4,56,8,16384,32,2621464,3944480,33799,0,0,0,0,0,0,0,0,0,0,0,1,0,0,0,0,0,0,0,0,0,0,0,0,0,0
36580000,8311870,8310846,8261694,8257592,4,56,8,16384,32,2621464,3944480,33799,0,0,0,0,0,0,0,0,0,0,0,1,0,0,0,0,0,0,0,0,0,0,0,0,0,0
37120000,8311870,8310846,8261694,8257592,4,56,8,16384,32,2621464,3944480,33799,0,0,0,0,0,0,0,0,0,0,0,1,0,0,0,0,0,0,0,0,0,0,0,0,0,0
37660000,8311870,8310846,8261694,8257592,4,56,8,16384,32,2621464,3944480,33799,0,0,0,0,0,0,0,0,0,0,0,1,0,0,0,0,0,0,0,0,0,0,0,0,0,0
38200000,8311870,8310846,8261694,8257592,4,56,8,16384,32,2621464,3944480,33799,0,0,0,0,0,0,0,0,0,0,0,1,0,0,0,0,0,0,0,0,0,0,0,0,0,0
38740000,8311870,8310846,8261694,8257592,4,56,8,16384,32,2621464,3944480,33799,0,0,0,0,0,0,0,0,0,0,0,1,0,0,0,0,0,0,0,0,0,0,0,0,0,0
39280000,8311870,8310846,8261694,8257592,4,56,8,16384,32,2621464,3944480,33799,0,0,0,0,0,0,0,0,0,0,0,1,0,0,0,0,0,0,0,0,0,0,0,0,0,0
39820000,8311870,8310846,8261694,8257592,4,56,8,16384,32,2621464,3944480,33799,0,0,0,0,0,0,0,0,0,0,0,1,0,0,0,0,0,0,0,0,0,0,0,0,0,0
40360000,8311870,8310846,8261694,8257592,4,56,8,16384,32,2621464,3944480,33799,0,0,0,0,0,0,0,0,0,0,0,1,0,0,0,0,0,0,0,0,0,0,0,0,0,0
40900000,8311870,8310846,8261694,8257592,4,56,8,16384,32,2621464,3944480,33799,0,0,0,0,0,0,0,0,0,0,0,1,0,0,0,0,0,0,0,0,0,0,0,0,0,0
41440000,8311870,8310846,8261694,8257592,4,56,8,16384,32,2621464,3944480,33799,0,0,0,0,0,0,0,0,0,0,0,1,0,0,0,0,0,0,0,0,0,0,0,0,0,0
41980000,8311870,8310846,8261694,8257592,4,56,8,16384,32,2621464,3944480,33799,0,0,0,0,0,0,0,0,0,0,0,1,0,0,0,0,0,0,0,0,0,0,0,0,0,0
42520000,8311870,8310846,8261694,8257592,4,56,8,16384,32,2621464,3944480,33799,0,0,0,0,0,0,0,0,0,0,0,1,0,0,0,0,0,0,0,0,0,0,0,0,0,0
43060000,8311870,8310846,8261694,8257592,4,56,8,16384,32,2621464,3944480,33799,0,0,0,0,0,0,0,0,0,0,0,1,0,0,0,0,0,0,0,0,0,0,0,0,0,0
43600000,8311870,8310846,8261694,8257592,4,56,8,16384,32,2621464,3944480,33799,0,0,0,0,0,0,0,0,0,0,0,1,0,0,0,0,0,0,0,0,0,0,0,0,0,0
44140000,8311870,8310846,8261694,8257592,4,56,8,16384,32,2621464,3944480,33799,0,0,0,0,0,0,0,0,0,0,0,1,0,0,0,0,0,0,0,0,0,0,0,0,0,0
44680000,8311870,8310846,8261694,8257592,4,56,8,16384,32,2621464,3944480,33799,0,0,0,0,0,0,0,0,0,0,0,1,0,0,0,0,0,0,0,0,0,0,0,0,0,0
45220000,8311870,8310846,8261694,8257592,4,56,8,16384,32,2621464,3944480,33799,0,0,0,0,0,0,0,0,0,0,0,1,0,0,0,0,0,0,0,0,0,0,0,0,0,0
45760000,8311870,8310846,8261694,8257592,4,56,8,16384,32,2621464,3944480,33799,0,0,0,0,0,0,0,0,0,0,0,1,0,0,0,0,0,0,0,0,0,0,0,0,0,0
46300000,8311870,8310846,8261694,8257592,4,56,8,16384,32,2621464,3944480,33799,0,0,0,0,0,0,0,0,0,0,0,1,0,0,0,0,0,0,0,0,0,0,0,0,0,0
46840000,8311870,8310846,8261694,8257592,4,56,8,16384,32,2621464,3944480,33799,0,0,0,0,0,0,0,0,0,0,0,1,0,0,0,0,0,0,0,0,0,0,0,0,0,0
47380000,8311870,8310846,8261694,8257592,4,56,8,16384,32,2621464,3944480,33799,0,0,0,0,0,0,0,0,0,0,0,1,0,0,0,0,0,0,0,0,0,0,0,0,0,0
47920000,8311870,8310846,8261694,8257592,4,56,8,16384,32,2621464,3944480,33799,0,0,0,0,0,0,0,0,0,0,0,1,0,0,0,0,0,0,0,0,0,0,0,0,0,0
48460000,8311870,8310846,8261694,8257592,4,56,8,16384,32,2621464,3944480,33799,0,0,0,0,0,0,0,0,0,0,0,1,0,0,0,0,0,0,0,0,0,0,0,0,0,0
49000000,8311870,8310846,8261694,8257592,4,56,8,16384,32,2621464,3944480,33799,0,0,0,0,0,0,0,0,0,0,0,1,0,0,0,0,0,0,0,0,0,0,0,0,0,0
49540000,8311870,8310846,8261694,8257592,4,56,8,16384,32,2621464,3944480,33799,0,0,0,0,0,0,0,0,0,0,0,1,0,0,0,0,0,0,0,0,0,0,0,0,0,0
50080000,8311870,8310846,8261694,8257592,4,56,8,16384,32,2621464,3944480,33799,0,0,0,0,0,0,0,0,0,0,0,1,0,0,0,0,0,0,0,0,0,0,0,0,0,0
50620000,8311870,8310846,8261694,8257592,4,56,8,16384,32,2621464,3944480,33799,0,0,0,0,0,0,0,0,0,0,0,1,0,0,0,0,0,0,0,0,0,0,0,0,0,0
51160000,8311870,8310846,8261694,8257592,4,56,8,16384,32,2621464,3944480,33799,0,0,0,0,0,0,0,0,0,0,0,1,0,0,0,0,0,0,0,0,0,0,0,0,0,0
51700000,8311870,8310846,8261694,8257592,4,56,8,16384,32,2621464,3944480,33799,0,0,0,0,0,0,0,0,0,0,0,1,0,0,0,0,0,0,0,0,0,0,0,0,0,0
52240000,8311870,8310846,8261694,8257592,4,56,8,16384,32,2621464,3944480,33799,0,0,0,0,0,0,0,0,0,0,0,1,0,0,0,0,0,0,0,0,0,0,0,0,0,0
52780000,8311870,8310846,8261694,8257592,4,56,8,16384,32,2621464,3944480,33799,0,0,0,0,0,0,0,0,0,0,0,1,0,0,0,0,0,0,0,0,0,0,0,0,0,0
53320000,8311870,8310846,8261694,8257592,4,56,8,16384,32,2621464,3944480,33799,0,0,0,0,0,0,0,0,0,0,0,1,0,0,0,0,0,0,0,0,0,0,0,0,0,0
53860000,8311870,8310846,8261694,8257592,4,56,8,16384,32,2621464,3944480,33799,0,0,0,0,0,0,0,0,0,0,0,1,0,0,0,0,0,0,0,0,0,0,0,0,0,0
54400000,8311870,8310846,8261694,8257592,4,56,8,16384,32,2621464,3944480,33799,0,0,0,0,0,0,0,0,0,0,0,1,0,0,0,0,0,0,0,0,0,0,0,0,0,0
54940000,8311870,8310846,8261694,8257592,4,56,8,16384,32,2621464,3944480,33799,0,0,0,0,0,0,0,0,0,0,0,1,0,0,0,0,0,0,0,0,0,0,0,0,0,0
55480000,8311870,8310846,8261694,8257592,4,56,8,16384,32,2621464,3944480,33799,0,0,0,0,0,0,0,0,0,0,0,1,0,0,0,0,0,0,0,0,0,0,0,0,0,0
56020000,8311870,8310846,8261694,8257592,4,56,8,16384,32,2621464,3944480,33799,0,0,0,0,0,0,0,0,0,0,0,1,0,0,0,0,0,0,0,0,0,0,0,0,0,0
56560000,8311870,8310846,8261694,8257592,4,56,8,16384,32,2621464,3944480,33799,0,0,0,0,0,0,0,0,0,0,0,1,0,0,0,0,0,0,0,0,0,0,0,0,0,0
57100000,8311870,8310846,8261694,8257592,4,56,8,16384,32,2621464,3944480,33799,0,0,0,0,0,0,0,0,0,0,0,1,0,0,0,0,0,0,0,0,0,0,0,0,0,0
57640000,8311870,8310846,8261694,8257592,4,56,8,16384,32,2621464,3944480,33799,0,0,0,0,0,0,0,0,0,0,0,1,0,0,0,0,0,0,0,0,0,0,0,0,0,0
58180000,8311870,8310846,8261694,8257592,4,56,8,16384,32,2621464,3944480,33799,0,0,0,0,0,0,0,0,0,0,0,1,0,0,0,0,0,0,0,0,0,0,0,0,0,0
58720000,8311870,8310846,8261694,8257592,4,56,8,16384,32,2621464,3944480,33799,0,0,0,0,0,0,0,0,0,0,0,1,0,0,0,0,0,0,0,0,0,0,0,0,0,0
59260000,8311870,8310846,8261694,8257592,4,56,8,16384,32,2621464,3944480,33799,0,0,0,0,0,0,0,0,0,0,0,1,0,0,0,0,0,0,0,0,0,0,0,0,0,0
59800000,8311870,8310846,8261694,8257592,4,56,8,16384,32,2621464,3944480,33799,0,0,0,0,0,0,0,0,0,0,0,1,0,0,0,0,0,0,0,0,0,0,0,0,0,0
60340000,8311870,8310846,8261694,8257592,4,56,8,16384,32,2621464,3944480,33799,0,0,0,0,0,0,0,0,0,0,0,1,0,0,0,0,0,0,0,0,0,0,0,0,0,0
60880000,8311870,8310846,8261694,8257592,4,56,8,16384,32,2621464,3944480,33799,0,0,0,0,0,0,0,0,0,0,0,1,0,0,0,0,0,0,0,0,0,0,0,0,0,0
61420000,8311870,8310846,8261694,8257592,4,56,8,16384,32,2621464,3944480,33799,0,0,0,0,0,0,0,0,0,0,0,1,0,0,0,0,0,0,0,0,0,0,0,0,0,0
61960000,8311870,8310846,8261694,8257592,4,56,8,16384,32,2621464,3944480,33799,0,0,0,0,0,0,0,0,0,0,0,1,0,0,0,0,0,0,0,0,0,0,0,0,0,0
62500000,8311870,8310846,8261694,8257592,4,56,8,16384,32,2621464,3944480,33799,0,0,0,0,0,0,0,0,0,0,0,1,0,0,0,0,0,0,0,0,0,0,0,0,0,0
63040000,8311870,8310846,8261694,8257592,4,56,8,16384,32,2621464,3944480,33799,0,0,0,0,0,0,0,0,0,0,0,1,0,0,0,0,0,0,0,0,0,0,0,0,0,0
63580000,8311870,8310846,8261694,8257592,4,56,8,16384,32,2621464,3944480,33799,0,0,0,0,0,0,0,0,0,0,0,1,0,0,0,0,0,0,0,0,0,0,0,0,0,0
64120000,8311870,8310846,8261694,8257592,4,56,8,16384,32,2621464,3944480,33799,0,0,0,0,0,0,0,0,0,0,0,1,0,0,0,0,0,0,0,0,0,0,0,0,0,0
64660000,8311870,8310846,8261694,8257592,4,56,8,16384,32,2621464,3944480,33799,0,0,0,0,0,0,0,0,0,0,0,1,0,0,0,0,0,0,0,0,0,0,0,0,0,0
65200000,8311870,8310846,8261694,8257592,4,56,8,16384,32,2621464,3944480,33799,0,0,0,0,0,0,0,0,0,0,0,1,0,0,0,0,0,0,0,0,0,0,0,0,0,0
65740000,8311870,8310846,8261694,8257592,4,56,8,16384,32,2621464,3944480,33799,0,0,0,0,0,0,0,0,0,0,0,1,0,0,0,0,0,0,0,0,0,0,0,0,0,0
66280000,8311870,8310846,8261694,8257592,4,56,8,16384,32,2621464,3944480,33799,0,0,0,0,0,0,0,0,0,0,0,1,0,0,0,0,0,0,0,0,0,0,0,0,0,0
66820000,8311870,8310846,8261694,8257592,4,56,8,16384,32,2621464,3944480,33799,0,0,0,0,0,0,0,0,0,0,0,1,0,0,0,0,0,0,0,0,0,0,0,0,0,0
67360000,8311870,8310846,8261694,8257592,4,56,8,16384,32,2621464,3944480,33799,0,0,0,0,0,0,0,0,0,0,0,1,0,0,0,0,0,0,0,0,0,0,0,0,0,0
67900000,8311870,8310846,8261694,8257592,4,56,8,16384,32,2621464,3944480,33799,0,0,0,0,0,0,0,0,0,0,0,1,0,0,0,0,0,0,0,0,0,0,0,0,0,0
68440000,8311870,8310846,8261694,8257592,4,56,8,16384,32,2621464,3944480,33799,0,0,0,0,0,0,0,0,0,0,0,1,0,0,0,0,0,0,0,0,0,0,0,0,0,0
68980000,8311870,8310846,8261694,8257592,4,56,8,16384,32,2621464,3944480,33799,0,0,0,0,0,0,0,0,0,0,0,1,0,0,0,0,0,0,0,0,0,0,0,0,0,0
69520000,8311870,8310846,8261694,8257592,4,56,8,16384,32,2621464,3944480,33799,0,0,0,0,0,0,0,0,0,0,0,1,0,0,0,0,0,0,0,0,0,0,0,0,0,0
70060000,8311870,8310846,8261694,8257592,4,56,8,16384,32,2621464,3944480,33799,0,0,0,0,0,0,0,0,0,0,0,1,0,0,0,0,0,0,0,0,0,0,0,0,0,0
70600000,8311870,8310846,8261694,8257592,4,56,8,16384,32,2621464,3944480,33799,0,0,0,0,0,0,0,0,0,0,0,1,0,0,0,0,0,0,0,0,0,0,0,0,0,0
71140000,8311870,8310846,8261694,8257592,4,56,8,16384,32,2621464,3944480,33799,0,0,0,0,0,0,0,0,0,0,0,1,0,0,0,0,0,0,0,0,0,0,0,0,0,0
71680000,8311870,8310846,8261694,8257592,4,56,8,16384,32,2621464,3944480,33799,0,0,0,0,0,0,0,0,0,0,0,1,0,0,0,0,0,0,0,0,0,0,0,0,0,0
72220000,8311870,8310846,8261694,8257592,4,56,8,16384,32,2621464,3944480,33799,0,0,0,0,0,0,0,0,0,0,0,1,0,0,0,0,0,0,0,0,0,0,0,0,0,0
72760000,8311870,8310846,8261694,8257592,4,56,8,16384,32,2621464,3944480,33799,0,0,0,0,0,0,0,0,0,0,0,1,0,0,0,0,0,0,0,0,0,0,0,0,0,0
73300000,8311870,8310846,8261694,8257592,4,56,8,16384,32,2621464,3944480,33799,0,0,0,0,0,0,0,0,0,0,0,1,0,0,0,0,0,0,0,0,0,0,0,0,0,0
73840000,8311870,8310846,8261694,8257592,4,56,8,16384,32,2621464,3944480,33799,0,0,0,0,0,0,0,0,0,0,0,1,0,0,0,0,0,0,0,0,0,0,0,0,0,0
74380000,8311870,8310846,8261694,8257592,4,56,8,16384,32,2621464,3944480,33799,0,0,0,0,0,0,0,0,0,0,0,1,0,0,0,0,0,0,0,0,0,0,0,0,0,0
74920000,8311870,8310846,8261694,8257592,4,56,8,16384,32,2621464,3944480,33799,0,0,0,0,0,0,0,0,0,0,0,1,0,0,0,0,0,0,0,0,0,0,0,0,0,0
75460000,8311870,8310846,8261694,8257592,4,56,8,16384,32,2621464,3944480,33799,0,0,0,0,0,0,0,0,0,0,0,1,0,0,0,0,0,0,0,0,0,0,0,0,0,0
76000000,8311870,8310846,8261694,8257592,4,56,8,16384,32,2621464,3944480,33799,0,0,0,0,0,0,0,0,0,0,0,1,0,0,0,0,0,0,0,0,0,0,0,0,0,0
76540000,8311870,8310846,8261694,8257592,4,56,8,16384,32,2621464,3944480,33799,0,0,0,0,0,0,0,0,0,0,0,1,0,0,0,0,0,0,0,0,0,0,0,0,0,0
77080000,8311870,8310846,8261694,8257592,4,56,8,16384,32,2621464,3944480,33799,0,0,0,0,0,0,0,0,0,0,0,1,0,0,0,0,0,0,0,0,0,0,0,0,0,0
77620000,8311870,8310846,8261694,8257592,4,56,8,16384,32,2621464,3944480,33799,0,0,0,0,0,0,0,0,0,0,0,1,0,0,0,0,0,0,0,0,0,0,0,0,0,0
78160000,8311870,8310846,8261694,8257592,4,56,8,16384,32,2621464,3944480,33799,0,0,0,0,0,0,0,0,0,0,0,1,0,0,0,0,0,0,0,0,0,0,0,0,0,0
78700000,8311870,8310846,8261694,8257592,4,56,8,16384,32,2621464,3944480,33799,0,0,0,0,0,0,0,0,0,0,0,1,0,0,0,0,0,0,0,0,0,0,0,0,0,0
79240000,8311870,8310846,8261694,8257592,4,56,8,16384,32,2621464,3944480,33799,0,0,0,0,0,0,0,0,0,0,0,1,0,0,0,0,0,0,0,0,0,0,0,0,0,0
79780000,8311870,8310846,8261694,8257592,4,56,8,16384,32,2621464,3944480,33799,0,0,0,0,0,0,0,0,0,0,0,1,0,0,0,0,0,0,0,0,0,0,0,0,0,0
80320000,8311870,8310846,8261694,8257592,4,56,8,16384,32,2621464,3944480,33799,0,0,0,0,0,0,0,0,0,0,0,1,0,0,0,0,0,0,0,0,0,0,0,0,0,0
80860000,8311870,8310846,8261694,8257592,4,56,8,16384,32,2621464,3944480,33799,0,0,0,0,0,0,0,0,0,0,0,1,0,0,0,0,0,0,0,0,0,0,0,0,0,0
81400000,8311870,8310846,8261694,8257592,4,56,8,16384,32,2621464,3944480,33799,0,0,0,0,0,0,0,0,0,0,0,1,0,0,0,0,0,0,0,0,0,0,0,0,0,0
81940000,8311870,8310846,8261694,8257592,4,56,8,16384,32,2621464,3944480,33799,0,0,0,0,0,0,0,0,0,0,0,1,0,0,0,0,0,0,0,0,0,0,0,0,0,0
82480000,8311870,8310846,8261694,8257592,4,56,8,16384,32,2621464,3944480,33799,0,0,0,0,0,0,0,0,0,0,0,1,0,0,0,0,0,0,0,0,0,0,0,0,0,0
83020000,8311870,8310846,8261694,8257592,4,56,8,16384,32,2621464,3944480,33799,0,0,0,0,0,0,0,0,0,0,0,1,0,0,0,0,0,0,0,0,0,0,0,0,0,0
83560000,8311870,8310846,8261694,8257592,4,56,8,16384,32,2621464,3944480,33799,0,0,0,0,0,0,0,0,0,0,0,1,0,0,0,0,0,0,0,0,0,0,0,0,0,0
84100000,8311870,8310846,8261694,8257592,4,56,8,16384,32,2621464,3944480,33799,0,0,0,0,0,0,0,0,0,0,0,1,0,0,0,0,0,0,0,0,0,0,0,0,0,0
84640000,8311870,8310846,8261694,8257592,4,56,8,16384,32,2621464,3944480,33799,0,0,0,0,0,0,0,0,0,0,0,1,0,0,0,0,0,0,0,0,0,0,0,0,0,0
85180000,8311870,8310846,8261694,8257592,4,56,8,16384,32,2621464,3944480,33799,0,0,0,0,0,0,0,0,0,0,0,1,0,0,0,0,0,0,0,0,0,0,0,0,0,0
85720000,8311870,8310846,8261694,8257592,4,56,8,16384,32,2621464,3944480,33799,0,0,0,0,0,0,0,0,0,0,0,1,0,0,0,0,0,0,0,0,0,0,0,0,0,0
86260000,8311870,8310846,8261694,8257592,4,56,8,16384,32,2621464,3944480,33799,0,0,0,0,0,0,0,0,0,0,0,1,0,0,0,0,0,0,0,0,0,0,0,0,0,0
86800000,8311870,8310846,8261694,8257592,4,56,8,16384,32,2621464,3944480,33799,0,0,0,0,0,0,0,0,0,0,0,1,0,0,0,0,0,0,0,0,0,0,0,0,0,0
87340000,8311870,8310846,8261694,8257592,4,56,8,16384,32,2621464,3944480,33799,0,0,0,0,0,0,0,0,0,0,0,1,0,0,0,0,0,0,0,0,0,0,0,0,0,0
87880000,8311870,8310846,8261694,8257592,4,56,8,16384,32,2621464,3944480,33799,0,0,0,0,0,0,0,0,0,0,0,1,0,0,0,0,0,0,0,0,0,0,0,0,0,0
88420000,8311870,8310846,8261694,8257592,4,56,8,16384,32,2621464,3944480,33799,0,0,0,0,0,0,0,0,0,0,0,1,0,0,0,0,0,0,0,0,0,0,0,0,0,0
88960000,8311870,8310846,8261694,8257592,4,56,8,16384,32,2621464,3944480,33799,0,0,0,0,0,0,0,0,0,0,0,1,0,0,0,0,0,0,0,0,0,0,0,0,0,0
89500000,8311870,8310846,8261694,8257592,4,56,8,16384,32,2621464,3944480,33799,0,0,0,0,0,0,0,0,0,0,0,1,0,0,0,0,0,0,0,0,0,0,0,0,0,0
90040000,8311870,8310846,8261694,8257592,4,56,8,16384,32,2621464,3944480,33799,0,0,0,0,0,0,0,0,0,0,0,1,0,0,0,0,0,0,0,0,0,0,0,0,0,0
90580000,8311870,8310846,8261694,8257592,4,56,8,16384,32,2621464,3944480,33799,0,0,0,0,0,0,0,0,0,0,0,1,0,0,0,0,0,0,0,0,0,0,0,0,0,0
91120000,8311870,8310846,8261694,8257592,4,56,8,16384,32,2621464,3944480,33799,0,0,0,0,0,0,0,0,0,0,0,1,0,0,0,0,0,0,0,0,0,0,0,0,0,0
91660000,8311870,8310846,8261694,8257592,4,56,8,16384,32,2621464,3944480,33799,0,0,0,0,0,0,0,0,0,0,0,1,0,0,0,0,0,0,0,0,0,0,0,0,0,0
92200000,8311870,8310846,8261694,8257592,4,56,8,16384,32,2621464,3944480,33799,0,0,0,0,0,0,0,0,0,0,0,1,0,0,0,0,0,0,0,0,0,0,0,0,0,0
92740000,8311870,8310846,8261694,8257592,4,56,8,16384,32,2621464,3944480,33799,0,0,0,0,0,0,0,0,0,0,0,1,0,0,0,0,0,0,0,0,0,0,0,0,0,0
93280000,8311870,8310846,8261694,8257592,4,56,8,16384,32,2621464,3944480,33799,0,0,0,0,0,0,0,0,0,0,0,1,0,0,0,0,0,0,0,0,0,0,0,0,0,0
93820000,8311870,8310846,8261694,8257592,4,56,8,16384,32,2621464,3944480,33799,0,0,0,0,0,0,0,0,0,0,0,1,0,0,0,0,0,0,0,0,0,0,0,0,0,0
94360000,8311870,8310846,8261694,8257592,4,56,8,16384,32,2621464,3944480,33799,0,0,0,0,0,0,0,0,0,0,0,1,0,0,0,0,0,0,0,0,0,0,0,0,0,0
94900000,8311870,8310846,8261694,8257592,4,56,8,16384,32,2621464,3944480,33799,0,0,0,0,0,0,0,0,0,0,0,1,0,0,0,0,0,0,0,0,0,0,0,0,0,0
95440000,8311870,8310846,8261694,8257592,4,56,8,16384,32,2621464,3944480,33799,0,0,0,0,0,0,0,0,0,0,0,1,0,0,0,0,0,0,0,0,0,0,0,0,0,0
95980000,8311870,8310846,8261694,8257592,4,56,8,16384,32,2621464,3944480,33799,0,0,0,0,0,0,0,0,0,0,0,1,0,0,0,0,0,0,0,0,0,0,0,0,0,0
96520000,8311870,8310846,8261694,8257592,4,56,8,16384,32,2621464,3944480,33799,0,0,0,0,0,0,0,0,0,0,0,1,0,0,0,0,0,0,0,0,0,0,0,0,0,0
97060000,8311870,8310846,8261694,8257592,4,56,8,16384,32,2621464,3944480,33799,0,0,0,0,0,0,0,0,0,0,0,1,0,0,0,0,0,0,0,0,0,0,0,0,0,0
97600000,8311870,8310846,8261694,8257592,4,56,8,16384,32,2621464,3944480,33799,0,0,0,0,0,0,0,0,0,0,0,1,0,0,0,0,0,0,0,0,0,0,0,0,0,0
98140000,8311870,8310846,8261694,8257592,4,56,8,16384,32,2621464,3944480,33799,0,0,0,0,0,0,0,0,0,0,0,1,0,0,0,0,0,0,0,0,0,0,0,0,0,0
98680000,8311870,8310846,8261694,8257592,4,56,8,16384,32,2621464,3944480,33799,0,0,0,0,0,0,0,0,0,0,0,1,0,0,0,0,0,0,0,0,0,0,0,0,0,0
99220000,8311870,8310846,8261694,8257592,4,56,8,16384,32,2621464,3944480,33799,0,0,0,0,0,0,0,0,0,1,0,1,0,0,0,0,0,0,0,0,0,0,0,0,0,0
99772000,8311870,8310846,8261694,8257592,4,56,8,16384,32,2621464,3944480,33799,0,0,0,0,0,0,0,0,0,1,0,1,0,0,0,0,0,0,0,0,0,0,0,0,0,0
100312000,8311870,8310846,8261694,8257592,4,56,8,16384,32,2621464,3944480,33799,0,0,0,0,0,0,0,0,0,1,0,1,0,0,0,0,0,0,0,0,0,0,0,0,0,0
100852000,8311870,8310846,8261694,8257592,4,56,8,16384,32,2621464,3944480,33799,0,0,0,0,0,0,0,0,0,1,0,1,0,0,0,0,0,0,0,0,0,0,0,0,0,0
101392000,8311870,8310846,8261694,8257592,4,56,8,16384,32,2621464,3944480,33799,0,0,0,0,0,0,0,0,0,1,0,1,0,0,0,0,0,0,0,0,0,0,0,0,0,0
101932000,8311870,8310846,8261694,8257592,4,56,8,16384,32,2621464,3944480,33799,0,0,0,0,0,0,0,0,0,1,0,1,0,0,0,0,0,0,0,0,0,0,0,0,0,0
102472000,8311870,8310846,8261694,8257592,4,56,8,16384,32,2621464,3944480,33799,0,0,0,0,0,0,0,0,0,1,0,1,0,0,0,0,0,0,0,0,0,0,0,0,0,0
103012000,8311870,8310846,8261694,8257592,4,56,8,16384,32,2621464,3944480,33799,0,0,0,0,0,0,0,0,0,1,0,1,0,0,0,0,0,0,0,0,0,0,0,0,0,0
103552000,8311870,8310846,8261694,8257592,4,56,8,16384,32,2621464,3944480,33799,0,0,0,0,0,0,0,0,0,1,0,1,0,0,0,0,0,0,0,0,0,0,0,0,0,0
104092000,8311870,8310846,8261694,8257592,4,56,8,16384,32,2621464,3944480,33799,0,0,0,0,0,0,0,0,0,1,0,1,0,0,0,0,0,0,0,0,0,0,0,0,0,0
104632000,8311870,8310846,8261694,8257592,4,56,8,16384,32,2621464,3944480,33799,0,0,0,0,0,0,0,0,0,1,0,1,0,0,0,0,0,0,0,0,0,0,0,0,0,0
105172000,8311870,8310846,8261694,8257592,4,56,8,16384,32,2621464,3944480,33799,0,0,0,0,0,0,0,0,0,1,0,1,0,0,0,0,0,0,0,0,0,0,0,0,0,0
105712000,8311870,8310846,8261694,8257592,4,56,8,16384,32,2621464,3944480,33799,0,0,0,0,0,0,0,0,0,1,0,1,0,0,0,0,0,0,0,0,0,0,0,0,0,0
106312000,8311870,8310846,8261694,8257592,4,56,8,16384,32,2621464,3944480,33799,0,0,0,0,0,0,0,0,0,1,0,1,0,0,0,0,0,0,0,0,0,0,0,0,0,0
106852000,8311870,8310846,8261694,8257592,4,56,8,16384,32,2621464,3944480,33799,0,0,0,0,0,0,0,0,0,1,0,1,0,0,0,0,0,0,0,0,0,0,0,0,0,0
