timestamp,timestamp_sample,hover_thrust,hover_thrust_var,accel_innov,accel_innov_var,accel_innov_test_ratio,accel_noise_var,valid
43392000,43392000,0.7,0.00035682443,-0.44561535,4.186514,0.005270177,4.099064,0
43400000,43400000,0.7,0.00035080465,-0.4295203,4.169413,0.0049164314,4.0831885,0
43496000,43496000,0.7,0.00029057835,-0.41098446,3.9699292,0.0047274344,3.8967657,0
43600000,43600000,0.7,0.00024318231,-0.4190486,3.7666616,0.005179999,3.7037375,0
43696000,43696000,0.7,0.00020993277,-0.413563,3.5890954,0.005294877,3.5333722,0
43800000,43800000,0.7,0.00018158036,-0.38667583,3.406804,0.004876457,3.3572412,0
43896000,43896000,0.7,0.0001605522,-0.34102166,3.2466676,0.0039800047,3.202019,0
44000000,44000000,0.7,0.00014188694,-0.32748884,3.082123,0.0038663442,3.041816,0
44096000,44096000,0.7,0.00012748248,-0.31669822,2.9378748,0.003793285,2.9009192,0
44192000,44192000,0.7,0.00011518012,-0.31172192,2.800439,0.0038553702,2.766401,0
44296000,44296000,0.7,0.00010378639,-0.31038123,2.6587186,0.0040260213,2.627607,0
44400000,44400000,0.7,9.402318e-05,-0.3037532,2.5243638,0.0040611336,2.4957204,0
44496000,44496000,0.7,8.614889e-05,-0.26970932,2.406495,0.0033586477,2.379843,0
44592000,44592000,0.7,7.917586e-05,-0.25771284,2.2941954,0.0032166159,2.2693257,0
44696000,44696000,0.7,7.249821e-05,-0.259306,2.1784234,0.0034295758,2.155399,0
44792000,44792000,0.7,6.7030625e-05,-0.2776289,2.0768104,0.004123728,2.0552762,0
44896000,44896000,0.7,6.1724175e-05,-0.2251792,1.9721328,0.002856787,1.9520491,0
45000000,45000000,0.7,5.6959543e-05,-0.20685874,1.8727828,0.0025387378,1.853999,0
45096000,45096000,0.7,5.2996034e-05,-0.24163376,1.7855835,0.0036332272,1.7679778,1
45200000,45200000,0.7,4.9118178e-05,-0.23853935,1.69564,0.003728584,1.6791618,1
45296000,45296000,0.7,4.585579e-05,-0.20947401,1.6166588,0.0030157783,1.6011113,1
45400000,45400000,0.7,4.2618998e-05,-0.21218307,1.5353305,0.003258195,1.520713,1
45496000,45496000,0.7,3.989299e-05,-0.17339878,1.4639764,0.0022819992,1.4502552,1
45592000,45592000,0.7,3.739474e-05,-0.22667804,1.3958741,0.0040900647,1.3828973,1
45696000,45696000,0.7,3.4902187e-05,-0.1745106,1.3256737,0.0025524923,1.3134687,1
45800000,45800000,0.7,3.2605152e-05,-0.20161596,1.2589934,0.0035874336,1.2474644,1
45896000,45896000,0.7,3.065242e-05,-0.17199287,1.2005532,0.00273777,1.1897049,1
46000000,46000000,0.7,2.8706325e-05,-0.20317946,1.1401972,0.004022881,1.129968,1
46096000,46096000,0.7,2.7038473e-05,-0.16857287,1.0871502,0.0029043122,1.0774564,1
46192000,46192000,0.7,2.547994e-05,-0.18239906,1.0365744,0.0035661717,1.0273592,1
46296000,46296000,0.7,2.3920375e-05,-0.16091166,1.0047854,0.0028632495,1.0,1
46392000,46392000,0.7,2.2637627e-05,-0.16085273,1.004524,0.0028618972,1.0,1
46496000,46496000,0.7,2.139352e-05,-0.16507012,1.0042899,0.0030146393,1.0,1
46592000,46592000,0.7,2.035801e-05,-0.17573962,1.0040947,0.0034176072,1.0,1
46696000,46696000,0.7,1.934645e-05,-0.14836544,1.0038627,0.0024364004,1.0,1
46792000,46792000,0.7,1.8503253e-05,-0.1952434,1.0036863,0.004219998,1.0,1
46896000,46896000,0.7,1.7669267e-05,-0.15828663,1.0035291,0.0027740612,1.0,1
46992000,46992000,0.7,1.6961534e-05,-0.18945847,1.0034027,0.0039747544,1.0,1
47096000,47096000,0.7,1.6256467e-05,-0.15876782,1.0032492,0.0027917314,1.0,1
47192000,47192000,0.7,1.5657772e-05,-0.14842069,1.0031312,0.0024399937,1.0,1
47296000,47296000,0.7,1.505614e-05,-0.14863664,1.0030235,0.0024473616,1.0,1
47400000,47400000,0.7,1.4497376e-05,-0.14623009,1.0029234,0.00236899,1.0,1
47496000,47496000,0.7,1.401931e-05,-0.10497905,1.0028005,0.0012210917,1.0,1
47592000,47592000,0.7,1.3574938e-05,-0.17791682,1.0027084,0.0035076546,1.0,1
47696000,47696000,0.7,1.312382e-05,-0.18767962,1.0026284,0.003903478,1.0,1
47800000,47800000,0.7,1.270077e-05,-0.15039754,1.0025535,0.0025068677,1.0,1
47896000,47896000,0.7,1.2335472e-05,-0.15089884,1.0024587,0.0025238458,1.0,1
48000000,48000000,0.7,1.1965027e-05,-0.17086875,1.002383,0.0032363024,1.0,1
48096000,48096000,0.7,1.1642338e-05,-0.18499109,1.0023263,0.003793587,1.0,1
48192000,48192000,0.7,1.1335678e-05,-0.13199969,1.0022765,0.0019315934,1.0,1
48296000,48296000,0.7,1.1021979e-05,-0.113957316,1.0021985,0.0014397537,1.0,1
48400000,48400000,0.7,1.0727165e-05,-0.18042561,1.0021389,0.0036093246,1.0,1
48496000,48496000,0.7,1.0469453e-05,-0.13756537,1.0020801,0.0020983277,1.0,1
48592000,48592000,0.7,1.0224559e-05,-0.14737284,1.0020345,0.0024082954,1.0,1
48696000,48696000,0.7,9.971359e-06,-0.15198433,1.0019953,0.0025614712,1.0,1
48792000,48792000,0.7,9.747766e-06,-0.1735248,1.0019591,0.003339109,1.0,1
48896000,48896000,0.7,9.517273e-06,-0.10779907,1.0019009,0.0012887324,1.0,1
48992000,48992000,0.7,9.315273e-06,-0.11333546,1.0018601,0.0014245643,1.0,1
49096000,49096000,0.7,9.105766e-06,-0.10654712,1.0018265,0.0012590657,1.0,1
49200000,49200000,0.7,8.90496e-06,-0.099816136,1.0017943,0.0011050461,1.0,1
49296000,49296000,0.7,8.727776e-06,-0.12109928,1.001751,0.0016266003,1.0,1
49392000,49392000,0.7,8.558316e-06,-0.12638682,1.0017165,0.0017718064,1.0,1
49496000,49496000,0.7,8.382776e-06,-0.093925335,1.0016739,0.0009785807,1.0,1
49600000,49600000,0.7,8.215174e-06,-0.16429459,1.001641,0.0029942764,1.0,1
49696000,49696000,0.7,8.066208e-06,-0.1408199,1.0016174,0.0021998025,1.0,1
49800000,49800000,0.7,7.910568e-06,-0.13862784,1.0015918,0.0021319042,1.0,1
49896000,49896000,0.7,7.772694e-06,-0.08839171,1.0015553,0.0008667735,1.0,1
49992000,49992000,0.7,7.640367e-06,-0.15155874,1.0015287,0.0025483323,1.0,1
50096000,50096000,0.7,7.5020866e-06,-0.13102739,1.0015049,0.0019047087,1.0,1
50192000,50192000,0.7,7.37874e-06,-0.08441797,1.001485,0.0007906474,1.0,1
50296000,50296000,0.7,7.2502567e-06,-0.110367954,1.0014478,0.0013514973,1.0,1
50392000,50392000,0.7,7.136545e-06,-0.1575444,1.0014235,0.0027538843,1.0,1
50496000,50496000,0.7,7.017368e-06,-0.14589038,1.0014055,0.0023615703,1.0,1
50592000,50592000,0.7,6.9106864e-06,-0.122041576,1.0013896,0.0016526086,1.0,1
50696000,50696000,0.7,6.7991245e-06,-0.08108908,1.001359,0.0007296128,1.0,1
50792000,50792000,0.7,6.7000824e-06,-0.1462608,1.001338,0.0023737373,1.0,1
50896000,50896000,0.7,6.595983e-06,-0.14327197,1.0013236,0.002277747,1.0,1
51000000,51000000,0.7,6.494937e-06,-0.1372358,1.0013076,0.002089897,1.0,1
51096000,51096000,0.7,6.4047936e-06,-0.08970337,1.0012829,0.00089293165,1.0,1
51192000,51192000,0.7,6.317709e-06,-0.10622142,1.0012639,0.0012520832,1.0,1
51296000,51296000,0.7,6.2261547e-06,-0.10308662,1.0012498,0.0011792874,1.0,1
51392000,51392000,0.7,6.143894e-06,-0.118470624,1.0012376,0.0015575489,1.0,1
51496000,51496000,0.7,6.05768e-06,-0.08837485,1.0012108,0.00086674106,1.0,1
51592000,51592000,0.7,5.9809295e-06,-0.109639,1.0011941,0.0013340415,1.0,1
51696000,51696000,0.7,5.900116e-06,-0.12031214,1.0011811,0.0016064373,1.0,1
51792000,51792000,0.7,5.8274127e-06,-0.13380682,1.0011706,0.0019870368,1.0,1
51896000,51896000,0.7,5.751152e-06,-0.11625518,1.0011449,0.0014999791,1.0,1
52000000,52000000,0.7,5.6776407e-06,-0.14001095,1.0011288,0.0021756624,1.0,1
52096000,52096000,0.7,5.6118215e-06,-0.10808194,1.0011117,0.0012965257,1.0,1
52200000,52200000,0.7,5.5425226e-06,-0.16471866,1.0011005,0.0030113787,1.0,1
52296000,52296000,0.7,5.479974e-06,-0.11103979,1.0010936,0.0013684849,1.0,1
52392000,52392000,0.7,5.418683e-06,-0.10601254,1.0010877,0.0012473831,1.0,1
52496000,52496000,0.7,5.3539634e-06,-0.14017834,1.0010706,0.0021809945,1.0,1
52600000,52600000,0.7,5.2912046e-06,-0.123682216,1.0010583,0.001697902,1.0,1
52696000,52696000,0.7,5.2349146e-06,-0.13575049,1.0010425,0.002045445,1.0,1
52792000,52792000,0.7,5.180119e-06,-0.123961434,1.0010328,0.0017056203,1.0,1
52896000,52896000,0.7,5.1220327e-06,-0.13269728,1.0010263,0.001954502,1.0,1
52992000,52992000,0.7,5.0694503e-06,-0.12247521,1.0010202,0.0016649876,1.0,1
53096000,53096000,0.7,5.0139074e-06,-0.10624069,1.0010054,0.0012528609,1.0,1
53200000,53200000,0.7,4.9599475e-06,-0.1323956,1.0009948,0.001945686,1.0,1
53296000,53296000,0.7,4.911225e-06,-0.1110398,1.0009879,0.0013686299,1.0,1
53392000,53392000,0.7,4.863494e-06,-0.05197095,1.0009807,0.00029981486,1.0,1
53496000,53496000,0.7,4.813169e-06,-0.08753086,1.0009637,0.00085047504,1.0,1
53592000,53592000,0.7,4.768104e-06,-0.11914334,1.0009533,0.0015757349,1.0,1
53696000,53696000,0.7,4.720332e-06,-0.15737742,1.0009472,0.0027493571,1.0,1
53792000,53792000,0.7,4.6770374e-06,-0.09994628,1.0009419,0.0011088733,1.0,1
53896000,53896000,0.7,4.631338e-06,-0.10602187,1.0009265,0.0012478036,1.0,1
53992000,53992000,0.7,4.590337e-06,-0.112053365,1.0009181,0.0013938266,1.0,1
54096000,54096000,0.7,4.547034e-06,-0.09970671,1.0009049,0.0011036044,1.0,1
54200000,54200000,0.7,4.504843e-06,-0.124359414,1.0008976,0.0017168217,1.0,1
54296000,54296000,0.7,4.466613e-06,-0.1546562,1.0008938,0.0026552423,1.0,1
54392000,54392000,0.7,4.428972e-06,-0.09402298,1.0008903,0.0009813842,1.0,1
54496000,54496000,0.7,4.3891305e-06,-0.088844165,1.0008775,0.00087626284,1.0,1
54600000,54600000,0.7,4.350369e-06,-0.11648023,1.0008689,0.0015062073,1.0,1
54696000,54696000,0.7,4.315287e-06,-0.1298908,1.0008646,0.001873005,1.0,1
54792000,54792000,0.7,4.2807724e-06,-0.13170695,1.0008608,0.0019257556,1.0,1
54896000,54896000,0.7,4.2441948e-06,-0.09063943,1.0008494,0.0009120593,1.0,1
54992000,54992000,0.7,4.211275e-06,-0.13690293,1.0008429,0.0020807362,1.0,1
55096000,55096000,0.7,4.176446e-06,-0.11499645,1.000831,0.0014681336,1.0,1
55192000,55192000,0.7,4.145122e-06,-0.1297518,1.0008245,0.0018690735,1.0,1
55296000,55296000,0.7,4.1117523e-06,-0.13734134,1.0008221,0.0020941277,1.0,1
55400000,55400000,0.7,4.078852e-06,-0.13717261,1.0008197,0.0020889903,1.0,1
55496000,55496000,0.7,4.049115e-06,-0.10221312,1.0008093,0.0011598971,1.0,1
55600000,55600000,0.7,4.0176774e-06,-0.15343064,1.000803,0.0026135636,1.0,1
55696000,55696000,0.7,3.9891365e-06,-0.12722486,1.0008004,0.0017970247,1.0,1
55792000,55792000,0.7,3.9609886e-06,-0.14220008,1.0007979,0.0022449712,1.0,1
55896000,55896000,0.7,3.931126e-06,-0.08259062,1.0007873,0.000757316,1.0,1
56000000,56000000,0.7,3.902035e-06,-0.087381095,1.0007806,0.0008477223,1.0,1
56096000,56096000,0.7,3.87568e-06,-0.11369134,1.0007765,0.0014350767,1.0,1
56192000,56192000,0.7,3.849722e-06,-0.1140265,1.0007738,0.0014435544,1.0,1
56296000,56296000,0.7,3.8222042e-06,-0.10681746,1.0007629,0.0012668079,1.0,1
56392000,56392000,0.7,3.797441e-06,-0.10907665,1.0007576,0.0013209677,1.0,1
56496000,56496000,0.7,3.7710392e-06,-0.13572432,1.0007551,0.0020452435,1.0,1
56592000,56592000,0.7,3.7469983e-06,-0.10619599,1.0007527,0.001252123,1.0,1
56696000,56696000,0.7,3.7214663e-06,-0.07623748,1.0007439,0.00064531475,1.0,1
56800000,56800000,0.7,3.696553e-06,-0.11536954,1.0007386,0.0014778121,1.0,1
56896000,56896000,0.7,3.6739125e-06,-0.11378377,1.000736,0.0014374694,1.0,1
56992000,56992000,0.7,3.651578e-06,-0.09481683,1.0007339,0.000998182,1.0,1
57096000,57096000,0.7,3.6278582e-06,-0.08350921,1.0007249,0.00077430403,1.0,1
57200000,57200000,0.7,3.6047268e-06,-0.0657248,1.0007195,0.000479627,1.0,1
57296000,57296000,0.7,3.5837327e-06,-0.10714409,1.0007168,0.0012746258,1.0,1
57392000,57392000,0.7,3.5629973e-06,-0.10969239,1.0007149,0.0013359804,1.0,1
57496000,57496000,0.7,3.5409566e-06,-0.07276391,1.0007071,0.0005878717,1.0,1
57600000,57600000,0.7,3.5194375e-06,-0.12031621,1.000702,0.001607315,1.0,1
57696000,57696000,0.7,3.4998689e-06,-0.10766475,1.0007005,0.001287065,1.0,1
57792000,57792000,0.7,3.4805291e-06,-0.09176971,1.0006987,0.00093508884,1.0,1
57896000,57896000,0.7,3.4600027e-06,-0.09154683,1.0006896,0.0009305608,1.0,1
58000000,58000000,0.7,3.4400014e-06,-0.10349904,1.0006847,0.0011894135,1.0,1
58096000,58096000,0.7,3.4218112e-06,-0.14314298,1.0006834,0.0022751023,1.0,1
58192000,58192000,0.7,3.4037957e-06,-0.124952585,1.0006827,0.0017336106,1.0,1
58296000,58296000,0.7,3.38465e-06,-0.095507115,1.0006741,0.0010128294,1.0,1
58392000,58392000,0.7,3.3673966e-06,-0.13294096,1.0006703,0.0019623844,1.0,1
58496000,58496000,0.7,3.3490671e-06,-0.09223822,1.0006638,0.0009446939,1.0,1
58592000,58592000,0.7,3.3324923e-06,-0.16121435,1.0006609,0.0028858779,1.0,1
58696000,58696000,0.7,3.3147198e-06,-0.13627206,1.0006614,0.0020619775,1.0,1
58792000,58792000,0.7,3.2984342e-06,-0.11641212,1.0006616,0.0015047578,1.0,1
58896000,58896000,0.7,3.2810517e-06,-0.08841193,1.0006557,0.0008679496,1.0,1
58992000,58992000,0.7,3.2653447e-06,-0.12776072,1.0006523,0.0018124625,1.0,1
59096000,59096000,0.7,3.2485268e-06,-0.11666706,1.000652,0.0015113705,1.0,1
59192000,59192000,0.7,3.2331534e-06,-0.078299925,1.0006506,0.0006807658,1.0,1
59296000,59296000,0.7,3.2167923e-06,-0.11187452,1.0006447,0.0013897605,1.0,1
59392000,59392000,0.7,3.2019855e-06,-0.108925685,1.0006418,0.001317466,1.0,1
59496000,59496000,0.7,3.1861784e-06,-0.09987544,1.0006396,0.0011076364,1.0,1
59600000,59600000,0.7,3.1705679e-06,-0.09421514,1.0006381,0.000985648,1.0,1
59696000,59696000,0.7,3.156451e-06,-0.09858522,1.0006307,0.0010792132,1.0,1
59792000,59792000,0.7,3.142663e-06,-0.13011143,1.000627,0.0018798194,1.0,1
59896000,59896000,0.7,3.1279233e-06,-0.113386914,1.0006258,0.0014276168,1.0,1
60000000,60000000,0.7,3.1133493e-06,-0.093275145,1.0006243,0.0009660916,1.0,1
60096000,60096000,0.7,3.1001666e-06,-0.09504209,1.0006177,0.0010030469,1.0,1
60192000,60192000,0.7,3.0872636e-06,-0.14316666,1.0006148,0.002276011,1.0,1
60296000,60296000,0.7,3.073538e-06,-0.14269048,1.0006099,0.0022609069,1.0,1
60392000,60392000,0.7,3.0610745e-06,-0.17649409,1.000609,0.0034590226,1.0,1
60496000,60496000,0.7,3.047643e-06,-0.12924446,1.0006105,0.0018548822,1.0,1
60592000,60592000,0.7,3.035326e-06,-0.11042481,1.0006101,0.0013540227,1.0,1
60696000,60696000,0.7,3.0221922e-06,-0.102052554,1.0006049,0.001156492,1.0,1
60792000,60792000,0.7,3.0103104e-06,-0.13201135,1.0006025,0.0019351671,1.0,1
60896000,60896000,0.7,2.9975872e-06,-0.12346302,1.0006016,0.0016926613,1.0,1
60992000,60992000,0.7,2.9859502e-06,-0.11768041,1.0006013,0.0015378174,1.0,1
61096000,61096000,0.7,2.9735158e-06,-0.10266809,1.0005972,0.0011704939,1.0,1
61200000,61200000,0.7,2.9613223e-06,-0.101866715,1.0005945,0.0011522959,1.0,1
61296000,61296000,0.7,2.9502241e-06,-0.087447464,1.000593,0.0008491697,1.0,1
61392000,61392000,0.7,2.9392422e-06,-0.10299909,1.0005922,0.0011780593,1.0,1
61496000,61496000,0.7,2.9275413e-06,-0.09947961,1.0005871,0.0010989318,1.0,1
61592000,61592000,0.7,2.9169535e-06,-0.0995387,1.0005853,0.0011002396,1.0,1
61696000,61696000,0.7,2.9056037e-06,-0.09452792,1.0005845,0.0009922564,1.0,1
61792000,61792000,0.7,2.8952481e-06,-0.08702679,1.0005829,0.0008410278,1.0,1
61896000,61896000,0.7,2.8842367e-06,-0.055437174,1.0005777,0.0003412784,1.0,1
61992000,61992000,0.7,2.8742966e-06,-0.13000455,1.0005748,0.0018768305,1.0,1
62096000,62096000,0.7,2.86367e-06,-0.10802952,1.0005738,0.001295965,1.0,1
62192000,62192000,0.7,2.853957e-06,-0.07312879,1.0005729,0.000593862,1.0,1
62296000,62296000,0.7,2.8436214e-06,-0.044556815,1.000568,0.00022046475,1.0,1
62400000,62400000,0.7,2.8335053e-06,-0.10230508,1.0005655,0.0011622681,1.0,1
62496000,62496000,0.7,2.8242807e-06,-0.12949821,1.0005648,0.001862258,1.0,1
62600000,62600000,0.7,2.814369e-06,-0.11875883,1.0005646,0.001566189,1.0,1
62696000,62696000,0.7,2.8053626e-06,-0.102911465,1.0005605,0.0011760929,1.0,1
62792000,62792000,0.7,2.7965136e-06,-0.15073416,1.0005589,0.0025231217,1.0,1
62896000,62896000,0.7,2.7870258e-06,-0.11218427,1.0005581,0.0013975878,1.0,1
63000000,63000000,0.7,2.77764e-06,-0.096467756,1.0005574,0.0010334271,1.0,1
63096000,63096000,0.7,2.769124e-06,-0.09199723,1.0005533,0.0009398678,1.0,1
63192000,63192000,0.7,2.7607678e-06,-0.14219496,1.0005512,0.002245363,1.0,1
63296000,63296000,0.7,2.7518074e-06,-0.11289955,1.0005509,0.0014154767,1.0,1
63400000,63400000,0.7,2.7429298e-06,-0.076420896,1.0005503,0.00064854906,1.0,1
63496000,63496000,0.7,2.7348715e-06,-0.08447018,1.0005463,0.00079236843,1.0,1
63600000,63600000,0.7,2.7263047e-06,-0.13824442,1.0005447,0.0021223463,1.0,1
63696000,63696000,0.7,2.718467e-06,-0.13685414,1.0005444,0.0020798738,1.0,1
63800000,63800000,0.7,2.7100548e-06,-0.11105405,1.0005438,0.0013695888,1.0,1
63896000,63896000,0.7,2.7024244e-06,-0.09154757,1.0005393,0.0009307155,1.0,1
63992000,63992000,0.7,2.694958e-06,-0.15444854,1.0005373,0.0026490602,1.0,1
64096000,64096000,0.7,2.6869545e-06,-0.08117805,1.0005368,0.00073181547,1.0,1
64200000,64200000,0.7,2.6790212e-06,-0.087640814,1.0005367,0.0008529769,1.0,1
64296000,64296000,0.7,2.6718124e-06,-0.08980811,1.000533,0.0008956888,1.0,1
64400000,64400000,0.7,2.664148e-06,-0.09163485,1.0005316,0.00093249825,1.0,1
64496000,64496000,0.7,2.6571338e-06,-0.13893716,1.0005317,0.0021436973,1.0,1
64600000,64600000,0.7,2.6495768e-06,-0.11414988,1.0005318,0.0014470299,1.0,1
64696000,64696000,0.7,2.642715e-06,-0.09495786,1.0005279,0.0010013598,1.0,1
64792000,64792000,0.7,2.6359996e-06,-0.0843077,1.0005255,0.0007893395,1.0,1
64896000,64896000,0.7,2.6288158e-06,-0.1348366,1.000525,0.002019041,1.0,1
64992000,64992000,0.7,2.6222267e-06,-0.12168409,1.0005252,0.0016443605,1.0,1
65096000,65096000,0.7,2.6151858e-06,-0.08956836,1.0005219,0.000890923,1.0,1
65192000,65192000,0.7,2.6088135e-06,-0.106966846,1.0005206,0.0012706614,1.0,1
65296000,65296000,0.7,2.6019711e-06,-0.099272706,1.0005203,0.0010944383,1.0,1
65400000,65400000,0.7,2.5951733e-06,-0.1128885,1.0005205,0.0014152427,1.0,1
65496000,65496000,0.7,2.588985e-06,-0.08881053,1.0005175,0.0008759146,1.0,1
65600000,65600000,0.7,2.5824127e-06,-0.10386109,1.0005157,0.0011979518,1.0,1
65696000,65696000,0.7,2.5764057e-06,-0.082961544,1.0005157,0.0007643411,1.0,1
65792000,65792000,0.7,2.5704455e-06,-0.11207764,1.0005151,0.0013949922,1.0,1
65896000,65896000,0.7,2.564074e-06,-0.09143828,1.0005128,0.0009285192,1.0,1
65992000,65992000,0.7,2.558293e-06,-0.095495954,1.0005115,0.0010127572,1.0,1
66096000,66096000,0.7,2.5520999e-06,-0.1369501,1.0005109,0.0020828615,1.0,1
66192000,66192000,0.7,2.5464303e-06,-0.07595314,1.0005105,0.00064065965,1.0,1
66296000,66296000,0.7,2.5403997e-06,-0.08388282,1.0005066,0.0007814184,1.0,1
66392000,66392000,0.7,2.5349593e-06,-0.089199856,1.000505,0.00088362204,1.0,1
66496000,66496000,0.7,2.529125e-06,-0.1294173,1.0005051,0.0018600425,1.0,1
66600000,66600000,0.7,2.5233098e-06,-0.09306813,1.0005058,0.00096192205,1.0,1
66696000,66696000,0.7,2.5180175e-06,-0.09394737,1.0005025,0.0009801862,1.0,1
66792000,66792000,0.7,2.5128452e-06,-0.10412349,1.0005004,0.0012040309,1.0,1
66896000,66896000,0.7,2.5072936e-06,-0.09219197,1.0005009,0.0009439005,1.0,1
66992000,66992000,0.7,2.5021825e-06,-0.0927945,1.0005015,0.0009562781,1.0,1
67096000,67096000,0.7,2.496714e-06,-0.13844587,1.0004988,0.0021286337,1.0,1
67192000,67192000,0.7,2.49175e-06,-0.11449098,1.0004982,0.0014557398,1.0,1
67296000,67296000,0.7,2.4864205e-06,-0.09640576,1.0004979,0.0010321606,1.0,1
67392000,67392000,0.7,2.4815333e-06,-0.040957477,1.0004976,0.00018629784,1.0,1
67496000,67496000,0.7,2.4763317e-06,-0.083954364,1.0004948,0.000782761,1.0,1
67592000,67592000,0.7,2.4716178e-06,-0.13386892,1.0004935,0.0019902273,1.0,1
67696000,67696000,0.7,2.4665576e-06,-0.08737406,1.0004936,0.00084782887,1.0,1
67800000,67800000,0.7,2.4615297e-06,-0.120903745,1.0004936,0.0016233892,1.0,1
67896000,67896000,0.7,2.4569342e-06,-0.08011146,1.0004925,0.000712743,1.0,1
67992000,67992000,0.7,2.4524031e-06,-0.10860431,1.0004914,0.0013099004,1.0,1
68096000,68096000,0.7,2.4475355e-06,-0.08713962,1.0004913,0.0008432873,1.0,1
68200000,68200000,0.7,2.4427163e-06,-0.1123109,1.0004904,0.0014008395,1.0,1
68296000,68296000,0.7,2.4383596e-06,-0.09272282,1.0004871,0.000954815,1.0,1
68392000,68392000,0.7,2.4341107e-06,-0.09385488,1.0004852,0.000978274,1.0,1
68496000,68496000,0.7,2.4295673e-06,-0.07820385,1.0004846,0.0006792089,1.0,1
68592000,68592000,0.7,2.4254111e-06,-0.09354714,1.0004845,0.0009718701,1.0,1
68696000,68696000,0.7,2.42096e-06,-0.10434507,1.0004828,0.0012091821,1.0,1
68800000,68800000,0.7,2.4165713e-06,-0.11168069,1.0004823,0.0013851736,1.0,1
68896000,68896000,0.7,2.4125502e-06,-0.10634915,1.0004823,0.0012560765,1.0,1
68992000,68992000,0.7,2.408545e-06,-0.106227085,1.0004828,0.0012531943,1.0,1
69096000,69096000,0.7,2.404261e-06,-0.0820233,1.0004807,0.0007471766,1.0,1
69192000,69192000,0.7,2.4003828e-06,-0.11328989,1.0004791,0.0014253838,1.0,1
69296000,69296000,0.7,2.3962286e-06,-0.09133591,1.0004791,0.00092647265,1.0,1
69392000,69392000,0.7,2.3924226e-06,-0.069936536,1.0004789,0.00054319756,1.0,1
69496000,69496000,0.7,2.388352e-06,-0.08288512,1.0004774,0.0007629626,1.0,1
69600000,69600000,0.7,2.3843338e-06,-0.10506312,1.0004768,0.0012258886,1.0,1
69696000,69696000,0.7,2.3806624e-06,-0.11765546,1.0004765,0.0015373572,1.0,1
69792000,69792000,0.7,2.377015e-06,-0.08205822,1.0004765,0.00074781606,1.0,1
69896000,69896000,0.7,2.373084e-06,-0.100418106,1.0004768,0.0011198877,1.0,1
69992000,69992000,0.7,2.3694647e-06,-0.048079982,1.000477,0.0002567314,1.0,1
70096000,70096000,0.7,2.365588e-06,-0.08739403,1.000476,0.00084823143,1.0,1
70192000,70192000,0.7,2.3620535e-06,-0.08468157,1.0004749,0.000796396,1.0,1
70296000,70296000,0.7,2.358288e-06,-0.08717804,1.0004735,0.00084404595,1.0,1
70392000,70392000,0.7,2.354867e-06,-0.070655406,1.0004727,0.0005544253,1.0,1
70496000,70496000,0.7,2.3512052e-06,-0.0633513,1.0004722,0.0004457215,1.0,1
70592000,70592000,0.7,2.347853e-06,-0.08657197,1.0004716,0.0008323526,1.0,1
70696000,70696000,0.7,2.3442797e-06,-0.06370072,1.0004699,0.00045065285,1.0,1
70800000,70800000,0.7,2.3407797e-06,-0.05954631,1.0004683,0.0003937893,1.0,1
70896000,70896000,0.7,2.3376024e-06,-0.105290465,1.0004674,0.0012312115,1.0,1
71000000,71000000,0.7,2.3341938e-06,-0.097345695,1.0004673,0.0010524176,1.0,1
71096000,71096000,0.7,2.331076e-06,-0.1310791,1.0004666,0.0019081907,1.0,1
71200000,71200000,0.7,2.3277355e-06,-0.10672214,1.0004662,0.001264923,1.0,1
71296000,71296000,0.7,2.3246791e-06,-0.08287433,1.0004658,0.00076277304,1.0,1
71392000,71392000,0.7,2.3216612e-06,-0.12067565,1.0004649,0.0016173162,1.0,1
71496000,71496000,0.7,2.3184161e-06,-0.07406211,1.0004653,0.0006091828,1.0,1
71592000,71592000,0.7,2.3154432e-06,-0.083527856,1.0004647,0.00077485136,1.0,1
71696000,71696000,0.7,2.3122564e-06,-0.112172246,1.0004642,0.0013974194,1.0,1
71800000,71800000,0.7,2.309098e-06,-0.08876794,1.0004638,0.00087512156,1.0,1
71896000,71896000,0.7,2.306213e-06,-0.07032281,1.0004635,0.000549223,1.0,1
71992000,71992000,0.7,2.303364e-06,-0.05542464,1.0004625,0.00034116342,1.0,1
72096000,72096000,0.7,2.3003263e-06,-0.06562604,1.0004613,0.0004783101,1.0,1
72192000,72192000,0.7,2.2975669e-06,-0.07465256,1.0004606,0.00061893766,1.0,1
72296000,72296000,0.7,2.2946056e-06,-0.081770524,1.0004605,0.00074259343,1.0,1
72400000,72400000,0.7,2.2916704e-06,-0.05368812,1.0004598,0.00032012106,1.0,1
72496000,72496000,0.7,2.2890035e-06,-0.055313554,1.0004586,0.00033979854,1.0,1
72592000,72592000,0.7,2.2863876e-06,-0.04753301,1.0004573,0.00025092822,1.0,1
72696000,72696000,0.7,2.2835907e-06,-0.08981565,1.0004575,0.0008959068,1.0,1
72792000,72792000,0.7,2.2810195e-06,-0.056568462,1.000457,0.0003553921,1.0,1
72896000,72896000,0.7,2.2782738e-06,-0.07926797,1.000456,0.0006978386,1.0,1
72992000,72992000,0.7,2.2757824e-06,-0.10338931,1.0004549,0.0011871654,1.0,1
73096000,73096000,0.7,2.2731351e-06,-0.0699783,1.0004537,0.00054386014,1.0,1
73192000,73192000,0.7,2.270731e-06,-0.10223412,1.0004529,0.0011607871,1.0,1
73296000,73296000,0.7,2.2681565e-06,-0.0979572,1.0004525,0.001065697,1.0,1
73400000,73400000,0.7,2.2656138e-06,-0.1178793,1.000452,0.00154325,1.0,1
73496000,73496000,0.7,2.2632678e-06,-0.11739013,1.000453,0.0015304671,1.0,1
73592000,73592000,0.7,2.260922e-06,-0.0790766,1.000453,0.0006944753,1.0,1
73696000,73696000,0.7,2.258414e-06,-0.08018019,1.0004519,0.0007139954,1.0,1
73792000,73792000,0.7,2.2561435e-06,-0.09048959,1.000451,0.0009094083,1.0,1
73896000,73896000,0.7,2.253713e-06,-0.09983393,1.0004507,0.0011069247,1.0,1
73992000,73992000,0.7,2.2514819e-06,-0.1062569,1.0004505,0.0012539384,1.0,1
74096000,74096000,0.7,2.249091e-06,-0.06482842,1.00045,0.0004667593,1.0,1
74192000,74192000,0.7,2.2469164e-06,-0.072288916,1.0004494,0.0005803711,1.0,1
74296000,74296000,0.7,2.2445918e-06,-0.0460707,1.0004486,0.00023572863,1.0,1
74392000,74392000,0.7,2.2424797e-06,-0.040703777,1.000448,0.00018400617,1.0,1
74496000,74496000,0.7,2.2401966e-06,-0.084852524,1.0004491,0.0007996355,1.0,1
74592000,74592000,0.7,2.2380787e-06,-0.08976972,1.0004492,0.0008949983,1.0,1
74696000,74696000,0.7,2.2358013e-06,-0.079512164,1.000449,0.00070214964,1.0,1
74792000,74792000,0.7,2.2337176e-06,-0.060314965,1.0004486,0.00040402933,1.0,1
74896000,74896000,0.7,2.231502e-06,-0.07822266,1.000447,0.00067956117,1.0,1
74992000,74992000,0.7,2.2295076e-06,-0.09422256,1.0004461,0.0009859925,1.0,1
75096000,75096000,0.7,2.227362e-06,-0.060450453,1.0004463,0.00040584747,1.0,1
75200000,75200000,0.7,2.225238e-06,-0.0596965,1.0004456,0.0003957872,1.0,1
75296000,75296000,0.7,2.2232953e-06,-0.1294194,1.0004458,0.001860213,1.0,1
75392000,75392000,0.7,2.2213599e-06,-0.042329267,1.0004457,0.00019899651,1.0,1
75496000,75496000,0.7,2.2192978e-06,-0.09269311,1.0004444,0.00095424405,1.0,1
75592000,75592000,0.7,2.217432e-06,-0.08862756,1.0004436,0.0008723735,1.0,1
75696000,75696000,0.7,2.2154534e-06,-0.11007495,1.0004425,0.0013456818,1.0,1
75792000,75792000,0.7,2.2136533e-06,-0.10003099,1.0004421,0.0011113085,1.0,1
75896000,75896000,0.7,2.2117342e-06,-0.0775185,1.0004412,0.0006673853,1.0,1
75992000,75992000,0.7,2.2099905e-06,-0.11551213,1.0004407,0.0014819084,1.0,1
76096000,76096000,0.7,2.2081222e-06,-0.12625521,1.0004406,0.0017703732,1.0,1
76200000,76200000,0.7,2.2062645e-06,-0.121321306,1.0004405,0.0016347087,1.0,1
76296000,76296000,0.7,2.2045676e-06,-0.12684067,1.0004401,0.0017868307,1.0,1
76400000,76400000,0.7,2.2027439e-06,-0.1072364,1.0004398,0.0012771767,1.0,1
76496000,76496000,0.7,2.2010674e-06,-0.09924209,1.0004405,0.0010938507,1.0,1
76600000,76600000,0.7,2.199248e-06,-0.08606371,1.0004407,0.00082263333,1.0,1
76696000,76696000,0.7,2.1975832e-06,-0.10571411,1.0004402,0.0012411728,1.0,1
76792000,76792000,0.7,2.1959384e-06,-0.1107115,1.0004398,0.0013612942,1.0,1
76896000,76896000,0.7,2.1941714e-06,-0.10904791,1.0004398,0.0013206911,1.0,1
77000000,77000000,0.7,2.1924234e-06,-0.0869202,1.000439,0.00083908957,1.0,1
77096000,77096000,0.7,2.1908252e-06,-0.09632034,1.0004393,0.0010303926,1.0,1
77200000,77200000,0.7,2.1891003e-06,-0.0871679,1.0004393,0.0008438784,1.0,1
77296000,77296000,0.7,2.1875337e-06,-0.08702102,1.0004382,0.0008410379,1.0,1
77400000,77400000,0.7,2.1858675e-06,-0.10467939,1.0004376,0.001216998,1.0,1
77496000,77496000,0.7,2.1843439e-06,-0.099934265,1.0004379,0.0011091651,1.0,1
77592000,77592000,0.7,2.182827e-06,-0.08023395,1.0004376,0.00071496336,1.0,1
77696000,77696000,0.7,2.1812007e-06,-0.06964192,1.0004374,0.00053865294,1.0,1
77792000,77792000,0.7,2.1797207e-06,-0.09765824,1.0004367,0.0010592188,1.0,1
77896000,77896000,0.7,2.1781284e-06,-0.11089998,1.000437,0.001365937,1.0,1
77992000,77992000,0.7,2.1766725e-06,-0.08261653,1.0004365,0.000758057,1.0,1
78096000,78096000,0.7,2.175116e-06,-0.06274758,1.000436,0.00043728264,1.0,1
78200000,78200000,0.7,2.1735837e-06,-0.12635863,1.0004356,0.0017732835,1.0,1
78296000,78296000,0.7,2.172168e-06,-0.10270179,1.0004362,0.0011714511,1.0,1
78400000,78400000,0.7,2.170638e-06,-0.1280792,1.0004362,0.0018219034,1.0,1
78496000,78496000,0.7,2.1692413e-06,-0.09319684,1.0004356,0.00096465216,1.0,1
78592000,78592000,0.7,2.167865e-06,-0.11707475,1.0004352,0.0015222817,1.0,1
78696000,78696000,0.7,2.16639e-06,-0.11739088,1.000435,0.0015305141,1.0,1
78800000,78800000,0.7,2.164941e-06,-0.13193221,1.000434,0.0019331732,1.0,1
78896000,78896000,0.7,2.163626e-06,-0.13437712,1.0004337,0.002005487,1.0,1
79000000,79000000,0.7,2.1622186e-06,-0.09634455,1.0004336,0.0010309167,1.0,1
79096000,79096000,0.7,2.1609387e-06,-0.07315835,1.0004327,0.0005944255,1.0,1
79200000,79200000,0.7,2.1595818e-06,-0.071750075,1.000432,0.0005717611,1.0,1
79296000,79296000,0.7,2.1583503e-06,-0.09259772,1.0004317,0.00095229317,1.0,1
79392000,79392000,0.7,2.1571366e-06,-0.103870556,1.0004308,0.0011982718,1.0,1
79496000,79496000,0.7,2.1558608e-06,-0.07147368,1.0004296,0.0005673659,1.0,1
79592000,79592000,0.7,2.1547128e-06,-0.11265582,1.0004292,0.0014095433,1.0,1
79696000,79696000,0.7,2.1534775e-06,-0.10869025,1.0004292,0.0013120557,1.0,1
79792000,79792000,0.7,2.1523447e-06,-0.12758155,1.0004292,0.0018077856,1.0,1
79896000,79896000,0.7,2.151107e-06,-0.10399169,1.0004302,0.001201069,1.0,1
79992000,79992000,0.7,2.1499568e-06,-0.0720202,1.0004305,0.00057607534,1.0,1
80096000,80096000,0.7,2.1487176e-06,-0.08052099,1.0004303,0.0007200934,1.0,1
80200000,80200000,0.7,2.147484e-06,-0.097894214,1.0004302,0.0010643506,1.0,1
80296000,80296000,0.7,2.1463627e-06,-0.14274424,1.0004295,0.002263019,1.0,1
80392000,80392000,0.7,2.1452574e-06,-0.109637864,1.0004295,0.0013350334,1.0,1
80496000,80496000,0.7,2.1440658e-06,-0.10018704,1.0004295,0.0011147928,1.0,1
80592000,80592000,0.7,2.142973e-06,-0.09027885,1.0004294,0.00090519694,1.0,1
80696000,80696000,0.7,2.141816e-06,-0.10712762,1.0004281,0.0012746019,1.0,1
80800000,80800000,0.7,2.140685e-06,-0.10816858,1.0004281,0.0012994928,1.0,1
80896000,80896000,0.7,2.1396497e-06,-0.09482155,1.0004278,0.0009985868,1.0,1
81000000,81000000,0.7,2.1385401e-06,-0.107455365,1.0004277,0.0012824133,1.0,1
81096000,81096000,0.7,2.137524e-06,-0.119266644,1.0004276,0.0015798281,1.0,1
81200000,81200000,0.7,2.136427e-06,-0.10608541,1.0004277,0.0012499227,1.0,1
81296000,81296000,0.7,2.135422e-06,-0.14065126,1.0004274,0.0021971473,1.0,1
81400000,81400000,0.7,2.1343387e-06,-0.073297635,1.0004277,0.00059669407,1.0,1
81496000,81496000,0.7,2.1333515e-06,-0.12135411,1.0004269,0.0016356151,1.0,1
81592000,81592000,0.7,2.1323874e-06,-0.07009896,1.0004263,0.00054575223,1.0,1
81696000,81696000,0.7,2.1313572e-06,-0.12420881,1.0004264,0.0017134724,1.0,1
81792000,81792000,0.7,2.1303997e-06,-0.11367299,1.0004269,0.0014351148,1.0,1
81896000,81896000,0.7,2.1293763e-06,-0.070075125,1.0004259,0.00054538134,1.0,1
82000000,82000000,0.7,2.1283752e-06,-0.09310003,1.0004257,0.0009626587,1.0,1
82096000,82096000,0.7,2.12746e-06,-0.1356087,1.0004256,0.002042433,1.0,1
82192000,82192000,0.7,2.1265428e-06,-0.11913659,1.0004259,0.001576387,1.0,1
82296000,82296000,0.7,2.125586e-06,-0.11067368,1.0004236,0.0013603864,1.0,1
82400000,82400000,0.7,2.1246829e-06,-0.121341735,1.0004227,0.0016352885,1.0,1
82496000,82496000,0.7,2.123854e-06,-0.11154544,1.0004233,0.0013819023,1.0,1
82592000,82592000,0.7,2.1230112e-06,-0.076561496,1.0004239,0.0006510199,1.0,1
82696000,82696000,0.7,2.1221115e-06,-0.10093218,1.0004231,0.0011314441,1.0,1
82800000,82800000,0.7,2.1212245e-06,-0.10277741,1.0004232,0.0011731919,1.0,1
82896000,82896000,0.7,2.1204028e-06,-0.11620293,1.0004237,0.0014997113,1.0,1
83000000,83000000,0.7,2.1194962e-06,-0.10922561,1.0004246,0.0013250189,1.0,1
83096000,83096000,0.7,2.1186586e-06,-0.09941926,1.0004241,0.0010977775,1.0,1
83192000,83192000,0.7,2.1178375e-06,-0.06421746,1.0004238,0.00045801507,1.0,1
83296000,83296000,0.7,2.1169576e-06,-0.065939836,1.0004238,0.00048291337,1.0,1
83392000,83392000,0.7,2.1161454e-06,-0.09774093,1.0004243,0.0010610265,1.0,1
83496000,83496000,0.7,2.1152714e-06,-0.09317243,1.0004234,0.0009641586,1.0,1
83600000,83600000,0.7,2.1144197e-06,-0.10019729,1.0004232,0.0011150278,1.0,1
83696000,83696000,0.7,2.1136275e-06,-0.13519903,1.0004238,0.0020301149,1.0,1
83792000,83792000,0.7,2.1128294e-06,-0.07479289,1.000424,0.0006212895,1.0,1
83896000,83896000,0.7,2.1119922e-06,-0.08118095,1.0004225,0.00073195156,1.0,1
83992000,83992000,0.7,2.111256e-06,-0.12800871,1.0004216,0.0018199248,1.0,1
84096000,84096000,0.7,2.1104577e-06,-0.11833686,1.0004225,0.0015552997,1.0,1
84192000,84192000,0.7,2.1097098e-06,-0.07933954,1.0004227,0.00069912255,1.0,1
84296000,84296000,0.7,2.1089118e-06,-0.124143094,1.000422,0.0017116675,1.0,1
84392000,84392000,0.7,2.1081885e-06,-0.10805016,1.000422,0.001296657,1.0,1
84496000,84496000,0.7,2.1074088e-06,-0.09722377,1.0004219,0.0010498307,1.0,1
84592000,84592000,0.7,2.1066887e-06,-0.1077888,1.0004224,0.0012903912,1.0,1
84696000,84696000,0.7,2.1059136e-06,-0.09034886,1.0004219,0.0009066083,1.0,1
84792000,84792000,0.7,2.105215e-06,-0.11474051,1.0004216,0.0014622041,1.0,1
84896000,84896000,0.7,2.1044777e-06,-0.10853444,1.0004205,0.0013083082,1.0,1
85000000,85000000,0.7,2.1037692e-06,-0.11166994,1.0004197,0.0013849939,1.0,1
85096000,85096000,0.7,2.103123e-06,-0.13056448,1.0004202,0.0018933247,1.0,1
85200000,85200000,0.7,2.1024032e-06,-0.101024605,1.000421,0.0011335195,1.0,1
85296000,85296000,0.7,2.101759e-06,-0.096598774,1.0004193,0.0010363791,1.0,1
85400000,85400000,0.7,2.1010915e-06,-0.12503523,1.000419,0.0017363623,1.0,1
85496000,85496000,0.7,2.1004978e-06,-0.106194064,1.0004181,0.0012524964,1.0,1
85592000,85592000,0.7,2.0999128e-06,-0.1023844,1.0004183,0.0011642425,1.0,1
85696000,85696000,0.7,2.0992654e-06,-0.1306812,1.0004193,0.0018967132,1.0,1
85792000,85792000,0.7,2.0986445e-06,-0.13421366,1.0004202,0.0020006376,1.0,1
85896000,85896000,0.7,2.097978e-06,-0.11229584,1.0004191,0.0014005636,1.0,1
86000000,86000000,0.7,2.0973337e-06,-0.1297372,1.0004195,0.0018694092,1.0,1
86096000,86096000,0.7,2.0967298e-06,-0.11888759,1.0004196,0.0015698145,1.0,1
86192000,86192000,0.7,2.096129e-06,-0.10499664,1.0004197,0.0012244076,1.0,1
86296000,86296000,0.7,2.0954653e-06,-0.106837586,1.0004205,0.0012677192,1.0,1
86392000,86392000,0.7,2.0948432e-06,-0.09150185,1.0004207,0.00092989637,1.0,1
86496000,86496000,0.7,2.0941827e-06,-0.080915876,1.0004197,0.0007271813,1.0,1
86592000,86592000,0.7,2.0935963e-06,-0.09544955,1.0004194,0.0010118664,1.0,1
86696000,86696000,0.7,2.092968e-06,-0.14098231,1.0004194,0.00220752,1.0,1
86792000,86792000,0.7,2.0923806e-06,-0.083971746,1.0004202,0.00078314357,1.0,1
86896000,86896000,0.7,2.0917694e-06,-0.11427179,1.0004177,0.0014502878,1.0,1
86992000,86992000,0.7,2.0912446e-06,-0.13763599,1.0004176,0.0021039732,1.0,1
87096000,87096000,0.7,2.0906677e-06,-0.1275249,1.0004182,0.0018062004,1.0,1
87192000,87192000,0.7,2.090121e-06,-0.1107306,1.0004189,0.0013617926,1.0,1
87296000,87296000,0.7,2.0895473e-06,-0.089512296,1.000417,0.0008899013,1.0,1
87392000,87392000,0.7,2.0890513e-06,-0.114550695,1.000417,0.001457377,1.0,1
87496000,87496000,0.7,2.0885038e-06,-0.11414098,1.0004175,0.0014469696,1.0,1
87592000,87592000,0.7,2.0879822e-06,-0.11510649,1.0004184,0.0014715514,1.0,1
87696000,87696000,0.7,2.0874174e-06,-0.057973433,1.0004177,0.00037327953,1.0,1
87800000,87800000,0.7,2.0868802e-06,-0.084172174,1.0004171,0.00078688905,1.0,1
87896000,87896000,0.7,2.0863818e-06,-0.103977695,1.0004176,0.001200761,1.0,1
87992000,87992000,0.7,2.0858745e-06,-0.113519,1.0004182,0.0014312419,1.0,1
88096000,88096000,0.7,2.0853438e-06,-0.09551117,1.0004163,0.0010131764,1.0,1
88200000,88200000,0.7,2.0848513e-06,-0.10309717,1.0004159,0.0011805119,1.0,1
88296000,88296000,0.7,2.0843936e-06,-0.14383146,1.0004166,0.0022976527,1.0,1
88400000,88400000,0.7,2.083878e-06,-0.116334796,1.0004174,0.0015031265,1.0,1
88496000,88496000,0.7,2.083417e-06,-0.10491682,1.0004158,0.0012225516,1.0,1
88592000,88592000,0.7,2.0829814e-06,-0.1134637,1.0004156,0.0014298514,1.0,1
88696000,88696000,0.7,2.0825048e-06,-0.13269532,1.0004164,0.0019556351,1.0,1
88800000,88800000,0.7,2.0820034e-06,-0.09799869,1.0004174,0.0010666375,1.0,1
88896000,88896000,0.7,2.0815505e-06,-0.10057749,1.0004159,0.0011235139,1.0,1
88992000,88992000,0.7,2.081117e-06,-0.11998777,1.0004159,0.0015990089,1.0,1
89096000,89096000,0.7,2.0806747e-06,-0.0730133,1.0004139,0.0005920818,1.0,1
89192000,89192000,0.7,2.0803045e-06,-0.16391757,1.0004135,0.0029842071,1.0,1
89296000,89296000,0.7,2.0798848e-06,-0.12599306,1.0004147,0.0017630743,1.0,1
89392000,89392000,0.7,2.0794755e-06,-0.14405257,1.0004157,0.0023047242,1.0,1
89496000,89496000,0.7,2.0790383e-06,-0.11840817,1.0004144,0.0015571876,1.0,1
89600000,89600000,0.7,2.078624e-06,-0.10564121,1.0004145,0.0012394934,1.0,1
89696000,89696000,0.7,2.0782284e-06,-0.12780015,1.0004152,0.0018140113,1.0,1
89800000,89800000,0.7,2.077776e-06,-0.11116816,1.0004166,0.0013725793,1.0,1
89896000,89896000,0.7,2.0773632e-06,-0.09071858,1.0004151,0.0009140496,1.0,1
90000000,90000000,0.7,2.0769403e-06,-0.079336986,1.0004152,0.0006990828,1.0,1
90096000,90096000,0.7,2.0765572e-06,-0.098742485,1.0004144,0.0010828933,1.0,1
90192000,90192000,0.7,2.0761843e-06,-0.114223115,1.0004147,0.0014490568,1.0,1
90296000,90296000,0.7,2.0757536e-06,-0.115557596,1.0004162,0.0014831115,1.0,1
90392000,90392000,0.7,2.0753332e-06,-0.07540463,1.0004166,0.0006314989,1.0,1
90496000,90496000,0.7,2.0749028e-06,-0.09365001,1.0004147,0.00097407657,1.0,1
90600000,90600000,0.7,2.074508e-06,-0.09273829,1.0004143,0.0009552034,1.0,1
90696000,90696000,0.7,2.074148e-06,-0.09018611,1.0004144,0.00090335176,1.0,1
90792000,90792000,0.7,2.073777e-06,-0.091514975,1.0004152,0.0009301684,1.0,1
90896000,90896000,0.7,2.0733887e-06,-0.05475349,1.0004135,0.00033296726,1.0,1
91000000,91000000,0.7,2.0730276e-06,-0.12795207,1.0004138,0.001818329,1.0,1
91096000,91096000,0.7,2.072681e-06,-0.09604958,1.0004144,0.0010246334,1.0,1
91192000,91192000,0.7,2.0723194e-06,-0.11148507,1.0004151,0.0013804182,1.0,1
91296000,91296000,0.7,2.0719465e-06,-0.0688039,1.000413,0.00052578025,1.0,1
91392000,91392000,0.7,2.0716425e-06,-0.111191586,1.0004126,0.0013731633,1.0,1
91496000,91496000,0.7,2.0713073e-06,-0.10771204,1.0004132,0.0012885657,1.0,1
91600000,91600000,0.7,2.0709515e-06,-0.08814009,1.0004141,0.0008628289,1.0,1
91696000,91696000,0.7,2.0706118e-06,-0.12212647,1.0004146,0.0016565213,1.0,1
91792000,91792000,0.7,2.0702532e-06,-0.10699386,1.0004153,0.001271437,1.0,1
91896000,91896000,0.7,2.069853e-06,-0.10167333,1.0004158,0.0011481299,1.0,1
91992000,91992000,0.7,2.0694786e-06,-0.04607644,1.0004159,0.00023579507,1.0,1
92096000,92096000,0.7,2.069099e-06,-0.064524576,1.000414,0.00046241086,1.0,1
92192000,92192000,0.7,2.0687862e-06,-0.068674736,1.0004133,0.0005238079,1.0,1
92296000,92296000,0.7,2.0684517e-06,-0.09774708,1.0004137,0.0010611712,1.0,1
92392000,92392000,0.7,2.0681364e-06,-0.08770181,1.0004139,0.0008542695,1.0,1
92496000,92496000,0.7,2.06781e-06,-0.10684062,1.0004125,0.0012678013,1.0,1
92600000,92600000,0.7,2.0675093e-06,-0.098024644,1.0004123,0.0010672079,1.0,1
92696000,92696000,0.7,2.0672271e-06,-0.06592604,1.0004127,0.00048271663,1.0,1
92800000,92800000,0.7,2.0669183e-06,-0.10611436,1.0004131,0.0012506231,1.0,1
92896000,92896000,0.7,2.0666214e-06,-0.1159838,1.0004135,0.0014940755,1.0,1
93000000,93000000,0.7,2.0662924e-06,-0.075508304,1.0004138,0.00063323847,1.0,1
93096000,93096000,0.7,2.0659968e-06,-0.097575,1.000413,0.001057439,1.0,1
93192000,93192000,0.7,2.0657092e-06,-0.14510223,1.0004133,0.00233844,1.0,1
93296000,93296000,0.7,2.0653786e-06,-0.10149116,1.0004141,0.0011440213,1.0,1
93392000,93392000,0.7,2.065064e-06,-0.095576435,1.0004144,0.0010145636,1.0,1
93496000,93496000,0.7,2.0647421e-06,-0.058709137,1.0004128,0.0003828156,1.0,1
93600000,93600000,0.7,2.064455e-06,-0.080682814,1.0004123,0.00072300376,1.0,1
93696000,93696000,0.7,2.0641899e-06,-0.13642164,1.0004127,0.0020670206,1.0,1
93792000,93792000,0.7,2.063915e-06,-0.0995706,1.0004131,0.0011011346,1.0,1
93896000,93896000,0.7,2.0636278e-06,-0.08204097,1.0004122,0.0007475498,1.0,1
94000000,94000000,0.7,2.0633477e-06,-0.10405981,1.0004125,0.0012026645,1.0,1
94096000,94096000,0.7,2.0630873e-06,-0.11515084,1.0004127,0.0014726939,1.0,1
94192000,94192000,0.7,2.0628172e-06,-0.11640937,1.0004131,0.0015050607,1.0,1
94296000,94296000,0.7,2.0625218e-06,-0.055330385,1.0004132,0.0003400208,1.0,1
94392000,94392000,0.7,2.0622472e-06,-0.084417626,1.0004135,0.0007914877,1.0,1
94496000,94496000,0.7,2.0619527e-06,-0.08372653,1.0004128,0.0007785821,1.0,1
94592000,94592000,0.7,2.061704e-06,-0.092017256,1.000412,0.0009404098,1.0,1
94696000,94696000,0.7,2.061447e-06,-0.06788185,1.0004117,0.00051178323,1.0,1
94792000,94792000,0.7,2.061213e-06,-0.1120211,1.0004119,0.001393729,1.0,1
94896000,94896000,0.7,2.06096e-06,-0.1061458,1.0004119,0.0012513658,1.0,1
95000000,95000000,0.7,2.0607063e-06,-0.099428795,1.0004119,0.0010980016,1.0,1
95096000,95096000,0.7,2.0604834e-06,-0.09661059,1.0004114,0.0010366408,1.0,1
95192000,95192000,0.7,2.0602693e-06,-0.11013973,1.000411,0.0013473084,1.0,1
95296000,95296000,0.7,2.060038e-06,-0.112865224,1.0004115,0.0014148131,1.0,1
95392000,95392000,0.7,2.0598163e-06,-0.10756733,1.0004119,0.0012851075,1.0,1
95496000,95496000,0.7,2.0595733e-06,-0.10079236,1.0004116,0.0011283244,1.0,1
95600000,95600000,0.7,2.0593332e-06,-0.09733389,1.0004119,0.0010522207,1.0,1
95696000,95696000,0.7,2.059115e-06,-0.03681794,1.0004114,0.00015055593,1.0,1
95800000,95800000,0.7,2.058892e-06,-0.09595784,1.0004112,0.0010226803,1.0,1
95896000,95896000,0.7,2.058684e-06,-0.10778399,1.0004115,0.0012902898,1.0,1
95992000,95992000,0.7,2.058462e-06,-0.091861926,1.0004121,0.00093723746,1.0,1
96096000,96096000,0.7,2.058206e-06,-0.07701012,1.000413,0.00065867894,1.0,1
96200000,96200000,0.7,2.0579332e-06,-0.039571285,1.0004134,0.0001739155,1.0,1
96296000,96296000,0.7,2.0576813e-06,-0.09929246,1.0004131,0.0010949912,1.0,1
96392000,96392000,0.7,2.0574387e-06,-0.083377235,1.0004128,0.0007720994,1.0,1
96496000,96496000,0.7,2.057181e-06,-0.09521804,1.0004128,0.0010069704,1.0,1
96592000,96592000,0.7,2.0569398e-06,-0.087385714,1.0004131,0.00084812334,1.0,1
96696000,96696000,0.7,2.0566854e-06,-0.11071867,1.0004126,0.0013615075,1.0,1
96792000,96792000,0.7,2.0564535e-06,-0.10596244,1.0004127,0.0012470452,1.0,1
96896000,96896000,0.7,2.0562081e-06,-0.05887482,1.0004123,0.00038497953,1.0,1
96992000,96992000,0.7,2.0559987e-06,-0.10896209,1.0004116,0.0013186501,1.0,1
97096000,97096000,0.7,2.0557825e-06,-0.09115358,1.0004113,0.0009228399,1.0,1
97200000,97200000,0.7,2.055572e-06,-0.05535878,1.0004114,0.0003403705,1.0,1
97296000,97296000,0.7,2.055375e-06,-0.11314228,1.0004115,0.0014217678,1.0,1
97392000,97392000,0.7,2.0551702e-06,-0.09772357,1.000412,0.0010606627,1.0,1
97496000,97496000,0.7,2.0549385e-06,-0.10147961,1.0004125,0.001143763,1.0,1
97600000,97600000,0.7,2.0547066e-06,-0.085043065,1.0004121,0.0008032604,1.0,1
97696000,97696000,0.7,2.0545062e-06,-0.054913554,1.0004115,0.00033491754,1.0,1
97792000,97792000,0.7,2.054318e-06,-0.07796589,1.0004112,0.0006751314,1.0,1
97896000,97896000,0.7,2.0541097e-06,-0.08529039,1.000412,0.0008079394,1.0,1
98000000,98000000,0.7,2.053883e-06,-0.038135074,1.0004123,0.0001615205,1.0,1
98096000,98096000,0.7,2.0536736e-06,-0.088612944,1.0004121,0.0008721132,1.0,1
98200000,98200000,0.7,2.05346e-06,-0.067815706,1.0004117,0.00051078637,1.0,1
98296000,98296000,0.7,2.0532696e-06,-0.062864676,1.0004116,0.00043892683,1.0,1
98392000,98392000,0.7,2.0530863e-06,-0.048047286,1.0004113,0.0002563992,1.0,1
98496000,98496000,0.7,2.0528994e-06,-0.098417826,1.0004108,0.0010757879,1.0,1
98600000,98600000,0.7,2.0527282e-06,-0.083845906,1.0004101,0.000780806,1.0,1
98696000,98696000,0.7,2.0525708e-06,-0.089981526,1.0004108,0.00089926115,1.0,1
98800000,98800000,0.7,2.0523862e-06,-0.0899241,1.0004112,0.00089811336,1.0,1
98896000,98896000,0.7,2.052217e-06,-0.09778732,1.0004108,0.0010620481,1.0,1
99000000,99000000,0.7,2.0520513e-06,-0.060877606,1.0004101,0.0004116182,1.0,1
99096000,99096000,0.7,2.0519055e-06,-0.053196307,1.0004102,0.00031429855,1.0,1
99200000,99200000,0.7,2.0517514e-06,-0.08040978,1.0004098,0.00071812037,1.0,1
99296000,99296000,0.69978046,2.0546518e-06,-0.3984177,1.0869157,0.016227024,1.0830237,1
99392000,99392000,0.7,2.058865e-06,-1.791054,1.1557739,0.3083912,1.1615933,1
99496000,99496000,0.7,2.0619036e-06,-1.1528977,1.1823378,0.12491008,1.1803168,1
99600000,99600000,0.7,2.0636705e-06,-0.6663931,1.1412176,0.04323645,1.13671,1
99696000,99696000,0.7,2.0644234e-06,-0.45920414,1.090095,0.021493377,1.085382,1
99800000,99800000,0.7,2.0644777e-06,-0.3626295,1.0352354,0.014113822,1.0306879,1
99896000,99896000,0.7,2.0639352e-06,-0.3021717,1.0004294,0.01014095,1.0,1
99992000,99992000,0.7,2.063236e-06,-0.25999406,1.0004307,0.007507534,1.0,1
100096000,100096000,0.7,2.062463e-06,-0.24924076,1.000431,0.006899355,1.0,1
100192000,100192000,0.7,2.0617515e-06,-0.24204108,1.0004311,0.0065065157,1.0,1
100296000,100296000,0.7,2.060992e-06,-0.24389537,1.0004305,0.0066065956,1.0,1
100392000,100392000,0.7,2.060309e-06,-0.27303174,1.00043,0.0082793655,1.0,1
100496000,100496000,0.7,2.0595755e-06,-0.28909066,1.00043,0.009281943,1.0,1
100592000,100592000,0.7,2.0589046e-06,-0.26669478,1.0004297,0.007899506,1.0,1
100696000,100696000,0.7,2.058197e-06,-0.23028024,1.000429,0.0058895824,1.0,1
100800000,100800000,0.7,2.0575108e-06,-0.3097851,1.0004287,0.010658409,1.0,1
100896000,100896000,0.7,2.0568643e-06,-0.24307592,1.0004297,0.00656228,1.0,1
100992000,100992000,0.7,2.056213e-06,-0.23272747,1.0004295,0.0060154246,1.0,1
101096000,101096000,0.7,2.055515e-06,-0.21549913,1.0004296,0.0051577706,1.0,1
101200000,101200000,0.7,2.0548334e-06,-0.2251758,1.0004287,0.005631379,1.0,1
101296000,101296000,0.7,2.0542345e-06,-0.24175943,1.0004274,0.0064914064,1.0,1
101392000,101392000,0.7,2.053666e-06,-0.22941221,1.0004264,0.0058452813,1.0,1
101496000,101496000,0.7,2.0530686e-06,-0.24265452,1.0004265,0.0065395683,1.0,1
101600000,101600000,0.7,2.052472e-06,-0.23727344,1.0004264,0.0062527433,1.0,1
101696000,101696000,0.7,2.051932e-06,-0.27614456,1.0004259,0.008469261,1.0,1
101792000,101792000,0.7,2.0514026e-06,-0.2335318,1.0004257,0.0060571,1.0,1
101896000,101896000,0.7,2.0508323e-06,-0.25212866,1.000426,0.0070601986,1.0,1
101992000,101992000,0.7,2.0503037e-06,-0.26256058,1.0004258,0.007656524,1.0,1
102096000,102096000,0.7,2.0497478e-06,-0.23825993,1.0004252,0.0063048513,1.0,1
102192000,102192000,0.7,2.0492528e-06,-0.2554779,1.0004245,0.00724903,1.0,1
102296000,102296000,0.69997984,2.0560553e-06,1.771564,17.807165,0.019582873,17.742138,1
102400000,102400000,0.69994277,2.0664986e-06,2.6423562,17.312582,0.044810355,17.258297,1
102496000,102496000,0.6999025,2.0761393e-06,2.7525396,16.672953,0.050490785,16.620129,1
102592000,102592000,0.69985944,2.0857767e-06,2.8960059,16.052156,0.05805278,16.001322,1
102696000,102696000,0.69980896,2.0962138e-06,3.074547,15.406894,0.06817179,15.358492,1
102800000,102800000,0.6997549,2.1066494e-06,3.2105007,14.786,0.07745551,14.739396,1
102896000,102896000,0.6997014,2.1162798e-06,3.319723,14.237662,0.08600476,14.192441,1
103000000,103000000,0.69963956,2.126711e-06,3.4806397,13.666393,0.098496705,13.623221,1
103096000,103096000,0.69957864,2.136338e-06,3.6113558,13.16058,0.110109046,13.119011,1
103192000,103192000,0.699514,2.1459641e-06,3.7688675,12.675021,0.124517545,12.63536,1
103296000,103296000,0.6994722,2.156721e-06,8.152539,13.583715,0.54365665,13.647955,1
103392000,103392000,0.6994358,2.166651e-06,8.137154,14.21387,0.5175952,14.25446,1
103496000,103496000,0.6993975,2.177408e-06,8.124512,14.6171255,0.5017531,14.637475,1
103600000,103600000,0.6993596,2.1881674e-06,8.1356325,14.791345,0.49720156,14.796599,1
103696000,103696000,0.69932455,2.198099e-06,8.119612,14.788294,0.49534744,14.781942,1
103792000,103792000,0.6992895,2.208029e-06,8.133412,14.66538,0.5011985,14.650705,1
103880000,0,nan,nan,nan,nan,nan,nan,0
