timestamp,timestamp_sample,ref_timestamp,ref_lat,ref_lon,x,y,z,delta_xy[0],delta_xy[1],delta_z,vx,vy,vz,z_deriv,delta_vxy[0],delta_vxy[1],delta_vz,ax,ay,az,heading,delta_heading,ref_alt,dist_bottom,eph,epv,evh,evv,vxy_max,vz_max,hagl_min,hagl_max,xy_valid,z_valid,v_xy_valid,v_z_valid,xy_reset_counter,z_reset_counter,vxy_reset_counter,vz_reset_counter,heading_reset_counter,heading_good_for_control,xy_global,z_global,dist_bottom_valid,dist_bottom_sensor_bitfield,dead_reckoning
792000,792000,0,nan,nan,-0.38630277,-0.3675532,0.098870836,0.00010163891,-2.8856424e-05,0.0,-1.768796,-1.7684189,0.50606877,0.5003186,0.025409726,-0.0072141057,-0.02028095,-3.5305555,-3.9743285,1.3418243,0.76409495,0.0,nan,0.1,0.7766553,5.8462667,3.5568585,3.1522224,inf,inf,inf,inf,0,0,0,0,1,1,1,1,0,0,0,0,0,0,1
1296000,1296000,1204000,47.397742099999995,8.5455934,-0.45619848,-0.5078281,0.38618258,0.00010163891,-2.8856424e-05,0.0,-1.9448868,-2.202447,1.0813946,1.0533035,0.025409726,-0.0072141057,-0.02028095,-3.28076,-3.9248078,1.1873142,0.79917824,0.0,488.3202,0.1,0.74845105,4.853867,1.5594956,3.1261668,inf,inf,inf,inf,0,0,0,0,1,1,1,1,0,0,1,1,0,0,1
1792000,1792000,1204000,47.397742099999995,8.5455934,-0.83086336,-0.9971032,0.62860537,0.00010163891,-2.8856424e-05,0.0,-2.3469834,-2.9549952,1.1506574,0.9965713,0.025409726,-0.0072141057,-0.02028095,-2.3634892,-3.5148966,0.7466692,0.90005773,0.0,488.3202,0.1,0.5201713,4.2092505,1.3596759,2.9631033,inf,inf,inf,inf,0,0,0,0,1,1,1,1,0,0,1,1,0,0,1
2296000,2296000,1204000,47.397742099999995,8.5455934,-0.3965192,-0.6089381,0.24990937,0.00010163891,-2.8856424e-05,0.0,-0.5709327,-1.2212969,-0.30370635,-0.44803816,0.025409726,-0.0072141057,-0.02028095,0.5894959,0.06324023,-0.1507271,1.6563953,0.0,488.3202,0.1298213,0.64364386,1.6247193,1.644833,2.230648,inf,inf,inf,inf,0,1,0,1,1,1,1,1,0,0,1,1,0,0,1
2792000,2792000,1204000,47.397742099999995,8.5455934,-0.013888193,-0.000401543,0.03714067,0.00010163891,-2.8856424e-05,0.0,0.18198608,0.810855,-0.5307012,-0.9900923,0.025409726,-0.0072141057,-0.02028095,-0.27896443,2.2908444,0.10243523,2.1286077,0.0,488.3202,0.20307255,0.74884605,1.3132747,1.6569198,1.7825507,inf,inf,inf,inf,0,1,0,1,1,1,1,1,0,0,1,1,0,0,1
3296000,3296000,1204000,47.397742099999995,8.5455934,0.037007052,0.5811504,0.14216289,0.00010163891,-2.8856424e-05,0.0,-0.07170464,1.8961082,-0.22122076,-0.4569817,0.025409726,-0.0072141057,-0.02028095,-0.80582416,2.6327498,0.22588669,2.2320888,0.0,488.3202,0.15907243,0.56761456,1.1903262,1.2432443,1.3051659,inf,inf,inf,inf,0,1,0,1,1,1,1,1,0,0,1,1,0,0,1
3792000,3792000,1204000,47.397742099999995,8.5455934,-0.0071685584,0.6376831,0.19629285,0.00010163891,-2.8856424e-05,0.0,-0.16145216,1.8420564,-0.17616983,-0.10422499,0.025409726,-0.0072141057,-0.02028095,-0.63916606,2.2959473,0.1359023,2.1231427,0.0,488.3202,0.14082861,0.63324666,1.1312293,1.2333686,0.9857839,inf,inf,inf,inf,0,1,0,1,1,1,1,1,0,0,1,1,0,0,1
4296000,4296000,1204000,47.397742099999995,8.5455934,-0.04608485,0.73530155,0.19004953,0.00010163891,-2.8856424e-05,0.0,-0.22541775,1.7498851,-0.22438002,-0.101077154,0.025409726,-0.0072141057,-0.02028095,-0.5464521,1.819866,0.021763144,2.0375032,0.0,488.3202,0.10066661,0.50128824,1.0215076,0.9557865,0.7396414,inf,inf,inf,inf,0,1,0,1,1,1,1,1,0,0,1,1,0,0,1
4792000,4792000,1204000,47.397742099999995,8.5455934,-0.06182345,0.5057038,0.059964143,0.00010163891,-2.8856424e-05,0.0,-0.2674413,1.1397117,-0.38635093,-0.24877521,0.025409726,-0.0072141057,-0.02028095,-0.5413679,1.0212445,-0.07841735,1.8783382,0.0,488.3202,0.14318222,0.55354583,0.9659511,0.97688437,0.6187166,inf,inf,inf,inf,0,1,0,1,1,1,1,1,0,0,1,1,0,0,1
5296000,5296000,1204000,47.397742099999995,8.5455934,-0.11795808,0.47082335,-0.039209183,0.00010163891,-2.8856424e-05,0.0,-0.37402382,0.89234555,-0.45747015,-0.31044385,0.025409726,-0.0072141057,-0.02028095,-0.55728024,0.6724164,-0.121844925,1.8108926,0.0,488.3202,0.16590217,0.61927414,0.9249911,1.0417991,0.5663705,inf,inf,inf,inf,0,1,0,1,1,1,1,1,0,0,1,1,0,0,1
5792000,5792000,1204000,47.397742099999995,8.5455934,-0.11189207,0.23624259,0.19393535,0.00010163891,-2.8856424e-05,0.2608209,-0.3221257,0.42757764,-0.527205,-0.305224,0.025409726,-0.0072141057,-0.02028095,-0.39887744,0.30551168,-0.12538674,1.7355429,0.0,488.3202,0.13729472,0.5101654,0.9015079,0.9061328,0.5861853,inf,inf,inf,inf,0,1,0,1,1,2,1,1,0,0,1,1,0,0,1
6296000,6296000,1204000,47.397742099999995,8.5455934,-0.09571503,0.15178475,0.025637388,0.00010163891,-2.8856424e-05,0.2608209,-0.22551303,0.20397058,-0.60398793,-0.34104076,0.025409726,-0.0072141057,-0.02028095,-0.25704175,0.055049658,-0.08825026,1.7009982,0.0,488.3202,0.18746407,0.5753095,0.55657744,0.95462567,0.6515276,inf,inf,inf,inf,0,1,0,1,1,2,1,1,0,0,1,1,0,0,1
6792000,6792000,1204000,47.397742099999995,8.5455934,-0.009151414,0.023917906,0.11695683,0.00010163891,-2.8856424e-05,0.2608209,-0.035370447,-0.024897419,-0.25803795,0.18877777,0.025409726,-0.0072141057,-0.02028095,-0.082378834,-0.11542555,0.070285045,1.6636525,-0.094838224,488.3202,0.30146638,0.016690642,0.42450517,0.10814312,0.073268324,inf,inf,inf,inf,0,1,0,1,1,2,1,1,1,0,1,1,0,0,1
7296000,7296000,1204000,47.397742099999995,8.5455934,0.05953331,-0.05084261,0.33270547,0.000249556,0.007715364,0.2608209,0.04793307,-0.09293978,0.025479011,0.45250583,0.01068239,0.028366301,0.01886324,-0.10859037,-0.1489207,0.06597395,1.6625055,-0.094838224,488.3202,0.1,1.0056762,0.37154543,0.32009575,0.318186,inf,inf,inf,inf,1,1,1,1,2,2,2,2,1,0,1,1,0,0,0
7792000,7792000,1204000,47.397742099999995,8.5455934,0.060728423,-0.06978476,0.39670837,0.000249556,0.007715364,0.2608209,0.030288428,-0.12447836,0.06875485,0.32717758,0.01068239,0.028366301,0.01886324,-0.11364112,-0.13251871,0.045495104,1.6630667,-0.094838224,488.3202,0.1,0.83184713,0.37529218,0.3205561,0.26576635,inf,inf,inf,inf,1,1,1,1,2,2,2,2,1,0,1,1,0,0,0
8296000,8296000,1204000,47.397742099999995,8.5455934,0.042313527,-0.070431575,0.4114377,0.000249556,0.007715364,0.2608209,0.00449031,-0.13190147,0.07722817,0.20726793,0.01068239,0.028366301,0.01886324,-0.08483638,-0.117304526,0.028775072,1.6614718,-0.094838224,488.3202,0.1,0.7388234,0.38343793,0.34574723,0.24555373,inf,inf,inf,inf,1,1,1,1,2,2,2,2,1,0,1,1,0,0,0
8792000,8792000,1204000,47.397742099999995,8.5455934,0.025141744,-0.06896145,0.42487162,0.000249556,0.007715364,0.2608209,-0.011819988,-0.1313504,0.092037775,0.15149337,0.01068239,0.028366301,0.01886324,-0.06747312,-0.0736405,0.06218161,1.6623623,-0.094838224,488.3202,0.1,0.6863298,0.39159253,0.36074135,0.24218173,inf,inf,inf,inf,1,1,1,1,2,2,2,2,1,0,1,1,0,0,0
9296000,9296000,1204000,47.397742099999995,8.5455934,0.014548461,-0.049825862,0.41388485,0.000249556,0.007715364,0.2608209,-0.02110739,-0.10444412,0.08063724,0.07991309,0.01068239,0.028366301,0.01886324,-0.1261142,-0.10691219,-0.013737007,1.6633312,-0.094838224,488.3202,0.1,0.5803291,0.35675994,0.28117374,0.21414329,inf,inf,inf,inf,1,1,1,1,2,2,2,2,1,0,1,1,0,0,0
9792000,9792000,1204000,47.397742099999995,8.5455934,0.003357524,-0.040000208,0.41015708,0.000249556,0.007715364,0.2608209,-0.03368971,-0.09188134,0.07695407,0.04883481,0.01068239,0.028366301,0.01886324,-0.08873714,-0.0460304,0.022785736,1.6627928,-0.094838224,488.3202,0.1,0.56624174,0.36571425,0.28468877,0.2210561,inf,inf,inf,inf,1,1,1,1,2,2,2,2,1,0,1,1,0,0,0
10296000,10296000,1204000,47.397742099999995,8.5455934,0.0031003691,-0.033785917,0.40909502,0.000249556,0.007715364,0.2608209,-0.033309612,-0.08668042,0.071182676,0.030694278,0.01068239,0.028366301,0.01886324,-0.046410363,-0.07291916,0.005033798,1.661956,-0.094838224,488.3202,0.1,0.5616029,0.37522915,0.28712237,0.22697255,inf,inf,inf,inf,1,1,1,1,2,2,2,2,1,0,1,1,0,0,0
10792000,10792000,1204000,47.397742099999995,8.5455934,0.0018225617,-0.03177493,0.41118944,0.000249556,0.007715364,0.2608209,-0.03725589,-0.0836965,0.06827679,0.025893994,0.01068239,0.028366301,0.01886324,-0.06067677,-0.07422559,0.02275966,1.660604,-0.094838224,488.3202,0.1,0.5620927,0.3868549,0.28736475,0.23038782,inf,inf,inf,inf,1,1,1,1,2,2,2,2,1,0,1,1,0,0,0
11296000,11296000,1204000,47.397742099999995,8.5455934,0.00074744277,-0.020906627,0.39909244,0.000249556,0.007715364,0.2608209,-0.039435778,-0.07602322,0.057560574,0.0015713675,0.01068239,0.028366301,0.01886324,-0.10307082,-0.08728502,0.0190204,1.660191,-0.094838224,488.3202,0.1,0.5057516,0.3559326,0.2385408,0.20227219,inf,inf,inf,inf,1,1,1,1,2,2,2,2,1,0,1,1,0,0,0
11792000,11792000,1204000,47.397742099999995,8.5455934,0.001007823,-0.01451703,0.38567746,0.000249556,0.007715364,0.2608209,-0.04132,-0.07272345,0.047895193,-0.011057353,0.01068239,0.028366301,0.01886324,-0.09137458,-0.07543299,0.015215947,1.6600982,-0.094838224,488.3202,0.1,0.5109003,0.36641392,0.2420293,0.20250615,inf,inf,inf,inf,1,1,1,1,2,2,2,2,1,0,1,1,0,0,0
12296000,12296000,1204000,47.397742099999995,8.5455934,0.009349954,-0.0032002255,0.37518287,0.000249556,0.007715364,0.2608209,-0.03657065,-0.06347445,0.038787447,-0.021280121,0.01068239,0.028366301,0.01886324,-0.057229854,-0.051011097,0.032277774,1.6598214,-0.094838224,488.3202,0.1,0.47226804,0.34012878,0.21318422,0.18011236,inf,inf,inf,inf,1,1,1,1,2,2,2,2,1,0,1,1,0,0,0
12792000,12792000,1204000,47.397742099999995,8.5455934,0.012789964,0.0011685052,0.35894403,0.000249556,0.007715364,0.2608209,-0.041952312,-0.059900478,0.02989386,-0.030106656,0.01068239,0.028366301,0.01886324,-0.06678572,-0.042783137,0.019484198,1.659418,-0.094838224,488.3202,0.1,0.48251632,0.35275128,0.22291708,0.18131506,inf,inf,inf,inf,1,1,1,1,2,2,2,2,1,0,1,1,0,0,0
13296000,13296000,1204000,47.397742099999995,8.5455934,0.01053605,0.0022924456,0.3390232,0.000249556,0.007715364,0.2608209,-0.046480738,-0.056180824,0.01866175,-0.037816796,0.01068239,0.028366301,0.01886324,-0.04530986,-0.02243492,0.03295764,1.6590679,-0.094838224,488.3202,0.1,0.45647302,0.33476996,0.20776308,0.16603203,inf,inf,inf,inf,1,1,1,1,2,2,2,2,1,0,1,1,0,0,0
13792000,13792000,1204000,47.397742099999995,8.5455934,0.0013376195,0.00020167483,0.3395197,0.000249556,0.007715364,0.2608209,-0.05259702,-0.053011652,0.018291805,-0.020710384,0.01068239,0.028366301,0.01886324,-0.066631176,-0.030850772,-0.021354293,1.6594052,-0.094838224,488.3202,0.1060209,0.46979967,0.34750217,0.2188205,0.16634494,inf,inf,inf,inf,1,1,1,1,2,2,2,2,1,0,1,1,0,0,0
14296000,14296000,1204000,47.397742099999995,8.5455934,-0.000496194,-0.0024496359,0.33259866,0.000249556,0.007715364,0.2608209,-0.05001676,-0.049617104,0.014572864,-0.023213338,0.01068239,0.028366301,0.01886324,-0.026983032,-0.031490125,-0.013275071,1.6594079,-0.094838224,488.3202,0.1,0.44521236,0.3299616,0.20165694,0.15179913,inf,inf,inf,inf,1,1,1,1,2,2,2,2,1,0,1,1,0,0,0
14792000,14792000,1204000,47.397742099999995,8.5455934,0.0005079047,-0.0053622387,0.32712546,0.000249556,0.007715364,0.2608209,-0.04792344,-0.04631875,0.010118556,-0.021174831,0.01068239,0.028366301,0.01886324,-0.03154363,-0.028161738,0.0049201767,1.6593013,-0.094838224,488.3202,0.10456401,0.46022782,0.34088907,0.21362317,0.15167558,inf,inf,inf,inf,1,1,1,1,2,2,2,2,1,0,1,1,0,0,0
15296000,15296000,1204000,47.397742099999995,8.5455934,0.008771938,-0.003794908,0.31999314,0.000249556,0.007715364,0.2608209,-0.040068064,-0.040129676,0.0092492215,-0.018509286,0.01068239,0.028366301,0.01886324,-0.054460235,-0.05350321,0.00058673316,1.6596656,-0.094838224,488.3202,0.1,0.44111705,0.32755026,0.2017405,0.14093193,inf,inf,inf,inf,1,1,1,1,2,2,2,2,1,0,1,1,0,0,0
15792000,15792000,1204000,47.397742099999995,8.5455934,0.0056857755,-0.0018572246,0.3135295,0.000249556,0.007715364,0.2608209,-0.03868915,-0.034856092,0.008145474,-0.018320415,0.01068239,0.028366301,0.01886324,-0.041113857,0.0059910812,-0.012502073,1.6594703,-0.094838224,488.3202,0.10165447,0.4574442,0.33912462,0.21264288,0.14075221,inf,inf,inf,inf,1,1,1,1,2,2,2,2,1,0,1,1,0,0,0
16296000,16296000,1204000,47.397742099999995,8.5455934,0.0031312183,-0.0016947907,0.30945596,0.000249556,0.007715364,0.2608209,-0.035417005,-0.02899012,0.0084673315,-0.014048416,0.01068239,0.028366301,0.01886324,-0.0023872997,-0.02735268,0.008318572,1.6592249,-0.094838224,488.3202,0.10742253,0.4758846,0.34873962,0.22311842,0.1396497,inf,inf,inf,inf,1,1,1,1,2,2,2,2,1,0,1,1,0,0,0
16792000,16792000,1204000,47.397742099999995,8.5455934,-0.0029171605,-0.0038001374,0.3140758,0.000249556,0.007715364,0.2608209,-0.034062777,-0.029563857,0.015909262,0.0010238667,0.01068239,0.028366301,0.01886324,-0.03822584,-0.042126004,0.0029699875,1.6594969,-0.094838224,488.3202,0.10625765,0.49393764,0.3580453,0.23122212,0.13831848,inf,inf,inf,inf,1,1,1,1,2,2,2,2,1,0,1,1,0,0,0
17296000,17296000,1204000,47.397742099999995,8.5455934,-0.0060685533,-0.0033544248,0.31340197,0.000249556,0.007715364,0.2608209,-0.031150818,-0.02692199,0.017550424,0.00078222953,0.01068239,0.028366301,0.01886324,-0.040502504,-0.0336582,-0.00020954756,1.6597327,-0.094838224,488.3202,0.1,0.4622893,0.33588076,0.20657572,0.12668656,inf,inf,inf,inf,1,1,1,1,2,2,2,2,1,0,1,1,0,0,0
17792000,17792000,1204000,47.397742099999995,8.5455934,-0.003390924,-0.0054526273,0.31163287,0.000249556,0.007715364,0.2608209,-0.028742513,-0.027582815,0.014876123,-0.003652339,0.01068239,0.028366301,0.01886324,-0.0048359795,-0.017271973,0.013340264,1.6600908,-0.094838224,488.3202,0.10121402,0.47669446,0.3429502,0.21242031,0.12585258,inf,inf,inf,inf,1,1,1,1,2,2,2,2,1,0,1,1,0,0,0
18296000,18296000,1204000,47.397742099999995,8.5455934,0.0049370346,0.007997867,0.30682808,0.000249556,0.007715364,0.2608209,-0.017383887,-0.011449412,0.01712235,-0.0035975256,0.01068239,0.028366301,0.01886324,-0.015276774,0.011778697,-0.0031152738,1.660468,-0.094838224,488.3202,0.1,0.45196852,0.32679734,0.19569662,0.118348725,inf,inf,inf,inf,1,1,1,1,2,2,2,2,1,0,1,1,0,0,0
18792000,18792000,1204000,47.397742099999995,8.5455934,0.009604322,0.006914955,0.3133196,0.000249556,0.007715364,0.2608209,-0.010513663,-0.010340253,0.022583539,0.0070124012,0.01068239,0.028366301,0.01886324,0.01788634,-0.04389192,0.03318302,1.6607865,-0.094838224,488.3202,0.101471305,0.46716362,0.3329517,0.20288678,0.11879007,inf,inf,inf,inf,1,1,1,1,2,2,2,2,1,0,1,1,0,0,0
19296000,19296000,1204000,47.397742099999995,8.5455934,0.01203594,0.0042611756,0.3195345,0.000249556,0.007715364,0.2608209,-0.006786355,-0.011910046,0.025884395,0.011244756,0.01068239,0.028366301,0.01886324,-0.008963324,0.0025064799,-0.007181428,1.6601802,-0.094838224,488.3202,0.10196635,0.4838719,0.3408031,0.20993316,0.11987997,inf,inf,inf,inf,1,1,1,1,2,2,2,2,1,0,1,1,0,0,0
19792000,19792000,1204000,47.397742099999995,8.5455934,0.016730258,0.0033257096,0.32276168,0.000249556,0.007715364,0.2608209,-0.0026605013,-0.010128098,0.026852531,0.010208727,0.01068239,0.028366301,0.01886324,-0.016435368,-0.014537712,-0.017375683,1.6602731,-0.094838224,488.3202,0.10068154,0.49986738,0.34757692,0.2155887,0.12097549,inf,inf,inf,inf,1,1,1,1,2,2,2,2,1,0,1,1,0,0,0
20296000,20296000,1204000,47.397742099999995,8.5455934,0.016322395,0.0074690576,0.31168428,0.000249556,0.007715364,0.2608209,-0.0025774264,-0.007472932,0.023339821,-0.004857141,0.01068239,0.028366301,0.01886324,-0.0362033,-0.0040207813,-0.005913898,1.6603196,-0.094838224,488.3202,0.10020566,0.4701175,0.32970688,0.19727482,0.11546144,inf,inf,inf,inf,1,1,1,1,2,2,2,2,1,0,1,1,0,0,0
20792000,20792000,1204000,47.397742099999995,8.5455934,0.011039114,0.010010358,0.30370638,0.000249556,0.007715364,0.2608209,-0.0066283075,-0.010400669,0.02220207,-0.010267784,0.01068239,0.028366301,0.01886324,-0.016479984,-0.031098314,0.036214475,1.6607703,-0.094838224,488.3202,0.1,0.44718298,0.31625202,0.18378869,0.11158161,inf,inf,inf,inf,1,1,1,1,2,2,2,2,1,0,1,1,0,0,0
21296000,21296000,1204000,47.397742099999995,8.5455934,0.00697021,0.007865402,0.3027822,0.000249556,0.007715364,0.2608209,-0.011303307,-0.016181728,0.024645269,-0.0050182873,0.01068239,0.028366301,0.01886324,-0.018519625,-0.024610648,0.016707925,1.6611578,-0.094838224,488.3202,0.1,0.429746,0.3057726,0.17378335,0.10879245,inf,inf,inf,inf,1,1,1,1,2,2,2,2,1,0,1,1,0,0,0
21792000,21792000,1204000,47.397742099999995,8.5455934,0.0037737465,0.0047909343,0.3074728,0.000249556,0.007715364,0.2608209,-0.012415035,-0.02010284,0.027238337,0.0036491465,0.01068239,0.028366301,0.01886324,-0.014020158,-0.032685068,0.015304423,1.6612262,-0.094838224,488.3202,0.1023497,0.44632924,0.31403136,0.18230996,0.111999236,inf,inf,inf,inf,1,1,1,1,2,2,2,2,1,0,1,1,0,0,0
22296000,22296000,1204000,47.397742099999995,8.5455934,0.0032500373,4.1834566e-05,0.3136307,0.000249556,0.007715364,0.2608209,-0.012148693,-0.027429711,0.031527404,0.010039973,0.01068239,0.028366301,0.01886324,0.009946524,0.011767172,0.03306288,1.6612605,-0.094838224,488.3202,0.10078582,0.4646469,0.32402155,0.19027947,0.11535423,inf,inf,inf,inf,1,1,1,1,2,2,2,2,1,0,1,1,0,0,0
22792000,22792000,1204000,47.397742099999995,8.5455934,-0.0038442654,-0.010633025,0.31588107,0.000249556,0.007715364,0.2608209,-0.014734763,-0.031681426,0.036386218,0.012191418,0.01068239,0.028366301,0.01886324,-0.042867742,0.014993128,0.025360843,1.6617076,-0.094838224,488.3202,0.10020828,0.48245597,0.33320588,0.19678348,0.11826764,inf,inf,inf,inf,1,1,1,1,2,2,2,2,1,0,1,1,0,0,0
23296000,23296000,1204000,47.397742099999995,8.5455934,0.0010176594,-0.01320736,0.31985345,0.000249556,0.007715364,0.2608209,-0.011518111,-0.030470729,0.041987825,0.014980269,0.01068239,0.028366301,0.01886324,-0.010484945,-0.006116446,-0.002030283,1.6619396,-0.094838224,488.3202,0.1,0.4557618,0.31823364,0.1805545,0.11378429,inf,inf,inf,inf,1,1,1,1,2,2,2,2,1,0,1,1,0,0,0
23792000,23792000,1204000,47.397742099999995,8.5455934,0.0029844856,-0.0029471172,0.31655797,0.000249556,0.007715364,0.2608209,-0.011222786,-0.021137754,0.04095849,0.007325874,0.01068239,0.028366301,0.01886324,0.019461177,-0.0027927742,0.037163492,1.662195,-0.094838224,488.3202,0.100212604,0.4737263,0.3280852,0.18807621,0.11704662,inf,inf,inf,inf,1,1,1,1,2,2,2,2,1,0,1,1,0,0,0
24296000,24296000,1204000,47.397742099999995,8.5455934,0.008853888,0.00023842629,0.3189094,0.000249556,0.007715364,0.2608209,-0.0058576907,-0.021718264,0.03944152,0.0063239243,0.01068239,0.028366301,0.01886324,-0.014649252,-0.008783084,0.0044228504,1.6624358,-0.094838224,488.3202,0.1,0.4502051,0.3159303,0.17491859,0.113316014,inf,inf,inf,inf,1,1,1,1,2,2,2,2,1,0,1,1,0,0,0
24792000,24792000,1204000,47.397742099999995,8.5455934,0.008813491,-0.009766272,0.32224253,0.000249556,0.007715364,0.2608209,-0.0045089805,-0.028238084,0.042757027,0.009379213,0.01068239,0.028366301,0.01886324,0.014618519,-0.009132141,0.058077272,1.6623046,-0.094838224,488.3202,0.1,0.4649879,0.32308623,0.18022613,0.11562734,inf,inf,inf,inf,1,1,1,1,2,2,2,2,1,0,1,1,0,0,0
25296000,25296000,1204000,47.397742099999995,8.5455934,0.002592887,-0.01249385,0.326337,0.000249556,0.007715364,0.2608209,-0.0082268845,-0.029669307,0.045583718,0.011833037,0.01068239,0.028366301,0.01886324,-0.023114523,-0.032937966,-0.004851259,1.6627203,-0.094838224,488.3202,0.1,0.4444043,0.31233755,0.1697257,0.11241389,inf,inf,inf,inf,1,1,1,1,2,2,2,2,1,0,1,1,0,0,0
25792000,25792000,1204000,47.397742099999995,8.5455934,-0.0022564915,-0.013080006,0.3224987,0.000249556,0.007715364,0.2608209,-0.013121334,-0.030843731,0.04425663,0.004745784,0.01068239,0.028366301,0.01886324,0.015441007,-0.0013571843,0.035660338,1.6630296,-0.094838224,488.3202,0.1,0.46261075,0.32319173,0.17802826,0.11605282,inf,inf,inf,inf,1,1,1,1,2,2,2,2,1,0,1,1,0,0,0
26296000,26296000,1204000,47.397742099999995,8.5455934,-0.0053931177,-0.014373911,0.323047,0.000249556,0.007715364,0.2608209,-0.018457394,-0.032308348,0.04770794,0.007325925,0.01068239,0.028366301,0.01886324,-0.01025811,-0.01616773,0.005787238,1.6632504,-0.094838224,488.3202,0.1,0.44277212,0.31148165,0.16794497,0.11256081,inf,inf,inf,inf,1,1,1,1,2,2,2,2,1,0,1,1,0,0,0
26792000,26792000,1204000,47.397742099999995,8.5455934,-0.0076427357,-0.016568666,0.32585615,0.000249556,0.007715364,0.2608209,-0.02227375,-0.035816617,0.052581936,0.010416051,0.01068239,0.028366301,0.01886324,-0.023360988,-0.02118267,0.05886424,1.6634927,-0.094838224,488.3202,0.1,0.45805436,0.32065484,0.17377858,0.115307,inf,inf,inf,inf,1,1,1,1,2,2,2,2,1,0,1,1,0,0,0
27296000,27296000,1204000,47.397742099999995,8.5455934,-0.008689024,-0.011503733,0.32359707,0.000249556,0.007715364,0.2608209,-0.027406832,-0.034493044,0.055562925,0.008031967,0.01068239,0.028366301,0.01886324,-0.015523851,-0.05325577,0.04186574,1.663813,-0.094838224,488.3202,0.1,0.43963346,0.31082812,0.1649602,0.11227409,inf,inf,inf,inf,1,1,1,1,2,2,2,2,1,0,1,1,0,0,0
27792000,27792000,1204000,47.397742099999995,8.5455934,-0.013575951,-0.0060948925,0.32613558,0.000249556,0.007715364,0.2608209,-0.033360027,-0.033492755,0.064181454,0.016285116,0.01068239,0.028366301,0.01886324,-0.003258319,-1.15978755e-05,0.021620652,1.6643577,-0.094838224,488.3202,0.10041803,0.4580115,0.3208174,0.17323641,0.11572849,inf,inf,inf,inf,1,1,1,1,2,2,2,2,1,0,1,1,0,0,0
28296000,28296000,1204000,47.397742099999995,8.5455934,-0.016608397,-0.0054238653,0.33065757,0.000249556,0.007715364,0.2608209,-0.035317913,-0.033114962,0.06816005,0.018223608,0.01068239,0.028366301,0.01886324,-0.023044877,-0.026281688,0.025251878,1.6644478,-0.094838224,488.3202,0.1,0.4395997,0.31095153,0.1643006,0.11255329,inf,inf,inf,inf,1,1,1,1,2,2,2,2,1,0,1,1,0,0,0
28792000,28792000,1204000,47.397742099999995,8.5455934,-0.018735528,-0.011542978,0.33817813,0.000249556,0.007715364,0.2608209,-0.03603878,-0.040409286,0.07280784,0.021425176,0.01068239,0.028366301,0.01886324,-0.045437902,-0.039031494,0.05187094,1.6645942,-0.094838224,488.3202,0.1,0.4550876,0.31914338,0.17023408,0.11508349,inf,inf,inf,inf,1,1,1,1,2,2,2,2,1,0,1,1,0,0,0
29296000,29296000,1204000,47.397742099999995,8.5455934,-0.020837337,-0.015978195,0.34912115,0.000249556,0.007715364,0.2608209,-0.03306817,-0.040804822,0.07791729,0.025825357,0.01068239,0.028366301,0.01886324,-0.012152507,0.005351612,0.04495587,1.6647035,-0.094838224,488.3202,0.1,0.471636,0.32897538,0.17611949,0.11778529,inf,inf,inf,inf,1,1,1,1,2,2,2,2,1,0,1,1,0,0,0
29792000,29792000,1204000,47.397742099999995,8.5455934,-0.019122256,-0.016569363,0.35787323,0.000249556,0.007715364,0.2608209,-0.028332518,-0.042452835,0.07951771,0.025276802,0.01068239,0.028366301,0.01886324,-0.0068569058,-0.038581956,0.015960073,1.6650145,-0.094838224,488.3202,0.1,0.48730314,0.33780563,0.1812819,0.120081685,inf,inf,inf,inf,1,1,1,1,2,2,2,2,1,0,1,1,0,0,0
30296000,30296000,1204000,47.397742099999995,8.5455934,-0.01827892,-0.01635998,0.35962597,0.000249556,0.007715364,0.2608209,-0.022424284,-0.04179492,0.077149004,0.015858915,0.01068239,0.028366301,0.01886324,-0.0028362991,-0.008075221,0.031906176,1.6654584,-0.094838224,488.3202,0.1,0.45935303,0.3214312,0.16789863,0.11474397,inf,inf,inf,inf,1,1,1,1,2,2,2,2,1,0,1,1,0,0,0
30792000,30792000,1204000,47.397742099999995,8.5455934,-0.014039968,-0.02086623,0.3617229,0.000249556,0.007715364,0.2608209,-0.014424251,-0.04364633,0.076765865,0.011141242,0.01068239,0.028366301,0.01886324,-0.0307422,0.0019264843,0.02887193,1.6654626,-0.094838224,488.3202,0.1,0.47228906,0.32896355,0.17227452,0.11674412,inf,inf,inf,inf,1,1,1,1,2,2,2,2,1,0,1,1,0,0,0
31296000,31296000,1204000,47.397742099999995,8.5455934,-0.01457843,-0.025393931,0.36464953,0.000249556,0.007715364,0.2608209,-0.0088679455,-0.045996275,0.07708518,0.010435032,0.01068239,0.028366301,0.01886324,0.014223885,-0.042257987,0.01945067,1.6656258,-0.094838224,488.3202,0.1,0.4862298,0.33553264,0.1769727,0.11856634,inf,inf,inf,inf,1,1,1,1,2,2,2,2,1,0,1,1,0,0,0
31792000,31792000,1204000,47.397742099999995,8.5455934,-0.01322538,-0.028089471,0.3780867,0.000249556,0.007715364,0.2608209,-0.0029228549,-0.04544239,0.07899988,0.020534247,0.01068239,0.028366301,0.01886324,-0.02320259,-0.04513423,0.019460915,1.6657511,-0.094838224,488.3202,0.10388449,0.49933755,0.3427195,0.1812816,0.120435916,inf,inf,inf,inf,1,1,1,1,2,2,2,2,1,0,1,1,0,0,0
32296000,32296000,1204000,47.397742099999995,8.5455934,-0.008559217,-0.028357767,0.3768676,0.000249556,0.007715364,0.2608209,0.005294487,-0.045165338,0.077781536,0.011030437,0.01068239,0.028366301,0.01886324,0.05337632,-0.0076575954,0.01788698,1.6657803,-0.094838224,488.3202,0.1,0.4673855,0.32570067,0.16730261,0.115012854,inf,inf,inf,inf,1,1,1,1,2,2,2,2,1,0,1,1,0,0,0
32792000,32792000,1204000,47.397742099999995,8.5455934,-0.0029501084,-0.03384709,0.37958124,0.000249556,0.007715364,0.2608209,0.013662487,-0.044485033,0.07632258,0.009425335,0.01068239,0.028366301,0.01886324,0.02515636,-0.009739858,0.034587454,1.666456,-0.094838224,488.3202,0.1,0.47867817,0.33229548,0.17143661,0.11689208,inf,inf,inf,inf,1,1,1,1,2,2,2,2,1,0,1,1,0,0,0
33296000,33296000,1204000,47.397742099999995,8.5455934,0.0026528032,-0.033941343,0.38795963,0.000249556,0.007715364,0.2608209,0.021374201,-0.045490738,0.076039374,0.012036318,0.01068239,0.028366301,0.01886324,0.040220443,-0.018823279,0.0029001383,1.6666206,-0.094838224,488.3202,0.1,0.49113908,0.33810598,0.1760083,0.118671685,inf,inf,inf,inf,1,1,1,1,2,2,2,2,1,0,1,1,0,0,0
33792000,33792000,1204000,47.397742099999995,8.5455934,0.0039448137,-0.03330308,0.39096484,0.000249556,0.007715364,0.2608209,0.024878792,-0.04307825,0.0722365,0.008273527,0.01068239,0.028366301,0.01886324,0.025309606,-0.01902686,0.012496485,1.6669469,-0.094838224,488.3202,0.10219735,0.5029729,0.34316483,0.18027167,0.120242536,inf,inf,inf,inf,1,1,1,1,2,2,2,2,1,0,1,1,0,0,0
34296000,34296000,1204000,47.397742099999995,8.5455934,0.00037355477,-0.023988288,0.37210923,0.000249556,0.007715364,0.2608209,0.025019715,-0.03955813,0.058325045,-0.019379918,0.01068239,0.028366301,0.01886324,0.01110931,-0.0042378083,0.026002524,1.6674869,-0.094838224,488.3202,0.1,0.47287485,0.3277479,0.16872993,0.11581561,inf,inf,inf,inf,1,1,1,1,2,2,2,2,1,0,1,1,0,0,0
34792000,34792000,1204000,47.397742099999995,8.5455934,0.004147244,-0.015560715,0.35488573,0.000249556,0.007715364,0.2608209,0.02598054,-0.037340045,0.045183863,-0.035225105,0.01068239,0.028366301,0.01886324,-0.018104691,-0.0047454666,-0.0077551226,1.6676674,-0.094838224,488.3202,0.1,0.44935408,0.3148819,0.16016045,0.112306334,inf,inf,inf,inf,1,1,1,1,2,2,2,2,1,0,1,1,0,0,0
35296000,35296000,1204000,47.397742099999995,8.5455934,0.009407366,-0.01742946,0.35401458,0.000249556,0.007715364,0.2608209,0.025633924,-0.043235995,0.04203159,-0.022422362,0.01068239,0.028366301,0.01886324,0.03266215,-0.053395398,0.014587305,1.668019,-0.094838224,488.3202,0.10864806,0.46444246,0.3233506,0.16733907,0.115402654,inf,inf,inf,inf,1,1,1,1,2,2,2,2,1,0,1,1,0,0,0
35792000,35792000,1204000,47.397742099999995,8.5455934,0.012762497,-0.02717091,0.35361552,0.000249556,0.007715364,0.2608209,0.023786323,-0.04802524,0.03691446,-0.017285533,0.01068239,0.028366301,0.01886324,-0.036868583,-0.0023480095,-0.0026747582,1.6686679,-0.094838224,488.3202,0.10962075,0.47930107,0.33237776,0.17371893,0.118290864,inf,inf,inf,inf,1,1,1,1,2,2,2,2,1,0,1,1,0,0,0
36296000,36296000,1204000,47.397742099999995,8.5455934,0.017500475,-0.026974123,0.34104723,0.000249556,0.007715364,0.2608209,0.02385163,-0.0487756,0.029714169,-0.025321737,0.01068239,0.028366301,0.01886324,0.023098633,-0.017255137,0.0056363638,1.6690205,-0.094838224,488.3202,0.1,0.45428604,0.31879234,0.1631949,0.11406213,inf,inf,inf,inf,1,1,1,1,2,2,2,2,1,0,1,1,0,0,0
36792000,36792000,1204000,47.397742099999995,8.5455934,0.0148061095,-0.031008884,0.333352,0.000249556,0.007715364,0.2608209,0.017527075,-0.05132607,0.025741655,-0.024749495,0.01068239,0.028366301,0.01886324,0.009232579,-0.054412197,0.0042123715,1.6692904,-0.094838224,488.3202,0.10340047,0.46702522,0.325327,0.16824105,0.116149634,inf,inf,inf,inf,1,1,1,1,2,2,2,2,1,0,1,1,0,0,0
37296000,37296000,1204000,47.397742099999995,8.5455934,0.007307688,-0.03161093,0.3210516,0.000249556,0.007715364,0.2608209,0.012202476,-0.050092496,0.022899467,-0.025460146,0.01068239,0.028366301,0.01886324,0.061722133,-0.04375621,0.0011269002,1.6696578,-0.094838224,488.3202,0.10463902,0.44588926,0.31378892,0.1599142,0.11270663,inf,inf,inf,inf,1,1,1,1,2,2,2,2,1,0,1,1,0,0,0
37792000,37792000,1204000,47.397742099999995,8.5455934,0.0040565045,-0.036744047,0.3224497,0.000249556,0.007715364,0.2608209,0.010071799,-0.049140092,0.029096028,-0.009900008,0.01068239,0.028366301,0.01886324,0.005129142,0.006974558,0.015090219,1.6700606,-0.094838224,488.3202,0.10452214,0.4594534,0.32240683,0.16562255,0.11537484,inf,inf,inf,inf,1,1,1,1,2,2,2,2,1,0,1,1,0,0,0
38296000,38296000,1204000,47.397742099999995,8.5455934,0.0016446281,-0.040938478,0.32574746,0.000249556,0.007715364,0.2608209,0.0060766493,-0.047046952,0.03766686,0.0030615635,0.01068239,0.028366301,0.01886324,0.012917167,-0.017591517,0.0387812,1.6701683,-0.094838224,488.3202,0.10442558,0.47424307,0.33013594,0.17137484,0.11774394,inf,inf,inf,inf,1,1,1,1,2,2,2,2,1,0,1,1,0,0,0
38792000,38792000,1204000,47.397742099999995,8.5455934,-0.0009552824,-0.03516038,0.32271132,0.000249556,0.007715364,0.2608209,0.0074338145,-0.04341782,0.045184314,0.0045322827,0.01068239,0.028366301,0.01886324,-0.014285018,-0.015270953,0.05725864,1.670017,-0.094838224,488.3202,0.1,0.45025298,0.31678066,0.1614559,0.113587186,inf,inf,inf,inf,1,1,1,1,2,2,2,2,1,0,1,1,0,0,0
39296000,39296000,1204000,47.397742099999995,8.5455934,-0.001043783,-0.028380603,0.3165209,0.000249556,0.007715364,0.2608209,0.011000762,-0.03796871,0.05237847,0.0015038322,0.01068239,0.028366301,0.01886324,0.018585632,-0.043135047,0.019813886,1.6700642,-0.094838224,488.3202,0.1,0.43196866,0.30637205,0.1542392,0.11044222,inf,inf,inf,inf,1,1,1,1,2,2,2,2,1,0,1,1,0,0,0
39792000,39792000,1204000,47.397742099999995,8.5455934,0.0022886342,-0.020890055,0.31470847,0.000249556,0.007715364,0.2608209,0.012332394,-0.0323007,0.05824086,0.004849504,0.01068239,0.028366301,0.01886324,0.03131738,-0.016076576,0.027354805,1.6699818,-0.094838224,488.3202,0.1,0.44667047,0.3149059,0.16106148,0.11345101,inf,inf,inf,inf,1,1,1,1,2,2,2,2,1,0,1,1,0,0,0
40296000,40296000,1204000,47.397742099999995,8.5455934,0.008397265,-0.015402447,0.31588745,0.000249556,0.007715364,0.2608209,0.014882778,-0.028630704,0.065183975,0.0113928765,0.01068239,0.028366301,0.01886324,0.014697477,0.030496884,0.009294598,1.6703521,-0.094838224,488.3202,0.1,0.43143785,0.3065547,0.15555623,0.11110571,inf,inf,inf,inf,1,1,1,1,2,2,2,2,1,0,1,1,0,0,0
40792000,40792000,1204000,47.397742099999995,8.5455934,0.017490389,-0.015664259,0.33297253,0.000249556,0.007715364,0.2608209,0.018786037,-0.029312147,0.078038484,0.03123664,0.01068239,0.028366301,0.01886324,-0.0050704544,-0.030508233,0.03259163,1.6702963,-0.094838224,488.3202,0.1,0.44662145,0.31648663,0.1621882,0.11424974,inf,inf,inf,inf,1,1,1,1,2,2,2,2,1,0,1,1,0,0,0
41296000,41296000,1204000,47.397742099999995,8.5455934,0.01869253,-0.016070198,0.34249353,0.000249556,0.007715364,0.2608209,0.015364919,-0.03265386,0.08632342,0.030660387,0.01068239,0.028366301,0.01886324,0.011583018,-0.0056839194,0.04894845,1.6703696,-0.094838224,488.3202,0.10386163,0.42941007,0.30529645,0.15475512,0.11076024,inf,inf,inf,inf,1,1,1,1,2,2,2,2,1,0,1,1,0,0,0
41792000,41792000,1204000,47.397742099999995,8.5455934,0.018025052,-0.014950395,0.34300524,0.000249556,0.007715364,0.2608209,0.041472435,-0.017467484,-0.00877127,-0.071345605,0.01068239,0.028366301,0.01886324,0.119528204,-0.17777036,-1.0614692,1.6608313,-0.094838224,488.3202,0.103349924,0.44483638,0.31535858,0.16163018,0.113937035,inf,inf,inf,inf,1,1,1,1,2,2,2,2,1,0,1,1,0,0,0
42296000,42296000,1204000,47.397742099999995,8.5455934,0.05226067,-0.044912327,0.07489189,0.000249556,0.007715364,0.2608209,0.11299969,-0.14792912,-0.93009174,-0.99297655,0.01068239,0.028366301,0.01886324,-0.040929835,-0.07066321,-0.7929364,1.5327501,-0.094838224,488.3202,0.37146327,0.4280916,0.30449042,0.15891767,0.11053382,inf,inf,inf,inf,1,1,1,1,2,2,2,2,1,0,1,1,0,0,0
42792000,42792000,1204000,47.397742099999995,8.5455934,0.10309666,-0.113169186,-0.42266026,0.000249556,0.007715364,0.2608209,0.07342908,-0.13825728,-0.8520244,-0.9165797,0.01068239,0.028366301,0.01886324,-0.10143671,0.08967736,0.52818185,1.5206978,-0.094838224,488.3202,0.86901546,0.44400284,0.31463435,0.16543053,0.113732435,inf,inf,inf,inf,1,1,1,1,2,2,2,2,1,0,1,1,0,0,0
43296000,43296000,1204000,47.397742099999995,8.5455934,0.14386995,-0.16450566,-0.8244913,0.000249556,0.007715364,0.2608209,0.017427195,-0.07249855,-0.6070721,-0.6736341,0.01068239,0.028366301,0.01886324,-0.12523033,0.13801377,0.44342873,1.5317938,-0.094838224,488.3202,1.2708465,0.4610989,0.32520437,0.1705855,0.11680226,inf,inf,inf,inf,1,1,1,1,2,2,2,2,1,0,1,1,0,0,0
43792000,43792000,1204000,47.397742099999995,8.5455934,0.16417293,-0.16935956,-1.118821,0.000249556,0.007715364,0.2608209,-0.03606199,-0.0038585612,-0.42520118,-0.49541667,0.01068239,0.028366301,0.01886324,-0.1191633,0.09114283,0.31310225,1.5404506,-0.094838224,488.3202,1.5651762,0.47742072,0.33326447,0.17649107,0.11909724,inf,inf,inf,inf,1,1,1,1,2,2,2,2,1,0,1,1,0,0,0
44296000,44296000,1204000,47.397742099999995,8.5455934,0.17494532,-0.14841242,-1.3519776,0.000249556,0.007715364,0.2608209,-0.07270891,0.03144608,-0.29552707,-0.37859637,0.01068239,0.028366301,0.01886324,-0.09557421,0.024692474,0.27361137,1.5530022,0.0070251385,488.3202,1.7983327,0.45310378,0.3195555,0.16745907,0.114417054,inf,inf,inf,inf,1,1,1,1,2,2,2,2,2,0,1,1,0,0,0
44792000,44792000,1204000,47.397742099999995,8.5455934,0.16932848,-0.110121146,-1.5229334,0.000249556,0.007715364,0.2608209,-0.087996334,0.04650306,-0.19900702,-0.28790814,0.01068239,0.028366301,0.01886324,-0.058715068,-0.036466543,0.23118591,1.5548722,0.0070251385,488.3202,1.9692886,0.46545875,0.3275455,0.21135686,0.11655174,inf,inf,inf,inf,1,1,1,1,2,2,2,2,2,0,1,1,0,0,0
45296000,45296000,1204000,47.397742099999995,8.5455934,0.15786898,-0.06335626,-1.6519499,0.000249556,0.007715364,0.2608209,-0.08884055,0.04772365,-0.12409713,-0.21422465,0.01068239,0.028366301,0.01886324,-0.03226878,-0.078201756,0.13234465,1.556263,0.0070251385,488.3202,2.098305,0.4799715,0.3345102,0.2607856,0.11846688,inf,inf,inf,inf,1,1,1,1,2,2,2,2,2,1,1,1,0,0,0
45792000,45792000,1204000,47.397742099999995,8.5455934,0.14242347,-0.021943478,-1.7426233,0.000249556,0.007715364,0.2608209,-0.083982855,0.027680714,-0.07594598,-0.16057597,0.01068239,0.028366301,0.01886324,-0.02484428,-0.042733107,0.10984204,1.5600425,0.0070251385,488.3202,2.1889784,0.49706748,0.342014,0.2921973,0.120398186,inf,inf,inf,inf,1,1,1,1,2,2,2,2,2,1,1,1,0,0,0
46296000,46296000,1204000,47.397742099999995,8.5455934,0.12002198,0.0015160826,-1.824382,0.000249556,0.007715364,0.2608209,-0.07556119,0.002232629,-0.04252135,-0.13296394,0.01068239,0.028366301,0.01886324,0.0012443924,-0.056232452,0.09023677,1.5626557,0.0070251385,488.3202,2.2707372,0.46442157,0.32531965,0.24997401,0.115019985,inf,inf,inf,inf,1,1,1,1,2,2,2,2,2,1,1,1,0,0,0
46792000,46792000,1204000,47.397742099999995,8.5455934,0.081220254,-0.010004569,-1.887085,0.000249556,0.007715364,0.2608209,-0.06704896,-0.021239927,-0.012481905,-0.106498845,0.01068239,0.028366301,0.01886324,0.029131971,-0.0059109293,0.13981013,1.5637249,0.0070251385,488.3202,2.33344,0.4785482,0.33061895,0.25416246,0.11664298,inf,inf,inf,inf,1,1,1,1,2,2,2,2,2,1,1,1,0,0,0
47296000,47296000,1204000,47.397742099999995,8.5455934,0.03341529,-0.027892403,-1.9263315,0.000249556,0.007715364,0.2608209,-0.050650015,-0.015739467,0.0138404,-0.07291483,0.01068239,0.028366301,0.01886324,0.06464309,0.065972485,0.050631348,1.5659871,0.0070251385,488.3202,2.3726866,0.49489105,0.33806762,0.25479436,0.118741706,inf,inf,inf,inf,1,1,1,1,2,2,2,2,2,1,1,1,0,0,0
47792000,47792000,1204000,47.397742099999995,8.5455934,-0.0038386313,-0.05159064,-1.9577903,0.000249556,0.007715364,0.2608209,-0.02181278,-0.009398738,0.028228004,-0.055313893,0.01068239,0.028366301,0.01886324,0.14754489,0.06647312,0.0448022,1.5663387,0.0070251385,488.3202,2.4041455,0.5106243,0.34481844,0.25247833,0.12064369,inf,inf,inf,inf,1,1,1,1,2,2,2,2,2,1,1,1,0,0,0
48296000,48296000,1204000,47.397742099999995,8.5455934,-0.029554633,-0.0696079,-1.9953301,0.000249556,0.007715364,0.2608209,0.0061732344,0.009476035,0.041792694,-0.05059738,0.01068239,0.028366301,0.01886324,0.07943104,0.053972118,0.045184042,1.5672659,0.0070251385,488.3202,2.4416852,0.4723656,0.32579324,0.21304,0.11497172,inf,inf,inf,inf,1,1,1,1,2,2,2,2,2,1,1,1,0,0,0
48792000,48792000,1204000,47.397742099999995,8.5455934,-0.039335188,-0.07607179,-2.018492,0.000249556,0.007715364,0.2608209,0.028796066,0.024758974,0.06528389,-0.027209641,0.01068239,0.028366301,0.01886324,0.05768498,0.041549675,0.066362314,1.5683082,0.0070251385,488.3202,2.464847,0.48917854,0.33416614,0.21570313,0.11781772,inf,inf,inf,inf,1,1,1,1,2,2,2,2,2,1,1,1,0,0,0
49296000,49296000,1204000,47.397742099999995,8.5455934,-0.03203807,-0.07778637,-2.0301523,0.000249556,0.007715364,0.2608209,0.039124154,0.03571905,0.06458364,-0.024130428,0.01068239,0.028366301,0.01886324,0.025115775,0.01602643,0.021545215,1.5682468,0.0070251385,488.3202,2.4765074,0.46014845,0.31858352,0.19106406,0.11342415,inf,inf,inf,inf,1,1,1,1,2,2,2,2,2,1,1,1,0,0,0
49792000,49792000,1204000,47.397742099999995,8.5455934,-0.02018674,-0.080185905,-2.0375118,0.000249556,0.007715364,0.2608209,0.03355047,0.04061629,0.06896453,-0.014308419,0.01068239,0.028366301,0.01886324,-0.05424069,0.06463303,-0.0010458751,1.5689082,0.0070251385,488.3202,2.483867,0.4773246,0.3280022,0.19485874,0.11673083,inf,inf,inf,inf,1,1,1,1,2,2,2,2,2,1,1,1,0,0,0
50296000,50296000,1204000,47.397742099999995,8.5455934,-0.0018796165,-0.074477926,-2.046817,0.000249556,0.007715364,0.2608209,0.026980024,0.04794623,0.062444557,-0.020757908,0.01068239,0.028366301,0.01886324,-0.05380611,0.043130185,0.032496635,1.5690069,0.0070251385,488.3202,2.4931722,0.45267704,0.31566548,0.17696074,0.11314209,inf,inf,inf,inf,1,1,1,1,2,2,2,2,2,1,1,1,0,0,0
50792000,50792000,1204000,47.397742099999995,8.5455934,0.016513672,-0.06277643,-2.0539312,0.000249556,0.007715364,0.2608209,0.016467966,0.044284575,0.066587865,-0.015147162,0.01068239,0.028366301,0.01886324,-0.023596715,0.0030720837,0.06741005,1.5693837,0.0070251385,488.3202,2.5002863,0.4667907,0.32399657,0.17917968,0.11579373,inf,inf,inf,inf,1,1,1,1,2,2,2,2,2,1,1,1,0,0,0
51296000,51296000,1204000,47.397742099999995,8.5455934,0.031509794,-0.048828088,-2.0525775,0.000249556,0.007715364,0.2608209,0.0054759732,0.0415079,0.067661904,-0.006942518,0.01068239,0.028366301,0.01886324,-0.008810893,-0.008937669,-0.0016354023,1.5699648,0.0070251385,488.3202,2.4989326,0.48184815,0.3314715,0.18161215,0.118153855,inf,inf,inf,inf,1,1,1,1,2,2,2,2,2,1,1,1,0,0,0
51792000,51792000,1204000,47.397742099999995,8.5455934,0.039991733,-0.033977453,-2.0544727,0.000249556,0.007715364,0.2608209,-0.007718196,0.034380656,0.068063,-0.0036240579,0.01068239,0.028366301,0.01886324,-0.010188639,0.0043005855,0.024889594,1.5701485,0.0070251385,488.3202,2.5008278,0.49585858,0.3395532,0.18378669,0.12042842,inf,inf,inf,inf,1,1,1,1,2,2,2,2,2,1,1,1,0,0,0
52296000,52296000,1204000,47.397742099999995,8.5455934,0.039400555,-0.034194253,-2.0799472,0.000249556,0.007715364,0.2608209,-0.016182313,0.0214629,0.08533298,-0.004497544,0.01068239,0.028366301,0.01886324,-0.012214018,0.025818123,0.034067776,1.5704992,0.0070251385,488.3202,2.5263023,0.467966,0.3243964,0.16985372,0.11599302,inf,inf,inf,inf,1,1,1,1,2,2,2,2,2,1,1,1,0,0,0
52792000,52792000,1204000,47.397742099999995,8.5455934,0.0396456,-0.028484728,-2.0880065,0.000249556,0.007715364,0.2608209,-0.018750228,0.021151587,0.09076793,-0.0041965945,0.01068239,0.028366301,0.01886324,-0.021643834,0.01571921,0.051538456,1.5703714,0.0070251385,488.3202,2.5343616,0.44592988,0.312713,0.15992521,0.11258778,inf,inf,inf,inf,1,1,1,1,2,2,2,2,2,1,1,1,0,0,0
53296000,53296000,1204000,47.397742099999995,8.5455934,0.032908842,-0.020101218,-2.0772727,0.000249556,0.007715364,0.2608209,-0.023579784,0.019978091,0.088810585,0.0052526845,0.01068239,0.028366301,0.01886324,-0.036628857,-0.005345209,-0.0055897976,1.5704705,0.0070251385,488.3202,2.5236278,0.46167535,0.32184768,0.16625659,0.11572731,inf,inf,inf,inf,1,1,1,1,2,2,2,2,2,1,1,1,0,0,0
53792000,53792000,1204000,47.397742099999995,8.5455934,0.025901236,-0.009635813,-2.068175,0.000249556,0.007715364,0.2608209,-0.020288462,0.015515623,0.07918482,0.0051604533,0.01068239,0.028366301,0.01886324,-0.03004202,-0.0059765875,-0.022501683,1.5706813,0.0070251385,488.3202,2.5145302,0.47692513,0.3314125,0.1722027,0.11862123,inf,inf,inf,inf,1,1,1,1,2,2,2,2,2,1,1,1,0,0,0
54296000,54296000,1204000,47.397742099999995,8.5455934,0.016335722,-0.011244882,-2.0782182,0.000249556,0.007715364,0.2608209,-0.017475603,0.0071806256,0.08163074,0.00036659068,0.01068239,0.028366301,0.01886324,0.006919421,-0.006278045,0.063666135,1.5706795,0.0070251385,488.3202,2.5245733,0.4552599,0.3201422,0.16388167,0.11521088,inf,inf,inf,inf,1,1,1,1,2,2,2,2,2,1,1,1,0,0,0
54792000,54792000,1204000,47.397742099999995,8.5455934,0.011228477,-0.012748363,-2.071705,0.000249556,0.007715364,0.2608209,-0.0114856865,0.007221938,0.08017564,0.006083821,0.01068239,0.028366301,0.01886324,-0.008734161,0.011265568,0.016301868,1.570588,0.0070251385,488.3202,2.5180602,0.47101867,0.32875845,0.17086262,0.11799862,inf,inf,inf,inf,1,1,1,1,2,2,2,2,2,1,1,1,0,0,0
55296000,55296000,1204000,47.397742099999995,8.5455934,0.0074229403,-0.016358228,-2.0802622,0.000249556,0.007715364,0.2608209,-0.0081623215,0.0064007454,0.081860304,0.0011713272,0.01068239,0.028366301,0.01886324,0.03369356,-0.002284825,0.050352883,1.5708499,0.0070251385,488.3202,2.5266173,0.45117092,0.31823003,0.1637073,0.11480823,inf,inf,inf,inf,1,1,1,1,2,2,2,2,2,1,1,1,0,0,0
55792000,55792000,1204000,47.397742099999995,8.5455934,0.00645964,-0.014381211,-2.0712223,0.000249556,0.007715364,0.2608209,-0.003282425,0.009986228,0.0811754,0.009241649,0.01068239,0.028366301,0.01886324,-0.006292277,-0.01967739,0.01817569,1.5707619,0.0070251385,488.3202,2.5175774,0.46745506,0.32853222,0.1712793,0.11795659,inf,inf,inf,inf,1,1,1,1,2,2,2,2,2,1,1,1,0,0,0
56296000,56296000,1204000,47.397742099999995,8.5455934,0.011904776,-0.020706115,-2.0723186,0.000249556,0.007715364,0.2608209,-0.0013311275,0.004559342,0.069543086,-0.00390541,0.01068239,0.028366301,0.01886324,0.005518974,0.022918304,0.027568078,1.570579,0.0070251385,488.3202,2.5186737,0.4461803,0.315192,0.16251779,0.113711566,inf,inf,inf,inf,1,1,1,1,2,2,2,2,2,1,1,1,0,0,0
56792000,56792000,1204000,47.397742099999995,8.5455934,0.013895991,-0.028924003,-2.0714903,0.000249556,0.007715364,0.2608209,-0.0044408375,0.00724796,0.070299864,-0.0014339213,0.01068239,0.028366301,0.01886324,-0.0077542933,0.03853344,0.05424581,1.5706689,0.0070251385,488.3202,2.5178454,0.46004593,0.3238096,0.16855039,0.11614365,inf,inf,inf,inf,1,1,1,1,2,2,2,2,2,1,1,1,0,0,0
57296000,57296000,1204000,47.397742099999995,8.5455934,0.013054985,-0.028200313,-2.0683534,0.000249556,0.007715364,0.2608209,-0.0075275595,0.015395686,0.06856254,0.00045313174,0.01068239,0.028366301,0.01886324,0.0070444797,0.033706833,0.017773358,1.5708746,0.0070251385,488.3202,2.5147085,0.4750687,0.33289,0.17473066,0.118582904,inf,inf,inf,inf,1,1,1,1,2,2,2,2,2,1,1,1,0,0,0
57792000,57792000,1204000,47.397742099999995,8.5455934,0.004743528,-0.025665207,-2.065515,0.000249556,0.007715364,0.2608209,-0.009730256,0.016169656,0.07020377,0.0051713586,0.01068239,0.028366301,0.01886324,0.035876203,-0.010480929,-0.01623295,1.5708007,0.0070251385,488.3202,2.5118701,0.4894379,0.3394439,0.18029408,0.12036302,inf,inf,inf,inf,1,1,1,1,2,2,2,2,2,1,1,1,0,0,0
58296000,58296000,1204000,47.397742099999995,8.5455934,0.0082120625,-0.013224405,-2.072628,0.000249556,0.007715364,0.2608209,-0.004076923,0.017027738,0.06742041,-0.0039571454,0.01068239,0.028366301,0.01886324,0.004764719,-0.013657379,0.026207415,1.5709955,0.0070251385,488.3202,2.5189831,0.46096376,0.32358053,0.16764903,0.11511147,inf,inf,inf,inf,1,1,1,1,2,2,2,2,2,1,1,1,0,0,0
58792000,58792000,1204000,47.397742099999995,8.5455934,0.01599497,-0.0066412124,-2.0788293,0.000249556,0.007715364,0.2608209,-0.004513012,0.008214801,0.08441973,0.009121643,0.01068239,0.028366301,0.01886324,-0.031579487,-0.042860072,0.012638046,1.5708507,0.0070251385,488.3202,2.5251844,0.47625726,0.33270407,0.1746233,0.117956206,inf,inf,inf,inf,1,1,1,1,2,2,2,2,2,1,1,1,0,0,0
59296000,59296000,1204000,47.397742099999995,8.5455934,0.016602043,-0.0035950744,-2.0719624,0.000249556,0.007715364,0.2608209,-0.006759797,0.0034052257,0.07512114,0.0045221765,0.01068239,0.028366301,0.01886324,0.007945171,0.029269895,0.011883675,1.5704896,0.0070251385,488.3202,2.5183175,0.45221823,0.31779757,0.16455632,0.113491625,inf,inf,inf,inf,1,1,1,1,2,2,2,2,2,1,1,1,0,0,0
59792000,59792000,1204000,47.397742099999995,8.5455934,0.016885852,0.000279544,-2.0671391,0.000249556,0.007715364,0.2608209,-0.0077017993,0.00272299,0.06452039,-0.0024115744,0.01068239,0.028366301,0.01886324,-0.008073199,-0.0012202071,0.051986422,1.5706655,0.0070251385,488.3202,2.5134943,0.46530724,0.32566568,0.17017649,0.11586214,inf,inf,inf,inf,1,1,1,1,2,2,2,2,2,1,1,1,0,0,0
60296000,60296000,1204000,47.397742099999995,8.5455934,0.019126223,0.0037545885,-2.0740492,0.000249556,0.007715364,0.2608209,-0.004838363,-0.0017248346,0.064863965,-0.007635641,0.01068239,0.028366301,0.01886324,-0.046687927,-0.00032069508,0.09219534,1.57082,0.0070251385,488.3202,2.5204043,0.4424715,0.3124839,0.16026945,0.11174881,inf,inf,inf,inf,1,1,1,1,2,2,2,2,2,1,1,1,0,0,0
60792000,60792000,1204000,47.397742099999995,8.5455934,0.015297654,0.005588408,-2.0704498,0.000249556,0.007715364,0.2608209,-0.007376755,-0.00436853,0.07218883,0.003081618,0.01068239,0.028366301,0.01886324,-0.032494046,0.015580066,0.038665716,1.5708876,0.0070251385,488.3202,2.516805,0.45632383,0.31990045,0.16664429,0.11437007,inf,inf,inf,inf,1,1,1,1,2,2,2,2,2,1,1,1,0,0,0
61296000,61296000,1204000,47.397742099999995,8.5455934,0.011570462,0.0046276613,-2.056889,0.000249556,0.007715364,0.2608209,-0.002856963,-0.006453546,0.062332798,0.0048355963,0.01068239,0.028366301,0.01886324,0.036662646,-0.0038818978,-0.026874242,1.5708435,0.0070251385,488.3202,2.5032442,0.4715131,0.32913375,0.17307226,0.11720427,inf,inf,inf,inf,1,1,1,1,2,2,2,2,2,1,1,1,0,0,0
61792000,61792000,1204000,47.397742099999995,8.5455934,0.008397594,0.0048140674,-2.0441082,0.000249556,0.007715364,0.2608209,0.001243705,-0.0062880847,0.0504312,0.004209145,0.01068239,0.028366301,0.01886324,0.0066131176,-0.03033361,-0.035969537,1.5709425,0.0070251385,488.3202,2.4904633,0.48619992,0.33759195,0.17880313,0.119673245,inf,inf,inf,inf,1,1,1,1,2,2,2,2,2,1,1,1,0,0,0
62296000,62296000,1204000,47.397742099999995,8.5455934,-0.009049886,0.0061709606,-2.0446556,0.000249556,0.007715364,0.2608209,0.003648743,-0.0061936504,0.040650465,-0.0056892284,0.01068239,0.028366301,0.01886324,0.065004766,0.015161174,-0.039903443,1.5708839,0.0070251385,488.3202,2.4910107,0.45883814,0.32118806,0.1665464,0.11460526,inf,inf,inf,inf,1,1,1,1,2,2,2,2,2,1,1,1,0,0,0
62792000,62792000,1204000,47.397742099999995,8.5455934,-0.022107692,0.008314422,-2.0458703,0.000249556,0.007715364,0.2608209,0.015441711,-0.004827091,0.04377276,-0.002556051,0.01068239,0.028366301,0.01886324,0.05643736,-0.010294839,0.06440374,1.5707704,0.0070251385,488.3202,2.4922254,0.47128814,0.32859853,0.17120226,0.116736,inf,inf,inf,inf,1,1,1,1,2,2,2,2,2,1,1,1,0,0,0
63296000,63296000,1204000,47.397742099999995,8.5455934,-0.031012347,0.012172191,-2.0461802,0.000249556,0.007715364,0.2608209,0.022946443,-0.005756664,0.04616764,0.00015987328,0.01068239,0.028366301,0.01886324,0.013462093,0.004613044,0.018407589,1.5708684,0.0070251385,488.3202,2.4925354,0.4848837,0.3366367,0.1761002,0.11896677,inf,inf,inf,inf,1,1,1,1,2,2,2,2,2,1,1,1,0,0,0
63792000,63792000,1204000,47.397742099999995,8.5455934,-0.04044537,0.012797872,-2.043664,0.000249556,0.007715364,0.2608209,0.03006309,-0.009850515,0.04659418,0.003304865,0.01068239,0.028366301,0.01886324,0.01766016,-0.024239793,0.015587545,1.570798,0.0070251385,488.3202,2.490019,0.49780834,0.34228325,0.1805615,0.1206115,inf,inf,inf,inf,1,1,1,1,2,2,2,2,2,1,1,1,0,0,0
64296000,64296000,1204000,47.397742099999995,8.5455934,-0.045657154,0.014121827,-2.0505946,0.000249556,0.007715364,0.2608209,0.037899327,-0.010737779,0.046526324,-0.0029217266,0.01068239,0.028366301,0.01886324,0.042729396,-0.040959362,0.012174248,1.5708557,0.0070251385,488.3202,2.4969497,0.46649817,0.32538342,0.16693476,0.11524659,inf,inf,inf,inf,1,1,1,1,2,2,2,2,2,1,1,1,0,0,0
64792000,64792000,1204000,47.397742099999995,8.5455934,-0.046841737,0.01495329,-2.0520647,0.000249556,0.007715364,0.2608209,0.042693354,-0.010258639,0.04755701,-0.0029859028,0.01068239,0.028366301,0.01886324,0.034829892,-0.020900419,0.010449438,1.5708923,0.0070251385,488.3202,2.4984198,0.47771314,0.3320243,0.171107,0.117153674,inf,inf,inf,inf,1,1,1,1,2,2,2,2,2,1,1,1,0,0,0
65296000,65296000,1204000,47.397742099999995,8.5455934,-0.04367141,0.012473345,-2.05163,0.000249556,0.007715364,0.2608209,0.04603369,-0.012845401,0.051768053,0.0022032538,0.01068239,0.028366301,0.01886324,-0.022541119,-0.008807314,0.009895301,1.5708747,0.0070251385,488.3202,2.4979851,0.4901369,0.33784282,0.17565121,0.11892816,inf,inf,inf,inf,1,1,1,1,2,2,2,2,2,1,1,1,0,0,0
65792000,65792000,1204000,47.397742099999995,8.5455934,-0.039250977,0.010637741,-2.045177,0.000249556,0.007715364,0.2608209,0.04765205,-0.012442543,0.048023064,0.004364684,0.01068239,0.028366301,0.01886324,0.010227434,-0.04989246,0.01172535,1.5706303,0.0070251385,488.3202,2.491532,0.501984,0.3444791,0.17990427,0.12078507,inf,inf,inf,inf,1,1,1,1,2,2,2,2,2,1,1,1,0,0,0
66296000,66296000,1204000,47.397742099999995,8.5455934,-0.026822113,0.00981802,-2.0452716,0.000249556,0.007715364,0.2608209,0.04370797,-0.012898788,0.041207593,-0.003169731,0.01068239,0.028366301,0.01886324,-0.010741001,0.012811185,0.0077281143,1.5707035,0.0070251385,488.3202,2.4916267,0.46930483,0.32684338,0.16631041,0.11533204,inf,inf,inf,inf,1,1,1,1,2,2,2,2,2,1,1,1,0,0,0
66792000,66792000,1204000,47.397742099999995,8.5455934,-0.02821526,0.010265205,-2.047198,0.000249556,0.007715364,0.2608209,0.034399964,-0.0095182955,0.042439964,-0.0031082744,0.01068239,0.028366301,0.01886324,0.01264215,0.033458225,0.034833323,1.5708053,0.0070251385,488.3202,2.4935532,0.47986472,0.33171734,0.17042473,0.11694798,inf,inf,inf,inf,1,1,1,1,2,2,2,2,2,1,1,1,0,0,0
67296000,67296000,1204000,47.397742099999995,8.5455934,-0.029819146,0.012328597,-2.0431519,0.000249556,0.007715364,0.2608209,0.031506244,-0.0071796523,0.04533978,0.0034857693,0.01068239,0.028366301,0.01886324,-0.003226916,0.003012217,-0.0004675239,1.5708557,0.0070251385,488.3202,2.489507,0.49171287,0.3387991,0.17496061,0.11901718,inf,inf,inf,inf,1,1,1,1,2,2,2,2,2,1,1,1,0,0,0
67792000,67792000,1204000,47.397742099999995,8.5455934,-0.02944517,0.013092364,-2.035678,0.000249556,0.007715364,0.2608209,0.033428796,-0.0058376584,0.03914995,0.0041472237,0.01068239,0.028366301,0.01886324,0.021319136,0.018801132,-0.014031305,1.570794,0.0070251385,488.3202,2.482033,0.5030802,0.3452847,0.17924337,0.12089217,inf,inf,inf,inf,1,1,1,1,2,2,2,2,2,1,1,1,0,0,0
68296000,68296000,1204000,47.397742099999995,8.5455934,-0.023235913,0.013676508,-2.0297666,0.000249556,0.007715364,0.2608209,0.032696232,-0.0016346388,0.027342198,-0.0033517636,0.01068239,0.028366301,0.01886324,0.011406722,0.00645715,0.008506699,1.5708508,0.0070251385,488.3202,2.4761217,0.47007987,0.32603458,0.1658665,0.11518093,inf,inf,inf,inf,1,1,1,1,2,2,2,2,2,1,1,1,0,0,0
68792000,68792000,1204000,47.397742099999995,8.5455934,-0.019528832,0.009320406,-2.0318725,0.000249556,0.007715364,0.2608209,0.028292453,-0.0031933368,0.029610233,-0.001744981,0.01068239,0.028366301,0.01886324,-0.0010405491,0.040966433,0.0045271586,1.5708251,0.0070251385,488.3202,2.4782276,0.4803653,0.33226845,0.17001775,0.1170836,inf,inf,inf,inf,1,1,1,1,2,2,2,2,2,1,1,1,0,0,0
69296000,69296000,1204000,47.397742099999995,8.5455934,-0.020426024,-0.0059593427,-2.0267694,0.000249556,0.007715364,0.2608209,0.024109827,-0.0028707068,0.026779821,0.0002931583,0.01068239,0.028366301,0.01886324,-0.017413782,0.0611805,0.002318993,1.5707294,0.0070251385,488.3202,2.4731245,0.49198833,0.33933082,0.1746098,0.119170085,inf,inf,inf,inf,1,1,1,1,2,2,2,2,2,1,1,1,0,0,0
69792000,69792000,1204000,47.397742099999995,8.5455934,-0.021400772,-0.017955417,-2.0190313,0.000249556,0.007715364,0.2608209,0.021626066,0.0060176845,0.022020156,0.0027520603,0.01068239,0.028366301,0.01886324,-0.012175703,0.0259208,-0.019561497,1.5707492,0.0070251385,488.3202,2.4653864,0.5031835,0.34416544,0.17891413,0.120732956,inf,inf,inf,inf,1,1,1,1,2,2,2,2,2,1,1,1,0,0,0
70296000,70296000,1204000,47.397742099999995,8.5455934,-0.022401158,-0.01821364,-2.0012453,0.000249556,0.007715364,0.2608209,0.019515261,0.017043147,0.004793145,0.00060722884,0.01068239,0.028366301,0.01886324,0.013643991,0.011461466,-0.022681428,1.5708113,0.0070251385,488.3202,2.4476004,0.4701769,0.32648697,0.16567385,0.11533028,inf,inf,inf,inf,1,1,1,1,2,2,2,2,2,1,1,1,0,0,0
70792000,70792000,1204000,47.397742099999995,8.5455934,-0.017152999,-0.022333313,-1.9926575,0.000249556,0.007715364,0.2608209,0.019355748,0.019086009,-0.008943516,-0.0054252287,0.01068239,0.028366301,0.01886324,0.010196468,-0.006471964,-0.0194218,1.5707293,0.0070251385,488.3202,2.4390128,0.48037377,0.33274293,0.16989583,0.11723738,inf,inf,inf,inf,1,1,1,1,2,2,2,2,2,1,1,1,0,0,0
71296000,71296000,1204000,47.397742099999995,8.5455934,-0.0059490334,-0.024868669,-1.9898643,0.000249556,0.007715364,0.2608209,0.018616224,0.023115054,-0.0096582165,-0.002790096,0.01068239,0.028366301,0.01886324,-0.016166158,0.031434145,-0.016730277,1.5702958,0.0070251385,488.3202,2.4362195,0.49193305,0.33827192,0.17448068,0.11902424,inf,inf,inf,inf,1,1,1,1,2,2,2,2,2,1,1,1,0,0,0
71792000,71792000,1204000,47.397742099999995,8.5455934,0.011369034,-0.022994742,-1.9822588,0.000249556,0.007715364,0.2608209,0.01340901,0.02340178,-0.014432106,-0.00058723165,0.01068239,0.028366301,0.01886324,-0.013985263,0.024392122,-0.025284475,1.5708616,0.0070251385,488.3202,2.428614,0.50308466,0.34471545,0.17879464,0.12089547,inf,inf,inf,inf,1,1,1,1,2,2,2,2,2,1,1,1,0,0,0
72296000,72296000,1204000,47.397742099999995,8.5455934,0.023050912,-0.016319482,-1.9749526,0.000249556,0.007715364,0.2608209,0.0038677796,0.021306302,-0.023469942,-0.0026264307,0.01068239,0.028366301,0.01886324,-0.00794485,0.009274401,-0.025773419,1.5706452,0.0070251385,488.3202,2.4213078,0.47012427,0.3269546,0.16557613,0.115458675,inf,inf,inf,inf,1,1,1,1,2,2,2,2,2,1,1,1,0,0,0
72792000,72792000,1204000,47.397742099999995,8.5455934,0.026935505,-0.015111753,-1.9710004,0.000249556,0.007715364,0.2608209,-0.008149344,0.018246954,-0.02944033,-0.004110087,0.01068239,0.028366301,0.01886324,-0.020004516,-0.010804243,-0.043286007,1.5706923,0.0070251385,488.3202,2.4173555,0.4802956,0.33175877,0.16979325,0.117082365,inf,inf,inf,inf,1,1,1,1,2,2,2,2,2,1,1,1,0,0,0
73296000,73296000,1204000,47.397742099999995,8.5455934,0.02311512,-0.009536933,-1.9757463,0.000249556,0.007715364,0.2608209,-0.010560072,0.01456727,-0.028967872,-0.006883633,0.01068239,0.028366301,0.01886324,0.0073961853,-0.013042386,0.019726342,1.5707978,0.0070251385,488.3202,2.4221015,0.4918348,0.3388041,0.17437007,0.119153045,inf,inf,inf,inf,1,1,1,1,2,2,2,2,2,1,1,1,0,0,0
73792000,73792000,1204000,47.397742099999995,8.5455934,0.023047244,-0.0014526652,-1.9748317,0.000249556,0.007715364,0.2608209,-0.009977141,0.011636881,-0.027114216,-0.0036248006,0.01068239,0.028366301,0.01886324,-0.0047755307,-0.019629396,0.0026142222,1.5703623,0.0070251385,488.3202,2.421187,0.5029686,0.34527642,0.17862153,0.121024676,inf,inf,inf,inf,1,1,1,1,2,2,2,2,2,1,1,1,0,0,0
74296000,74296000,1204000,47.397742099999995,8.5455934,0.016513485,0.0028813086,-1.9735264,0.000249556,0.007715364,0.2608209,-0.0103416145,0.0020825635,-0.028800642,-0.0037175561,0.01068239,0.028366301,0.01886324,0.0006745976,0.03297717,-0.040635463,1.5705253,0.0070251385,488.3202,2.4198816,0.47293243,0.32798555,0.16747183,0.11621108,inf,inf,inf,inf,1,1,1,1,2,2,2,2,2,1,1,1,0,0,0
74792000,74792000,1204000,47.397742099999995,8.5455934,0.0064034495,0.0017132579,-1.9644032,0.000249556,0.007715364,0.2608209,-0.005033162,-0.003879098,-0.032041468,0.0011606901,0.01068239,0.028366301,0.01886324,0.0206033,0.0060783345,-0.051292587,1.5706878,0.0070251385,488.3202,2.4107583,0.44940114,0.3149992,0.15915476,0.11265179,inf,inf,inf,inf,1,1,1,1,2,2,2,2,2,1,1,1,0,0,0
75296000,75296000,1204000,47.397742099999995,8.5455934,0.0048930724,0.0024075103,-1.96214,0.000249556,0.007715364,0.2608209,0.0018041069,-0.0034962273,-0.035720043,-0.0006468927,0.01068239,0.028366301,0.01886324,0.014706601,-0.029550893,0.025229527,1.5705602,0.0070251385,488.3202,2.4084952,0.4312957,0.30490783,0.15297112,0.10994905,inf,inf,inf,inf,1,1,1,1,2,2,2,2,2,1,1,1,0,0,0
75792000,75792000,1204000,47.397742099999995,8.5455934,0.001599953,0.007872042,-1.9688854,0.000249556,0.007715364,0.2608209,0.0010877717,-0.0016044865,-0.034325283,-0.005683483,0.01068239,0.028366301,0.01886324,0.018127698,0.025067389,0.016447155,1.5705965,0.0070251385,488.3202,2.4152405,0.44542253,0.3134377,0.16013671,0.11318158,inf,inf,inf,inf,1,1,1,1,2,2,2,2,2,1,1,1,0,0,0
76296000,76296000,1204000,47.397742099999995,8.5455934,-0.0073580216,0.011253828,-1.9793997,0.000249556,0.007715364,0.2608209,-0.0013664358,-0.00532659,-0.023273444,-0.003193805,0.01068239,0.028366301,0.01886324,0.041560646,0.0022274614,0.045693476,1.5706573,0.0070251385,488.3202,2.4257548,0.46114075,0.32374334,0.16710414,0.11649133,inf,inf,inf,inf,1,1,1,1,2,2,2,2,2,1,1,1,0,0,0
76792000,76792000,1204000,47.397742099999995,8.5455934,-0.0110108415,0.011247547,-1.9802985,0.000249556,0.007715364,0.2608209,0.0031811777,-0.0076082745,-0.018547157,0.0006218467,0.01068239,0.028366301,0.01886324,0.027535511,-0.014291144,0.013811513,1.5708908,0.0070251385,488.3202,2.4266536,0.47658724,0.33323368,0.17330469,0.11930943,inf,inf,inf,inf,1,1,1,1,2,2,2,2,2,1,1,1,0,0,0
77296000,77296000,1204000,47.397742099999995,8.5455934,-0.013452617,0.016535478,-1.9775488,0.000249556,0.007715364,0.2608209,0.004058049,-0.0084468825,-0.021513721,-0.00025048398,0.01068239,0.028366301,0.01886324,0.011047202,0.0005473266,-0.0118874,1.5707473,0.0070251385,488.3202,2.423904,0.45509958,0.32025596,0.16473868,0.11546681,inf,inf,inf,inf,1,1,1,1,2,2,2,2,2,1,1,1,0,0,0
77792000,77792000,1204000,47.397742099999995,8.5455934,-0.007900335,0.016648164,-1.9777749,0.000249556,0.007715364,0.2608209,0.002858534,-0.011009556,-0.021481175,-0.0006875607,0.01068239,0.028366301,0.01886324,-0.028763052,-0.02429186,-0.0016326084,1.5706439,0.0070251385,488.3202,2.42413,0.4711859,0.3301802,0.17141849,0.118456304,inf,inf,inf,inf,1,1,1,1,2,2,2,2,2,1,1,1,0,0,0
78296000,78296000,1204000,47.397742099999995,8.5455934,0.001787512,0.01811265,-1.9781892,0.000249556,0.007715364,0.2608209,-4.4970482e-05,-0.011729542,-0.018574303,0.0015491517,0.01068239,0.028366301,0.01886324,0.026063614,0.009187875,-0.0075353305,1.5706823,0.0070251385,488.3202,2.4245443,0.4487454,0.31753406,0.16162209,0.11425617,inf,inf,inf,inf,1,1,1,1,2,2,2,2,2,1,1,1,0,0,0
78792000,78792000,1204000,47.397742099999995,8.5455934,0.016248595,0.022613712,-1.9802201,0.000249556,0.007715364,0.2608209,-0.0045833094,-0.010100593,-0.01926884,-0.0018168481,0.01068239,0.028366301,0.01886324,-0.0002638844,-0.007235328,0.019272787,1.5708612,0.0070251385,488.3202,2.4265752,0.46236512,0.32460544,0.16680421,0.11634685,inf,inf,inf,inf,1,1,1,1,2,2,2,2,2,1,1,1,0,0,0
79296000,79296000,1204000,47.397742099999995,8.5455934,0.03253268,0.02308247,-1.9896512,0.000249556,0.007715364,0.2608209,-0.01475737,-0.0121341515,-0.013088473,-0.0038747478,0.01068239,0.028366301,0.01886324,-0.06256302,-0.043498784,0.002712011,1.5709586,0.0070251385,488.3202,2.4360063,0.47707015,0.33346334,0.17211738,0.11871162,inf,inf,inf,inf,1,1,1,1,2,2,2,2,2,1,1,1,0,0,0
79792000,79792000,1204000,47.397742099999995,8.5455934,0.043616015,0.009609213,-2.0020251,0.000249556,0.007715364,0.2608209,-0.026266383,-0.015378092,-0.002348313,-0.002541205,0.01068239,0.028366301,0.01886324,-0.07232348,0.018077116,0.051341016,1.5709119,0.0070251385,488.3202,2.4483802,0.49103627,0.34141818,0.17688724,0.12075694,inf,inf,inf,inf,1,1,1,1,2,2,2,2,2,1,1,1,0,0,0
80296000,80296000,1204000,47.397742099999995,8.5455934,0.048663747,-0.0028234865,-2.0043874,0.000249556,0.007715364,0.2608209,-0.032568786,-0.0084989825,0.004385102,0.0018050028,0.01068239,0.028366301,0.01886324,-0.024464184,0.046039637,0.04934519,1.5707186,0.0070251385,488.3202,2.4507425,0.46205458,0.32376155,0.16429374,0.115135185,inf,inf,inf,inf,1,1,1,1,2,2,2,2,2,1,1,1,0,0,0
80792000,80792000,1204000,47.397742099999995,8.5455934,0.057064712,-0.008190961,-2.008834,0.000249556,0.007715364,0.2608209,-0.03226677,-0.0022775254,0.007773747,0.0006237741,0.01068239,0.028366301,0.01886324,-0.01777528,0.019970348,0.012707896,1.5706974,0.0070251385,488.3202,2.455189,0.4739138,0.33074656,0.16859554,0.11703545,inf,inf,inf,inf,1,1,1,1,2,2,2,2,2,1,1,1,0,0,0
81296000,81296000,1204000,47.397742099999995,8.5455934,0.06231756,-0.012780263,-2.0117946,0.000249556,0.007715364,0.2608209,-0.03526858,0.00026440716,0.012252424,0.0024640013,0.01068239,0.028366301,0.01886324,-0.01935489,0.0027673084,0.046152618,1.5705401,0.0070251385,488.3202,2.4581497,0.48687312,0.33837637,0.17325132,0.11909445,inf,inf,inf,inf,1,1,1,1,2,2,2,2,2,1,1,1,0,0,0
81792000,81792000,1204000,47.397742099999995,8.5455934,0.06557748,-0.012304063,-2.0134735,0.000249556,0.007715364,0.2608209,-0.03995602,0.0042179436,0.015025008,0.0034599272,0.01068239,0.028366301,0.01886324,-0.051933512,0.013822223,0.013479962,1.5709243,0.0070251385,488.3202,2.4598286,0.49916422,0.34362122,0.17762373,0.12061676,inf,inf,inf,inf,1,1,1,1,2,2,2,2,2,1,1,1,0,0,0
82296000,82296000,1204000,47.397742099999995,8.5455934,0.05519401,-0.005248841,-2.021452,0.000249556,0.007715364,0.2608209,-0.045628287,0.0073609357,0.015775925,-0.003740352,0.01068239,0.028366301,0.01886324,0.00877754,-0.0300112,0.038473863,1.5708038,0.0070251385,488.3202,2.467807,0.4674732,0.32621858,0.16461632,0.11516554,inf,inf,inf,inf,1,1,1,1,2,2,2,2,2,1,1,1,0,0,0
82792000,82792000,1204000,47.397742099999995,8.5455934,0.038911283,0.0019734267,-2.0310826,0.000249556,0.007715364,0.2608209,-0.04011309,0.0045339772,0.028351782,0.0011314808,0.01068239,0.028366301,0.01886324,0.012070493,-0.012445583,0.033455897,1.5708276,0.0070251385,488.3202,2.4774377,0.47827402,0.33262655,0.16874056,0.117047764,inf,inf,inf,inf,1,1,1,1,2,2,2,2,2,1,1,1,0,0,0
83296000,83296000,1204000,47.397742099999995,8.5455934,0.024090985,0.0061688693,-2.029156,0.000249556,0.007715364,0.2608209,-0.0318621,0.0008379118,0.030289058,0.004362638,0.01068239,0.028366301,0.01886324,-0.011954049,-0.033809308,-0.028965062,1.5704687,0.0070251385,488.3202,2.475511,0.49029464,0.3382432,0.17331702,0.11881826,inf,inf,inf,inf,1,1,1,1,2,2,2,2,2,1,1,1,0,0,0
83792000,83792000,1204000,47.397742099999995,8.5455934,0.010794219,0.0057421774,-2.0253203,0.000249556,0.007715364,0.2608209,-0.021206608,-0.0017053938,0.028997747,0.005626926,0.01068239,0.028366301,0.01886324,0.0015839176,0.03427852,-0.0324659,1.5706758,0.0070251385,488.3202,2.4716754,0.5017869,0.34472466,0.1776395,0.12068599,inf,inf,inf,inf,1,1,1,1,2,2,2,2,2,1,1,1,0,0,0
84296000,84296000,1204000,47.397742099999995,8.5455934,0.0024067743,0.0058350465,-2.0294635,0.000249556,0.007715364,0.2608209,-0.010509146,-0.0047123446,0.02952745,0.0017555077,0.01068239,0.028366301,0.01886324,0.04249159,-0.007317896,0.031293366,1.5707341,0.0070251385,488.3202,2.4758186,0.46925768,0.3256204,0.16462968,0.115022264,inf,inf,inf,inf,1,1,1,1,2,2,2,2,2,1,1,1,0,0,0
84792000,84792000,1204000,47.397742099999995,8.5455934,-0.0044802963,0.0008689104,-2.0287251,0.000249556,0.007715364,0.2608209,-0.0030777748,-0.0071071107,0.029670997,0.002230838,0.01068239,0.028366301,0.01886324,0.015664931,-0.0070794774,0.017597338,1.5708101,0.0070251385,488.3202,2.4750803,0.47959566,0.331896,0.16884694,0.116945006,inf,inf,inf,inf,1,1,1,1,2,2,2,2,2,1,1,1,0,0,0
85296000,85296000,1204000,47.397742099999995,8.5455934,-0.010186473,-0.0014617369,-2.0371742,0.000249556,0.007715364,0.2608209,0.0019276016,-0.0051347525,0.033468314,-0.0017102325,0.01068239,0.028366301,0.01886324,0.0036066337,0.007536087,0.018153338,1.5707879,0.0070251385,488.3202,2.4835293,0.4545612,0.3169576,0.15981087,0.112879835,inf,inf,inf,inf,1,1,1,1,2,2,2,2,2,1,1,1,0,0,0
85792000,85792000,1204000,47.397742099999995,8.5455934,-0.015166502,-0.0034771785,-2.0433002,0.000249556,0.007715364,0.2608209,0.009708986,-0.004427269,0.04546262,0.0056671496,0.01068239,0.028366301,0.01886324,0.015734375,-0.004365283,0.03809854,1.5709175,0.0070251385,488.3202,2.4896553,0.46928668,0.32650977,0.16721854,0.11630085,inf,inf,inf,inf,1,1,1,1,2,2,2,2,2,1,1,1,0,0,0
86296000,86296000,1204000,47.397742099999995,8.5455934,-0.024142712,-0.004629431,-2.041968,0.000249556,0.007715364,0.2608209,0.015698707,-0.00010182126,0.046493866,0.0073666973,0.01068239,0.028366301,0.01886324,0.045099963,0.043476347,-0.00037066636,1.5707108,0.0070251385,488.3202,2.4883232,0.4498957,0.31636304,0.16101697,0.11373797,inf,inf,inf,inf,1,1,1,1,2,2,2,2,2,1,1,1,0,0,0
86792000,86792000,1204000,47.397742099999995,8.5455934,-0.024376549,-0.005864777,-2.0357318,0.000249556,0.007715364,0.2608209,0.02316088,0.0012307513,0.040351596,0.0060005644,0.01068239,0.028366301,0.01886324,0.027109431,-0.034768105,-0.027011147,1.5708599,0.0070251385,488.3202,2.482087,0.46573788,0.3252819,0.16850978,0.11693501,inf,inf,inf,inf,1,1,1,1,2,2,2,2,2,1,1,1,0,0,0
87296000,87296000,1204000,47.397742099999995,8.5455934,-0.029459784,-1.2668723e-05,-2.044598,0.000249556,0.007715364,0.2608209,0.025526742,0.0027069298,0.041042794,-0.0019296393,0.01068239,0.028366301,0.01886324,0.0013860989,-0.008875096,0.009519047,1.5709347,0.0070251385,488.3202,2.4909532,0.4449986,0.31393117,0.16004299,0.113400556,inf,inf,inf,inf,1,1,1,1,2,2,2,2,2,1,1,1,0,0,0
87792000,87792000,1204000,47.397742099999995,8.5455934,-0.030563165,0.002233324,-2.0454028,0.000249556,0.007715364,0.2608209,0.025212886,0.00014105067,0.04443008,0.001285596,0.01068239,0.028366301,0.01886324,0.03655336,0.0060017044,0.0048624347,1.5707438,0.0070251385,488.3202,2.4917579,0.45874128,0.3227596,0.16563928,0.1160383,inf,inf,inf,inf,1,1,1,1,2,2,2,2,2,1,1,1,0,0,0
88296000,88296000,1204000,47.397742099999995,8.5455934,-0.029161744,-0.004510919,-2.0466866,0.000249556,0.007715364,0.2608209,0.028619004,-0.0037522714,0.046229627,0.0020886024,0.01068239,0.028366301,0.01886324,0.03722589,0.004447705,0.055622306,1.570809,0.0070251385,488.3202,2.4930418,0.47368544,0.3306411,0.17131153,0.11834811,inf,inf,inf,inf,1,1,1,1,2,2,2,2,2,1,1,1,0,0,0
88792000,88792000,1204000,47.397742099999995,8.5455934,-0.02228877,-0.0042865477,-2.046963,0.000249556,0.007715364,0.2608209,0.03144456,0.003224244,0.04976395,0.0055445423,0.01068239,0.028366301,0.01886324,-0.0070016244,0.0040498558,-0.012552365,1.5706955,0.0070251385,488.3202,2.493318,0.48799267,0.33898553,0.1763482,0.12054424,inf,inf,inf,inf,1,1,1,1,2,2,2,2,2,1,1,1,0,0,0
89296000,89296000,1204000,47.397742099999995,8.5455934,-0.018130586,-8.945417e-05,-2.0568092,0.000249556,0.007715364,0.2608209,0.026951408,0.0045184884,0.054283407,0.0012647698,0.01068239,0.028366301,0.01886324,0.00036769776,-0.03356376,0.050175,1.5711703,0.0070251385,488.3202,2.5031643,0.4628676,0.32538655,0.16612533,0.116263025,inf,inf,inf,inf,1,1,1,1,2,2,2,2,2,1,1,1,0,0,0
89792000,89792000,1204000,47.397742099999995,8.5455934,-0.012335573,0.00091455167,-2.0553238,0.000249556,0.007715364,0.2608209,0.023722822,0.00034591492,0.059653126,0.008124101,0.01068239,0.028366301,0.01886324,-0.00273998,-0.015961442,-0.0008856877,1.5707588,0.0070251385,488.3202,2.501679,0.47803664,0.33309582,0.17221436,0.118679315,inf,inf,inf,inf,1,1,1,1,2,2,2,2,2,1,1,1,0,0,0
90296000,90296000,1204000,47.397742099999995,8.5455934,-0.011002912,0.00020008275,-2.0548382,0.000249556,0.007715364,0.2608209,0.019735808,-0.00072155497,0.05931346,0.007678308,0.01068239,0.028366301,0.01886324,0.033671413,-0.00767142,0.012202187,1.5705751,0.0070251385,488.3202,2.5011933,0.45608526,0.32118416,0.1637707,0.11509819,inf,inf,inf,inf,1,1,1,1,2,2,2,2,2,1,1,1,0,0,0
90792000,90792000,1204000,47.397742099999995,8.5455934,-0.010050169,-0.001206894,-2.0475736,0.000249556,0.007715364,0.2608209,0.020355789,-0.002017204,0.049896974,0.0047176136,0.01068239,0.028366301,0.01886324,0.026733235,0.007683236,-0.005062669,1.5707713,0.0070251385,488.3202,2.4939287,0.47191975,0.32948703,0.17048405,0.1178135,inf,inf,inf,inf,1,1,1,1,2,2,2,2,2,1,1,1,0,0,0
91296000,91296000,1204000,47.397742099999995,8.5455934,-0.0065850336,-0.003433082,-2.0469809,0.000249556,0.007715364,0.2608209,0.023624375,-0.0014685314,0.043097597,-0.0018771607,0.01068239,0.028366301,0.01886324,-0.02187339,0.0034944385,-0.0050114463,1.5706908,0.0070251385,488.3202,2.493336,0.44925722,0.31683263,0.16093047,0.113736056,inf,inf,inf,inf,1,1,1,1,2,2,2,2,2,1,1,1,0,0,0
91792000,91792000,1204000,47.397742099999995,8.5455934,-0.00929817,-0.0061947983,-2.0404942,0.000249556,0.007715364,0.2608209,0.019378392,0.0029864071,0.045504287,0.0068605053,0.01068239,0.028366301,0.01886324,0.027233412,0.028960463,0.00042933968,1.5707381,0.0070251385,488.3202,2.4868493,0.46269846,0.32513547,0.16616738,0.116137736,inf,inf,inf,inf,1,1,1,1,2,2,2,2,2,1,1,1,0,0,0
92296000,92296000,1204000,47.397742099999995,8.5455934,-0.01740521,-0.005901094,-2.031674,0.000249556,0.007715364,0.2608209,0.021129282,0.003036976,0.0318344,0.00026898878,0.01068239,0.028366301,0.01886324,0.022554332,-0.004213216,0.007937661,1.5708048,0.0070251385,488.3202,2.478029,0.47724116,0.33246395,0.17161955,0.11827279,inf,inf,inf,inf,1,1,1,1,2,2,2,2,2,1,1,1,0,0,0
92792000,92792000,1204000,47.397742099999995,8.5455934,-0.022478756,-0.0060841558,-2.0304906,0.000249556,0.007715364,0.2608209,0.029066881,0.0043908353,0.030220438,0.00016351091,0.01068239,0.028366301,0.01886324,0.04062583,0.018129677,-0.018955206,1.5709254,0.0070251385,488.3202,2.4768457,0.49107987,0.34035945,0.17649582,0.12037668,inf,inf,inf,inf,1,1,1,1,2,2,2,2,2,1,1,1,0,0,0
93296000,93296000,1204000,47.397742099999995,8.5455934,-0.030461527,-0.005232896,-2.024724,0.000249556,0.007715364,0.2608209,0.035025083,0.0041064187,0.028340943,0.0030935185,0.01068239,0.028366301,0.01886324,0.032938432,0.016548436,-0.0020740551,1.5708826,0.0070251385,488.3202,2.471079,0.4649457,0.32625237,0.16614935,0.11606435,inf,inf,inf,inf,1,1,1,1,2,2,2,2,2,1,1,1,0,0,0
93792000,93792000,1204000,47.397742099999995,8.5455934,-0.027772993,-0.0029001227,-2.0214243,0.000249556,0.007715364,0.2608209,0.04214644,0.00555243,0.022738857,0.00043396984,0.01068239,0.028366301,0.01886324,0.018202232,-0.025380546,0.004794448,1.5707545,0.0070251385,488.3202,2.4677794,0.4797939,0.3337037,0.17226295,0.11848549,inf,inf,inf,inf,1,1,1,1,2,2,2,2,2,1,1,1,0,0,0
94296000,94296000,1204000,47.397742099999995,8.5455934,-0.034868143,-0.0023503054,-2.0171514,0.000249556,0.007715364,0.2608209,0.041823827,0.0030894622,0.019140426,0.0011334949,0.01068239,0.028366301,0.01886324,0.022760155,-0.0075215935,-0.044072043,1.5708029,0.0070251385,488.3202,2.4635065,0.4546224,0.31967798,0.1618285,0.11406053,inf,inf,inf,inf,1,1,1,1,2,2,2,2,2,1,1,1,0,0,0
94792000,94792000,1204000,47.397742099999995,8.5455934,-0.039298132,0.002271145,-2.0142596,0.000249556,0.007715364,0.2608209,0.045068488,0.0011778992,0.013461859,-0.0018533933,0.01068239,0.028366301,0.01886324,0.0039199656,-0.00041257587,0.025207175,1.5709684,0.0070251385,488.3202,2.4606147,0.4702094,0.3293896,0.16886951,0.11723563,inf,inf,inf,inf,1,1,1,1,2,2,2,2,2,1,1,1,0,0,0
95296000,95296000,1204000,47.397742099999995,8.5455934,-0.05595332,0.0046318546,-2.015424,0.000249556,0.007715364,0.2608209,0.042626537,-0.0035348588,0.014489625,-0.0014484925,0.01068239,0.028366301,0.01886324,0.070151545,-0.02448799,0.027665867,1.57093,0.0070251385,488.3202,2.461779,0.45062482,0.3174238,0.16186923,0.11402868,inf,inf,inf,inf,1,1,1,1,2,2,2,2,2,1,1,1,0,0,0
95792000,95792000,1204000,47.397742099999995,8.5455934,-0.06403388,0.0105345715,-2.0134175,0.000249556,0.007715364,0.2608209,0.04992007,-0.0046437886,0.012113369,-0.0016815291,0.01068239,0.028366301,0.01886324,0.074335195,0.0036377457,-0.018546356,1.5709133,0.0070251385,488.3202,2.4597726,0.433705,0.3078438,0.15585814,0.111389965,inf,inf,inf,inf,1,1,1,1,2,2,2,2,2,1,1,1,0,0,0
96296000,96296000,1204000,47.397742099999995,8.5455934,-0.06274165,0.010698707,-2.0031192,0.000249556,0.007715364,0.2608209,0.053435016,-0.011369222,0.0075615663,0.002830706,0.01068239,0.028366301,0.01886324,0.04246129,-0.025895074,-0.010080635,1.5709255,0.0070251385,488.3202,2.4494743,0.4506473,0.31907362,0.16367735,0.11509377,inf,inf,inf,inf,1,1,1,1,2,2,2,2,2,1,1,1,0,0,0
96792000,96792000,1204000,47.397742099999995,8.5455934,-0.05482293,0.011534324,-1.9943659,0.000249556,0.007715364,0.2608209,0.050679028,-0.00992275,-0.0024807858,0.00012439901,0.01068239,0.028366301,0.01886324,0.02439387,0.01583842,-0.0017751007,1.5708852,0.0070251385,488.3202,2.440721,0.46740136,0.3280268,0.17064048,0.117967464,inf,inf,inf,inf,1,1,1,1,2,2,2,2,2,1,1,1,0,0,0
97296000,97296000,1204000,47.397742099999995,8.5455934,-0.039321043,0.011929418,-1.9909359,0.000249556,0.007715364,0.2608209,0.046933167,-0.013425557,-0.008633549,-0.0023240675,0.01068239,0.028366301,0.01886324,0.012369331,-0.003122375,0.016797332,1.5706459,0.0070251385,488.3202,2.4372911,0.4461334,0.3160073,0.16119832,0.11394814,inf,inf,inf,inf,1,1,1,1,2,2,2,2,2,1,1,1,0,0,0
97792000,97792000,1204000,47.397742099999995,8.5455934,-0.020504989,0.014750211,-1.9858503,0.000249556,0.007715364,0.2608209,0.03043201,-0.012918428,-0.014960197,-0.0038848585,0.01068239,0.028366301,0.01886324,-0.06325586,-0.020254431,-0.016815027,1.5708414,0.0070251385,488.3202,2.4322054,0.4631117,0.32662255,0.16851054,0.11726222,inf,inf,inf,inf,1,1,1,1,2,2,2,2,2,1,1,1,0,0,0
98296000,98296000,1204000,47.397742099999995,8.5455934,0.0007309454,0.014593446,-1.976785,0.000249556,0.007715364,0.2608209,0.016561246,-0.012838558,-0.022406304,-0.0027440873,0.01068239,0.028366301,0.01886324,-0.049335152,-0.016526638,-0.040109266,1.5707377,0.0070251385,488.3202,2.42314,0.44316787,0.31393617,0.15991633,0.113270134,inf,inf,inf,inf,1,1,1,1,2,2,2,2,2,1,1,1,0,0,0
98792000,98792000,1204000,47.397742099999995,8.5455934,0.016908308,0.009569043,-1.9762555,0.000249556,0.007715364,0.2608209,-0.0026446653,-0.013111964,-0.023637589,-0.0028044959,0.01068239,0.028366301,0.01886324,-0.057742957,0.020437174,0.0020554287,1.570882,0.0070251385,488.3202,2.4226108,0.45753905,0.322811,0.16548645,0.115806796,inf,inf,inf,inf,1,1,1,1,2,2,2,2,2,1,1,1,0,0,0
99296000,99296000,1204000,47.397742099999995,8.5455934,0.036849286,0.009893692,-1.979954,0.000249556,0.007715364,0.2608209,-0.010887476,-0.012379353,0.034641065,0.052072104,0.01068239,0.028366301,0.01886324,0.1272372,-0.12959409,3.0521557,1.5711149,0.0070251385,488.3202,2.426309,0.4729582,0.330726,0.17110689,0.11805873,inf,inf,inf,inf,1,1,1,1,2,2,2,2,2,1,1,1,0,0,0
99792000,99792000,1204000,47.397742099999995,8.5455934,0.08668888,-0.008759471,-1.7024876,0.000249556,0.007715364,0.2608209,0.11307826,-0.12282652,0.7874992,0.7855693,0.01068239,0.028366301,0.01886324,0.23424369,-0.25401652,0.13185012,1.5718883,0.0070251385,488.3202,2.1488428,0.4872766,0.3390497,0.17369801,0.120219655,inf,inf,inf,inf,1,1,1,1,2,2,2,2,2,1,1,1,0,0,0
100296000,100296000,1204000,47.397742099999995,8.5455934,0.20192344,-0.071899116,-1.3067245,0.000249556,0.007715364,0.2608209,0.22983368,-0.22101304,0.7790746,0.7773431,0.01068239,0.028366301,0.01886324,0.17347716,-0.14687933,-0.06357114,1.5728679,0.0070251385,488.3202,1.7530797,0.46241903,0.32540178,0.16633494,0.11595206,inf,inf,inf,inf,1,1,1,1,2,2,2,2,2,1,1,1,0,0,0
100792000,100792000,1204000,47.397742099999995,8.5455934,0.35879618,-0.19292785,-0.923733,0.000249556,0.007715364,0.2608209,0.32001224,-0.3047708,0.75675464,0.75776017,0.01068239,0.028366301,0.01886324,0.13582094,-0.20005405,-0.02519693,1.573443,0.0070251385,488.3202,1.3700881,0.4777633,0.33305022,0.17544551,0.11838161,inf,inf,inf,inf,1,1,1,1,2,2,2,2,2,1,1,1,0,0,0
101296000,101296000,1204000,47.397742099999995,8.5455934,0.5635538,-0.37614703,-0.53286475,0.000249556,0.007715364,0.2608209,0.3938555,-0.38398972,0.7299571,0.7422099,0.01068239,0.028366301,0.01886324,0.11942324,-0.1084741,-0.045543533,1.5726968,0.0070251385,488.3202,0.9792199,0.4559496,0.32110804,0.16897051,0.11486074,inf,inf,inf,inf,1,1,1,1,2,2,2,2,2,1,1,1,0,0,0
101792000,101792000,1204000,47.397742099999995,8.5455934,0.7910317,-0.59351015,-0.1660162,0.000249556,0.007715364,0.2608209,0.4490253,-0.45137915,0.71677697,0.7302762,0.01068239,0.028366301,0.01886324,0.06050084,-0.13906227,-0.04159752,1.5723252,0.0070251385,488.3202,0.6123714,0.47220203,0.33078307,0.17764021,0.117898904,inf,inf,inf,inf,1,1,1,1,2,2,2,2,2,1,1,1,0,0,0
102296000,102296000,1204000,47.397742099999995,8.5455934,1.0209,-0.8115434,0.17164008,0.000249556,0.007715364,0.2608209,-0.13347863,-0.007678186,-0.00054407713,0.016697753,0.01068239,0.028366301,0.01886324,-0.23475695,-0.061133772,0.85099596,1.5738189,0.0070251385,488.3202,0.27471507,0.44941375,0.31661758,0.16763163,0.11359416,inf,inf,inf,inf,1,1,1,1,2,2,2,2,2,1,1,1,0,0,0
102792000,102792000,1204000,47.397742099999995,8.5455934,0.9969767,-0.8158811,0.18871368,0.000249556,0.007715364,0.2608209,-0.1283178,-0.02180771,0.02282598,0.03516036,0.01068239,0.028366301,0.01886324,-0.041631542,-0.03914046,0.0075753774,1.5789303,0.0070251385,488.3202,0.2576415,0.4633485,0.32422417,0.18592961,0.107799105,inf,inf,inf,inf,1,1,1,1,2,2,2,2,2,1,1,1,0,0,0
103296000,103296000,1204000,47.397742099999995,8.5455934,0.9982377,-0.8230002,0.19908354,0.000249556,0.007715364,0.2608209,-0.10274119,-0.034390252,0.0150290085,0.023175087,0.01068239,0.028366301,0.01886324,0.01257623,-0.02321071,-0.028289853,1.5825652,0.0070251385,488.3202,0.24727163,0.47890097,0.32915515,0.20947756,0.10241099,inf,inf,inf,inf,1,1,1,1,2,2,2,2,2,1,1,1,0,0,0
103792000,103792000,1204000,47.397742099999995,8.5455934,1.0095156,-0.8241604,0.19960657,0.000249556,0.007715364,0.2608209,-0.072688475,-0.035293013,0.007782204,0.008817797,0.01068239,0.028366301,0.01886324,-0.010613788,-0.02067306,-0.009603797,1.5845658,0.0070251385,488.3202,0.2467486,0.49499115,0.33332738,0.24028651,0.09980808,inf,inf,inf,inf,1,1,1,1,2,2,2,2,2,1,1,1,0,0,0
104296000,104296000,1204000,47.397742099999995,8.5455934,1.02533,-0.8246546,0.20549864,0.000249556,0.007715364,0.2608209,-0.042817365,-0.034033146,0.006765441,0.010634641,0.01068239,0.028366301,0.01886324,0.013079115,-0.014956021,0.0009918584,1.5851319,0.0070251385,488.3202,0.104076415,0.46375442,0.316375,0.22618657,0.094955444,inf,inf,inf,inf,1,1,1,1,2,2,2,2,2,0,1,1,0,0,0
104792000,104792000,1204000,47.397742099999995,8.5455934,1.0381271,-0.8245744,0.21368484,0.000249556,0.007715364,0.2608209,-0.022013899,-0.02744121,0.006364257,0.012412544,0.01068239,0.028366301,0.01886324,0.0045266347,0.012735806,0.023530794,1.5849789,0.0070251385,488.3202,0.1,0.4774653,0.3182582,0.23931634,0.09683604,inf,inf,inf,inf,1,1,1,1,2,2,2,2,2,0,1,1,0,0,0
105296000,105296000,1204000,47.397742099999995,8.5455934,1.0470353,-0.8221063,0.21378572,0.000249556,0.007715364,0.2608209,-0.008507531,-0.023868212,0.0014748692,0.0032922134,0.01068239,0.028366301,0.01886324,0.0025217885,0.0001034059,0.009709037,1.5843197,0.0070251385,488.3202,0.1,0.44996616,0.3040065,0.21327892,0.09622237,inf,inf,inf,inf,1,1,1,1,2,2,2,2,2,0,1,1,0,0,0
105792000,105792000,1204000,47.397742099999995,8.5455934,1.0483192,-0.8215391,0.2114165,0.000249556,0.007715364,0.2608209,-0.005144796,-0.02340566,-0.0012378859,-0.0013895007,0.01068239,0.028366301,0.01886324,-0.022371648,-0.038790863,-0.020566395,1.5838614,0.0070251385,488.3202,0.100250706,0.46489775,0.30778116,0.22106642,0.10090265,inf,inf,inf,inf,1,1,1,1,2,2,2,2,2,0,1,1,0,0,0
106296000,106296000,1204000,47.397742099999995,8.5455934,1.0494804,-0.82485276,0.21557204,0.000249556,0.007715364,0.2608209,-0.0060171094,-0.022866195,0.00034002974,0.0035712747,0.01068239,0.028366301,0.01886324,-0.006214395,-0.008442671,-0.0067930664,1.5827948,0.0070251385,488.3202,0.10130422,0.44428048,0.2980989,0.20150283,0.10229973,inf,inf,inf,inf,1,1,1,1,2,2,2,2,2,0,1,1,0,0,0
106792000,106792000,1204000,47.397742099999995,8.5455934,1.0474123,-0.8278987,0.21431728,0.000249556,0.007715364,0.2608209,-0.009599932,-0.021321515,-0.0047890926,-0.003380494,0.01068239,0.028366301,0.01886324,0.0023681202,-0.009617797,-0.018184071,1.582145,0.0070251385,488.3202,0.1,0.46021542,0.30537894,0.20609666,0.10772055,inf,inf,inf,inf,1,1,1,1,2,2,2,2,2,0,1,1,0,0,0
