timestamp,timestamp_sample,device_id,magnetometer_ga[0],magnetometer_ga[1],magnetometer_ga[2],calibration_count
356000,300800,197388,-0.008215181,-0.21609657,0.4286203,0
368000,368000,197388,-0.0013253897,-0.21601154,0.42937315,0
500000,439272,197388,0.003055699,-0.21537818,0.4301196,0
512000,512000,197388,0.0008664307,-0.21452048,0.42185852,0
644000,584000,197388,0.0032211065,-0.21736638,0.4292688,0
656000,656000,197388,0.0046363235,-0.21866739,0.4230381,0
788000,727636,197388,0.003257161,-0.21670914,0.4294833,0
800000,800000,197388,0.000840504,-0.212031,0.4353049,0
932000,872000,197388,0.0013493238,-0.21544397,0.4286187,0
944000,944000,197388,0.006771572,-0.21503252,0.430063,0
1076000,1015272,197388,0.0029334642,-0.21471919,0.43084583,0
1088000,1088000,197388,-0.00021374573,-0.2097104,0.42847124,0
1220000,1159636,197388,0.0024961792,-0.21480498,0.42987752,0
1232000,1232000,197388,-0.000120034674,-0.22604944,0.4357662,0
1364000,1302909,197388,0.0024862117,-0.215638,0.42850918,0
1376000,1376000,197388,0.0026214262,-0.21454524,0.4255145,0
1504000,1447272,197388,0.0026916354,-0.21480615,0.42847583,0
1520000,1520000,197388,0.0040469435,-0.21093675,0.42393795,0
1652000,1591636,197388,0.0034927337,-0.21488592,0.42768764,0
1664000,1664000,197388,0.0089290105,-0.21481252,0.43683264,0
1796000,1735272,197388,0.0018106262,-0.21495268,0.43006206,0
1808000,1808000,197388,-0.0023136507,-0.21874829,0.42927778,0
1936000,1879272,197388,0.0039563226,-0.21541178,0.4292108,0
1952000,1952000,197388,0.0033872032,-0.21815851,0.42567447,0
2084000,2024000,197388,0.004834704,-0.21598934,0.42849144,0
2096000,2096000,197388,-0.003099761,-0.2169392,0.430421,0
2228000,2167636,197388,0.0020226177,-0.21517532,0.4310853,0
2240000,2240000,197388,0.0059407814,-0.21116821,0.42865813,0
2372000,2311636,197388,0.0039336793,-0.2154498,0.43192917,0
2384000,2384000,197388,0.008253217,-0.215922,0.43409088,0
2516000,2455636,197388,-2.1175736e-06,-0.21503323,0.42950797,0
2528000,2528000,197388,-0.00021249364,-0.2179498,0.42843106,0
2660000,2600000,197388,0.0028930425,-0.21262863,0.43001002,0
2672000,2672000,197388,0.004219947,-0.213099,0.43127894,0
2804000,2744000,197388,0.0018465033,-0.21580341,0.4300533,0
2812000,2812000,197388,0.0021187053,-0.21894261,0.42705694,0
2936000,2881200,197388,0.004254023,-0.21603265,0.42979583,0
2948000,2948000,197388,0.00028561064,-0.21055362,0.43031868,0
3080000,3019272,197388,0.0028809411,-0.21571037,0.42843747,0
3092000,3092000,197388,0.0014687038,-0.21133225,0.43345413,0
3224000,3163636,197388,0.001052234,-0.21465023,0.42897555,0
3236000,3236000,197388,-8.698995e-05,-0.21199399,0.4238698,0
3368000,3307636,197388,0.0032699115,-0.21690354,0.4291002,0
3380000,3380000,197388,0.005428337,-0.21504222,0.42859906,0
3512000,3451272,197388,0.002115269,-0.21461295,0.42914185,0
3524000,3524000,197388,0.0047830646,-0.2133762,0.4233825,0
3656000,3595272,197388,0.0033744653,-0.21583118,0.4294053,0
3668000,3668000,197388,0.004646122,-0.21653093,0.431154,0
3800000,3740000,197388,0.0026619541,-0.21679792,0.4299756,0
3812000,3812000,197388,0.0052306377,-0.21336028,0.4302969,0
3944000,3883272,197388,0.0054401546,-0.2152071,0.42986822,0
3956000,3956000,197388,0.009552052,-0.21619396,0.43072098,0
4088000,4027636,197388,0.004555491,-0.21541446,0.42897668,0
4100000,4100000,197388,0.0009108728,-0.21841824,0.4320149,0
4232000,4172000,197388,0.0028372833,-0.21687563,0.42877108,0
4244000,4244000,197388,0.0028122452,-0.21625446,0.43183777,0
4372000,4314545,197388,0.003728698,-0.21512383,0.42945287,0
4388000,4388000,197388,0.001159714,-0.21175662,0.4310537,0
4520000,4459636,197388,0.0027240596,-0.21646895,0.42712715,0
4532000,4532000,197388,0.0034135222,-0.21779744,0.4294494,0
4664000,4602909,197388,0.00493823,-0.21549863,0.43132728,0
4676000,4676000,197388,0.0027452984,-0.2181023,0.43371806,0
4808000,4747636,197388,0.0024948858,-0.21516226,0.43030137,0
4820000,4820000,197388,0.0026448308,-0.21077183,0.42513877,0
4952000,4890909,197388,0.0013030734,-0.21627687,0.42725056,0
4960000,4960000,197388,0.0007654992,-0.2181974,0.43067777,0
5080000,5029200,197388,0.004600245,-0.21671811,0.42996112,0
5096000,5096000,197388,0.0017674156,-0.21405974,0.42973775,0
5228000,5166909,197388,0.0037577522,-0.21581933,0.42863983,0
5240000,5240000,197388,0.00789093,-0.21084067,0.43142012,0
5372000,5311272,197388,0.004459634,-0.2151214,0.42958897,0
5384000,5384000,197388,0.004244139,-0.21526967,0.43054727,0
5512000,5454909,197388,0.004115277,-0.21496964,0.43081793,0
5528000,5528000,197388,-0.0073014367,-0.20862846,0.42396584,0
5660000,5600000,197388,0.0016376385,-0.21555966,0.43070102,0
5672000,5672000,197388,-0.00052095234,-0.22199102,0.4329691,0
5804000,5743272,197388,0.0037144122,-0.21486638,0.42826456,0
5812000,5812000,197388,0.00084954913,-0.21586831,0.43354073,0
5936000,5882000,197388,0.0026843508,-0.21610022,0.42755085,0
5960000,5954000,197388,0.0034742537,-0.2146621,0.4273614,0
6080000,6026000,197388,0.0027529579,-0.21443832,0.42950526,0
6104000,6098000,197388,0.004609284,-0.21520182,0.43231267,0
6224000,6169200,197388,0.0034555183,-0.21291657,0.42982394,0
6236000,6236000,197388,0.0028158007,-0.21347941,0.4311104,0
6368000,6307636,197388,0.0016163002,-0.21593127,0.4277663,0
6380000,6380000,197388,0.010907434,-0.21065815,0.42718187,0
6512000,6451636,197388,0.0033469498,-0.21594128,0.4303045,0
6524000,6524000,197388,0.004490207,-0.21427199,0.42842954,0
6656000,6596000,197388,0.002719747,-0.2170367,0.4275953,0
6668000,6668000,197388,0.0083139,-0.21286896,0.42854515,0
6800000,6739636,197388,0.002726149,-0.21605048,0.43209213,0
6812000,6812000,197388,-0.0018852962,-0.21475405,0.42469504,0
6944000,6883636,197388,0.0039061662,-0.21594375,0.43004608,0
6956000,6956000,197388,0.006471349,-0.2180936,0.42782587,0
7088000,7027272,197388,0.0031065426,-0.2132462,0.4292209,0
7096000,7096000,197388,0.0032883685,-0.21774681,0.4311531,0
7220000,7165200,197388,0.0031339868,-0.2148174,0.4298298,0
7232000,7232000,197388,0.0010297708,-0.21264786,0.43366444,0
7364000,7304000,197388,0.00281439,-0.21315908,0.43345058,0
7376000,7376000,197388,-0.00015143963,-0.21236849,0.43083164,0
7508000,7447272,197388,0.0023805886,-0.21620803,0.43119866,0
7520000,7520000,197388,0.0055171843,-0.21472076,0.43561497,0
7652000,7591636,197388,0.004823989,-0.21491596,0.42885903,0
7664000,7664000,197388,0.012293997,-0.21814051,0.43071148,0
7792000,7735272,197388,0.0027198135,-0.21481612,0.427698,0
7808000,7808000,197388,0.0028553456,-0.21168128,0.43008956,0
7940000,7879636,197388,0.003839754,-0.21585128,0.42965326,0
7952000,7952000,197388,0.0010295637,-0.20948918,0.42990246,0
8084000,8023272,197388,0.003658716,-0.21740723,0.42770767,0
8096000,8096000,197388,0.008386384,-0.21624678,0.43092057,0
8228000,8166909,197388,0.00040791224,-0.21620706,0.43056914,0
8240000,8240000,197388,-0.0022090396,-0.21110263,0.42775097,0
8372000,8312000,197388,0.003130052,-0.21587679,0.42880628,0
8384000,8384000,197388,0.006643609,-0.21315451,0.4253976,0
8512000,8454909,197388,0.0014884593,-0.21364263,0.42989343,0
8528000,8528000,197388,0.00071890256,-0.21715982,0.43536967,0
8660000,8599272,197388,0.003091018,-0.2162618,0.42793855,0
8672000,8672000,197388,-0.0008723309,-0.21275127,0.42961583,0
8804000,8742545,197388,0.0029973648,-0.2159433,0.4292686,0
8816000,8816000,197388,0.0064093075,-0.21959092,0.4345267,0
8944000,8887272,197388,0.0009619699,-0.21481021,0.427198,0
8960000,8960000,197388,-0.0005566469,-0.21576074,0.42344654,0
9092000,9032000,197388,0.0023250785,-0.2153271,0.43036717,0
9104000,9104000,197388,0.005772826,-0.22005181,0.42736974,0
9236000,9175636,197388,0.0020233048,-0.21622156,0.42939958,0
9248000,9248000,197388,0.008596028,-0.21906157,0.43429488,0
9380000,9319636,197388,0.0015257463,-0.21532652,0.4293474,0
9392000,9392000,197388,0.00043784882,-0.21898308,0.43241635,0
9524000,9464000,197388,0.001876024,-0.21540026,0.43093014,0
9536000,9536000,197388,0.004205209,-0.21468388,0.43492988,0
9668000,9608000,197388,0.0016199029,-0.21487813,0.42797706,0
9680000,9680000,197388,0.0031231046,-0.21769753,0.42969906,0
9808000,9750909,197388,0.0031849414,-0.21644184,0.42813337,0
9824000,9824000,197388,6.981231e-05,-0.2135393,0.43172237,0
9952000,9895272,197388,0.0016404047,-0.21657561,0.42888373,0
9968000,9968000,197388,0.007968972,-0.22043702,0.43217546,0
10100000,10039272,197388,0.0019361451,-0.2161248,0.4303417,0
10112000,10112000,197388,0.0037530626,-0.21690163,0.42788133,0
10244000,10183636,197388,0.0031292175,-0.2144272,0.42856503,0
10256000,10256000,197388,0.0010404742,-0.2097037,0.4276259,0
10388000,10328000,197388,0.0031688525,-0.21546128,0.42957792,0
10400000,10400000,197388,0.010321084,-0.21181904,0.43730167,0
10532000,10471636,197388,0.0016589131,-0.21465762,0.4297222,0
10544000,10544000,197388,0.005893568,-0.21409225,0.4288974,0
10676000,10615636,197388,0.0018938846,-0.21559638,0.43006024,0
10688000,10688000,197388,0.0039234413,-0.21377505,0.43382245,0
10820000,10759272,197388,0.00259127,-0.21390751,0.42960995,0
10832000,10832000,197388,0.0034894466,-0.21694496,0.43126023,0
10964000,10903272,197388,0.0019110966,-0.21718429,0.42925516,0
10976000,10976000,197388,0.005195568,-0.20977974,0.42892653,0
11108000,11048000,197388,0.0012484405,-0.2162612,0.43017292,0
11120000,11120000,197388,0.00027683013,-0.21777579,0.43965495,0
11252000,11191272,197388,0.0027301079,-0.21627209,0.42985386,0
11264000,11264000,197388,0.0028575622,-0.22125797,0.43046024,0
11392000,11335272,197388,0.0029986333,-0.21531528,0.43053624,0
11404000,11404000,197388,0.0030872452,-0.20942698,0.42890087,0
11528000,11473600,197388,0.0017692704,-0.21634722,0.43013206,0
11552000,11546000,197388,-0.0001981156,-0.21499357,0.4266373,0
11672000,11618000,197388,0.0018267444,-0.2156848,0.4287265,0
11696000,11688000,197388,-0.0001127366,-0.21737152,0.42904377,0
11800000,11755111,197388,0.0030189138,-0.21425176,0.43019387,0
11840000,11826666,197388,0.0019211298,-0.21675023,0.4273891,0
11944000,11898666,197388,0.0027786163,-0.2139851,0.42780873,0
11972000,11966000,197388,0.0043820767,-0.21568611,0.4278571,0
12088000,12036800,197388,0.001261082,-0.2150189,0.42940876,0
12104000,12104000,197388,0.003263005,-0.21062826,0.43292707,0
12232000,12174909,197388,0.002942483,-0.21645331,0.4290932,0
12248000,12248000,197388,-0.0055638086,-0.21846764,0.42599186,0
12380000,12319636,197388,0.0036804494,-0.21661489,0.42947996,0
12392000,12392000,197388,0.003927338,-0.22188285,0.42526737,0
12520000,12462909,197388,0.0017264049,-0.21646242,0.4285117,0
12536000,12536000,197388,0.0098610725,-0.21788824,0.43046996,0
12664000,12607636,197388,0.0029388163,-0.21578754,0.42783105,0
12680000,12680000,197388,0.009160824,-0.21604535,0.42548585,0
12808000,12751272,197388,0.003075329,-0.21564333,0.42790678,0
12824000,12824000,197388,-0.004214916,-0.22567697,0.43125862,0
12956000,12895272,197388,0.0017960712,-0.21494663,0.42977852,0
12968000,12968000,197388,0.004642808,-0.21500537,0.42506626,0
13100000,13039636,197388,0.0014914139,-0.21441348,0.42923743,0
13112000,13112000,197388,0.008205404,-0.21923895,0.42414463,0
13240000,13182909,197388,0.0020510815,-0.21623482,0.4291809,0
13256000,13256000,197388,0.0010944232,-0.22015162,0.426348,0
13388000,13327272,197388,0.0027593467,-0.21814299,0.43132007,0
13400000,13400000,197388,-0.009458761,-0.21108988,0.42709458,0
13532000,13471272,197388,0.003104019,-0.21616633,0.4312249,0
13544000,13544000,197388,0.004191898,-0.2157741,0.43329376,0
13676000,13615636,197388,0.0015169708,-0.21739504,0.43028265,0
13688000,13688000,197388,-0.0005438713,-0.21617495,0.42553583,0
13820000,13759272,197388,0.0035278867,-0.21538952,0.42880678,0
13832000,13832000,197388,0.0041878005,-0.22197041,0.42995384,0
13964000,13903636,197388,0.0030779075,-0.21628107,0.42938226,0
13976000,13976000,197388,-0.0003065704,-0.21454972,0.42351532,0
14108000,14048000,197388,0.0038848824,-0.21688652,0.43066385,0
14120000,14120000,197388,0.0005965818,-0.21585183,0.432464,0
14252000,14191272,197388,0.0037633476,-0.2144451,0.4280773,0
14264000,14264000,197388,0.007502891,-0.21629614,0.42695376,0
14396000,14336000,197388,0.0006447995,-0.21643232,0.42912966,0
14408000,14408000,197388,0.0043593235,-0.20109554,0.42724586,0
14536000,14478909,197388,0.0026412483,-0.2158212,0.42932552,0
14552000,14552000,197388,0.0017444491,-0.2151324,0.43573064,0
14684000,14623636,197388,0.0029308125,-0.21549952,0.4294888,0
14696000,14696000,197388,-0.002748583,-0.2147848,0.42442322,0
14828000,14767272,197388,0.0045068027,-0.21553968,0.42951998,0
14840000,14840000,197388,0.0011660011,-0.21601024,0.43443125,0
14968000,14911272,197388,0.00208162,-0.21611421,0.43162277,0
14984000,14984000,197388,-0.002483967,-0.21916962,0.42704117,0
15116000,15056000,197388,0.0024613491,-0.21426496,0.42975232,0
15128000,15128000,197388,0.0023942173,-0.21079999,0.43687123,0
15260000,15200000,197388,0.0026133936,-0.21514845,0.43169698,0
15272000,15272000,197388,0.0035824932,-0.21895713,0.42807248,0
15404000,15343636,197388,0.005366142,-0.21441835,0.43089738,0
15416000,15416000,197388,0.0078263795,-0.21108879,0.43165526,0
15548000,15488000,197388,0.0035595014,-0.21685791,0.4296805,0
15560000,15560000,197388,-0.00011393928,-0.21107537,0.43106472,0
15692000,15632000,197388,0.0034082567,-0.21519282,0.42963168,0
15704000,15704000,197388,0.00471586,-0.22076425,0.43289652,0
15836000,15776000,197388,0.00283966,-0.21535711,0.42986515,0
15848000,15848000,197388,-0.00037894904,-0.218744,0.431364,0
15976000,15919636,197388,0.0037200216,-0.21614687,0.42902046,0
15992000,15992000,197388,0.005179644,-0.21768947,0.43858823,0
16124000,16063272,197388,0.003929625,-0.21687692,0.42995638,0
16136000,16136000,197388,0.0053231367,-0.21544562,0.42732164,0
16264000,16207272,197388,0.0038925505,-0.21499586,0.43161905,0
16280000,16280000,197388,-0.0037434218,-0.218095,0.43073893,0
16408000,16350545,197388,0.0026032412,-0.2165833,0.42917556,0
16424000,16424000,197388,0.007335323,-0.21919782,0.42891362,0
16556000,16496000,197388,0.0020230473,-0.21785401,0.42771307,0
16568000,16568000,197388,-0.0005798527,-0.20974936,0.42624542,0
16700000,16639636,197388,0.0023058888,-0.21666811,0.42897537,0
16712000,16712000,197388,0.0008501327,-0.2159145,0.42941946,0
16844000,16783636,197388,0.0020942711,-0.21610594,0.4308337,0
16856000,16856000,197388,0.0032920232,-0.21210863,0.4281089,0
16984000,16927636,197388,0.0032738056,-0.2159569,0.43014956,0
17000000,17000000,197388,0.0047618863,-0.21277799,0.42918965,0
17132000,17070909,197388,0.0013653305,-0.21470554,0.42840108,0
17144000,17144000,197388,0.00038569834,-0.2162719,0.42348707,0
17272000,17215272,197388,0.003375338,-0.21488121,0.43046597,0
17288000,17288000,197388,-0.0021234744,-0.21910389,0.42660004,0
17420000,17359636,197388,0.0029147484,-0.2161983,0.43232954,0
17432000,17432000,197388,-0.0057591056,-0.21301751,0.43477532,0
17564000,17503272,197388,0.0016546398,-0.2155019,0.428532,0
17576000,17576000,197388,0.007943189,-0.21970809,0.4299881,0
17708000,17648000,197388,0.0029974876,-0.21725683,0.42922273,0
17720000,17720000,197388,0.0027579346,-0.21506965,0.42610386,0
17852000,17791636,197388,0.0018794253,-0.2165159,0.42951617,0
17864000,17864000,197388,-0.00023383526,-0.21620059,0.4339428,0
17996000,17936000,197388,0.002633314,-0.21671805,0.4306377,0
18008000,18008000,197388,-0.00036691574,-0.21633022,0.43256637,0
18140000,18079272,197388,0.0014505684,-0.2152727,0.42921618,0
18152000,18152000,197388,0.00045221997,-0.21590208,0.42969546,0
18284000,18223272,197388,0.0035965105,-0.21531074,0.4312049,0
18296000,18296000,197388,0.0055965073,-0.21177106,0.43597555,0
18428000,18368000,197388,0.0024712195,-0.21504934,0.4296997,0
18440000,18440000,197388,-0.002467383,-0.22061224,0.425102,0
18572000,18512000,197388,0.0017509073,-0.21549048,0.42821804,0
18584000,18584000,197388,0.0058686333,-0.22343998,0.42667347,0
18716000,18655272,197388,0.0021601806,-0.21469598,0.43066853,0
18728000,18728000,197388,0.0017766074,-0.21564057,0.4258297,0
18856000,18799636,197388,0.0029955474,-0.21603703,0.43003798,0
18872000,18872000,197388,0.008487441,-0.21261841,0.42623928,0
19004000,18943272,197388,0.0027677435,-0.21694282,0.42942894,0
19016000,19016000,197388,0.0057325815,-0.22608119,0.42670628,0
19148000,19087636,197388,0.0027543432,-0.21547544,0.42985454,0
19160000,19160000,197388,0.004225075,-0.22641225,0.4230925,0
19292000,19231272,197388,0.0031258222,-0.21425088,0.42835706,0
19304000,19304000,197388,-0.00014314818,-0.21581975,0.4238183,0
19436000,19374909,197388,0.0022174846,-0.21576262,0.4296512,0
19448000,19448000,197388,0.006551114,-0.21091515,0.43201816,0
19580000,19518909,197388,0.0019553634,-0.21533418,0.42882866,0
19592000,19592000,197388,0.007042298,-0.21564841,0.4321188,0
19724000,19663636,197388,0.0020716449,-0.21641125,0.42900142,0
19736000,19736000,197388,0.008717231,-0.22146392,0.4315586,0
19864000,19807272,197388,0.0012651698,-0.21456455,0.42954087,0
19880000,19880000,197388,0.0047347713,-0.21253806,0.427766,0
20012000,19951636,197388,0.0012268728,-0.21718796,0.43007812,0
20024000,20024000,197388,0.0028557705,-0.21129528,0.4316109,0
20156000,20095272,197388,0.0026476968,-0.21525973,0.43030974,0
20168000,20168000,197388,-0.00015699277,-0.21727578,0.42702758,0
20300000,20239636,197388,0.0024801474,-0.21712267,0.42959106,0
20312000,20312000,197388,0.0008889148,-0.20877263,0.4320927,0
20444000,20383272,197388,0.0020809304,-0.21451643,0.42900467,0
20456000,20456000,197388,-0.0024535558,-0.21067952,0.41961756,0
20584000,20526545,197388,0.0008051965,-0.21578105,0.4305085,0
20600000,20600000,197388,0.0028287733,-0.21461397,0.4288951,0
20732000,20671636,197388,0.0026320142,-0.2164383,0.42961854,0
20744000,20744000,197388,0.0008462661,-0.21962321,0.43304586,0
20876000,20816000,197388,0.0034020278,-0.21387967,0.42771572,0
20888000,20888000,197388,-0.0015076398,-0.2142957,0.43252695,0
21020000,20960000,197388,0.0040281177,-0.21313521,0.4305254,0
21032000,21032000,197388,-0.004454705,-0.20791517,0.42835677,0
21164000,21103272,197388,0.0034275001,-0.21493962,0.42874715,0
21176000,21176000,197388,0.0012229711,-0.21315119,0.4372459,0
21308000,21247636,197388,0.0013423085,-0.2146106,0.427744,0
21320000,21320000,197388,0.0053789355,-0.2236612,0.4272338,0
21448000,21390909,197388,0.0023739187,-0.21664704,0.42908758,0
21464000,21464000,197388,-0.0014079224,-0.21707341,0.42577896,0
21596000,21536000,197388,0.002302724,-0.21614283,0.4312061,0
21608000,21608000,197388,0.003297876,-0.21355921,0.4298278,0
21740000,21678909,197388,0.0008308,-0.2148723,0.4275329,0
21752000,21752000,197388,0.0034675186,-0.21118398,0.4224418,0
21884000,21823636,197388,0.0010884805,-0.21497697,0.43117675,0
21896000,21896000,197388,0.0018764952,-0.2123987,0.42865968,0
22028000,21967272,197388,0.0023248554,-0.21492857,0.42888403,0
22040000,22040000,197388,0.0063064285,-0.21598348,0.42774802,0
22168000,22111636,197388,0.0021138687,-0.21575072,0.4294173,0
22184000,22184000,197388,-0.007234357,-0.21180883,0.4363697,0
22316000,22255636,197388,0.0035241877,-0.21487458,0.4293434,0
22328000,22328000,197388,0.0010718133,-0.2128271,0.42986557,0
22460000,22399636,197388,0.003290005,-0.2152704,0.43014675,0
22472000,22472000,197388,0.0020670982,-0.21696341,0.42652577,0
22604000,22543636,197388,0.0032746068,-0.21500409,0.428822,0
22616000,22616000,197388,-0.00096605817,-0.21106835,0.43231022,0
22748000,22687272,197388,0.0012551169,-0.21624616,0.42875752,0
22760000,22760000,197388,0.0016552148,-0.21306236,0.4231275,0
22892000,22831272,197388,0.002422638,-0.2161095,0.42976138,0
22904000,22904000,197388,0.00088206737,-0.21947199,0.4272509,0
23036000,22976000,197388,0.00090193906,-0.21557271,0.43018088,0
23048000,23048000,197388,0.0037232402,-0.21043713,0.42233264,0
23180000,23119636,197388,0.00025089385,-0.21554978,0.4278767,0
23192000,23192000,197388,0.0039407616,-0.22014967,0.4249,0
23324000,23264000,197388,0.0017350401,-0.21554968,0.43057972,0
23336000,23336000,197388,0.0014675814,-0.21422558,0.4334858,0
23464000,23407272,197388,0.0003141944,-0.21540833,0.43057013,0
23480000,23480000,197388,0.0034844317,-0.21394317,0.43401673,0
23612000,23551272,197388,0.0011986808,-0.21524708,0.42967623,0
23624000,23624000,197388,-0.003086969,-0.21119775,0.428184,0
23752000,23695272,197388,0.0015694002,-0.2182564,0.43061465,0
23768000,23768000,197388,-0.0017577596,-0.21790367,0.4293045,0
23900000,23839272,197388,0.0035493895,-0.21395604,0.427217,0
23912000,23912000,197388,0.0051056673,-0.21581277,0.4288257,0
24040000,23983636,197388,0.00052071456,-0.21748929,0.42875448,0
24056000,24056000,197388,-0.001955104,-0.21807359,0.42691818,0
24188000,24127636,197388,0.0020985273,-0.21553482,0.4279414,0
24200000,24200000,197388,0.002378075,-0.21448281,0.4315378,0
24332000,24271636,197388,0.0031290574,-0.21558054,0.42850643,0
24344000,24344000,197388,0.0066952705,-0.21520077,0.43523544,0
24476000,24415272,197388,0.0024463816,-0.21479867,0.4294376,0
24488000,24488000,197388,0.0073109665,-0.21505946,0.43284363,0
24620000,24559636,197388,0.0014041214,-0.21634878,0.4289807,0
24632000,24632000,197388,0.0074330587,-0.21705443,0.43172294,0
24764000,24703636,197388,0.0036309955,-0.21480975,0.42955336,0
24776000,24776000,197388,-0.00046729096,-0.21662356,0.4295281,0
24908000,24847272,197388,0.0018053816,-0.21558142,0.43031907,0
24920000,24920000,197388,-0.0042600133,-0.2100446,0.42761365,0
25052000,24992000,197388,0.0037722413,-0.21516082,0.42844397,0
25064000,25064000,197388,0.0013355655,-0.21547824,0.4275764,0
25196000,25135272,197388,0.0034415966,-0.21584062,0.43046802,0
25208000,25208000,197388,-0.00016778204,-0.21230927,0.42921817,0
25340000,25280000,197388,0.0019637914,-0.2162503,0.43055102,0
25352000,25352000,197388,0.0033041674,-0.21498546,0.42990166,0
25484000,25423272,197388,0.0010804314,-0.21552256,0.42912197,0
25496000,25496000,197388,0.0009017179,-0.21340556,0.42323986,0
25628000,25567636,197388,0.002880407,-0.21464717,0.4280131,0
25640000,25640000,197388,0.0012647394,-0.209422,0.4349404,0
25772000,25711272,197388,0.0015247706,-0.21694498,0.42989472,0
25784000,25784000,197388,0.0005016393,-0.21144769,0.43243438,0
25916000,25855636,197388,0.0013459066,-0.21631254,0.42884845,0
25928000,25928000,197388,0.0008001313,-0.22090909,0.43544543,0
26060000,25999636,197388,0.0029033988,-0.21583803,0.42902455,0
26072000,26072000,197388,-0.00082681776,-0.21334326,0.4290408,0
26204000,26144000,197388,0.0018481414,-0.21483004,0.42862996,0
26216000,26216000,197388,0.0010153101,-0.21431544,0.42664224,0
26348000,26288000,197388,0.0024420314,-0.21405375,0.42666873,0
26360000,26360000,197388,0.0004835168,-0.20905338,0.43033114,0
26492000,26431636,197388,0.0035267076,-0.21687293,0.4276428,0
26504000,26504000,197388,0.0005514535,-0.21039058,0.427743,0
26636000,26576000,197388,0.0019833185,-0.21480176,0.42991856,0
26648000,26648000,197388,-0.0015394798,-0.21049951,0.4247574,0
26780000,26719272,197388,0.001659005,-0.21474184,0.42734218,0
26792000,26792000,197388,-0.0041349474,-0.21988423,0.42957786,0
26920000,26863636,197388,0.0016772214,-0.21360461,0.42860523,0
26936000,26936000,197388,0.003206704,-0.21030091,0.42310375,0
27068000,27007272,197388,0.0007592104,-0.21692836,0.42964008,0
27080000,27080000,197388,0.0019680252,-0.2107878,0.42827547,0
27212000,27151636,197388,0.0032254574,-0.21688041,0.42975488,0
27224000,27224000,197388,0.0023021703,-0.20788845,0.4281043,0
27356000,27295636,197388,0.0011650358,-0.21575525,0.42652926,0
27368000,27368000,197388,0.0025822655,-0.21232748,0.4293237,0
27496000,27439636,197388,0.0012482773,-0.21753928,0.42845654,0
27512000,27512000,197388,-0.006052627,-0.22244138,0.42545554,0
27644000,27583272,197388,0.0019990853,-0.21657714,0.4292294,0
27656000,27656000,197388,0.0013370528,-0.216193,0.424491,0
27788000,27727272,197388,0.0051877927,-0.21661119,0.4300928,0
27800000,27800000,197388,-0.0018933478,-0.22054446,0.42634884,0
27932000,27871272,197388,0.0015702633,-0.2155948,0.4314313,0
27940000,27940000,197388,-0.001032601,-0.21796493,0.4362745,0
28064000,28009200,197388,0.003955292,-0.21731947,0.42835242,0
28076000,28076000,197388,0.0058595138,-0.21547331,0.4334646,0
28208000,28147636,197388,0.0026434574,-0.21479066,0.43016228,0
28220000,28220000,197388,0.010687017,-0.21823381,0.430227,0
28352000,28291636,197388,0.0013908071,-0.21596909,0.42911816,0
28364000,28364000,197388,-0.0027509767,-0.2134053,0.4298464,0
28496000,28435272,197388,0.0050053233,-0.21603557,0.42931104,0
28508000,28508000,197388,-0.0010423701,-0.21325341,0.42959982,0
28640000,28580000,197388,0.0021680153,-0.21789074,0.4291087,0
28652000,28652000,197388,-0.0038608592,-0.22512166,0.43234515,0
28784000,28724000,197388,0.003098527,-0.21651077,0.42907006,0
28792000,28792000,197388,0.0046234285,-0.20807008,0.42360485,0
28916000,28862000,197388,0.0020658236,-0.21615422,0.42957926,0
28940000,28934000,197388,0.001908947,-0.21386328,0.42773837,0
29060000,29005200,197388,0.0024111434,-0.21741731,0.43078867,0
29072000,29072000,197388,-0.00012928067,-0.21091329,0.4252357,0
29204000,29144000,197388,0.0031303167,-0.21634921,0.4298807,0
29216000,29216000,197388,0.0057617435,-0.21818393,0.43123555,0
29348000,29288000,197388,0.0033126045,-0.21681121,0.430346,0
29360000,29360000,197388,0.00044890709,-0.21527264,0.42942163,0
29492000,29432000,197388,0.0021284036,-0.21514508,0.43203825,0
29504000,29504000,197388,-0.005096699,-0.22073014,0.4272016,0
29636000,29576000,197388,0.0018987017,-0.21541895,0.42864132,0
29648000,29648000,197388,0.001298636,-0.21261737,0.4249944,0
29780000,29720000,197388,0.0021749756,-0.2156536,0.43013972,0
29788000,29788000,197388,0.0010774361,-0.20778331,0.43095276,0
29912000,29856800,197388,0.0019603826,-0.21728969,0.4315691,0
29924000,29924000,197388,0.0014738856,-0.22235282,0.43260238,0
30056000,29995636,197388,0.000688876,-0.216084,0.428873,0
30068000,30068000,197388,0.004634218,-0.2094252,0.42526528,0
30200000,30139636,197388,0.0019993288,-0.21570587,0.42799053,0
30212000,30212000,197388,0.0027129606,-0.21608181,0.4294473,0
30344000,30283272,197388,0.002717449,-0.21817258,0.4287781,0
30356000,30356000,197388,0.006761385,-0.21431574,0.43006885,0
30488000,30427636,197388,0.00027359332,-0.21484426,0.428517,0
30500000,30500000,197388,-0.00031999766,-0.22477373,0.4240302,0
30632000,30572000,197388,0.0026786358,-0.21662936,0.43008623,0
30644000,30644000,197388,0.0065508145,-0.2119451,0.4337205,0
30776000,30716000,197388,0.0017574219,-0.21557334,0.43183988,0
30784000,30784000,197388,0.0033398892,-0.21651979,0.43140176,0
30908000,30852800,197388,0.0041343775,-0.21623985,0.4299244,0
30920000,30920000,197388,0.0013943987,-0.21412428,0.4238418,0
31052000,30992000,197388,0.0016915551,-0.21722335,0.42681873,0
31064000,31064000,197388,0.001294625,-0.21857084,0.43150386,0
31196000,31136000,197388,0.0016886517,-0.21495692,0.42688653,0
31208000,31208000,197388,-0.0021645373,-0.22399022,0.4321363,0
31340000,31280000,197388,0.0011106167,-0.21501565,0.42979637,0
31352000,31352000,197388,0.0046137366,-0.21388084,0.43459016,0
31484000,31423636,197388,0.0037273257,-0.21531485,0.42915457,0
31496000,31496000,197388,-0.0040939557,-0.21538863,0.4351355,0
31624000,31567636,197388,0.002550563,-0.21503684,0.42965418,0
31640000,31640000,197388,0.0061738472,-0.20664537,0.42887205,0
31772000,31712000,197388,0.0021667846,-0.21640055,0.42823762,0
31784000,31784000,197388,0.007674313,-0.2193411,0.42710647,0
31916000,31856000,197388,0.0017588503,-0.2160722,0.43062687,0
31928000,31928000,197388,0.0028077092,-0.22003715,0.4310951,0
32060000,31998909,197388,0.0015895743,-0.21652378,0.42828783,0
32072000,32072000,197388,0.004066348,-0.22017223,0.43474743,0
32200000,32143636,197388,0.0032390251,-0.21529444,0.42837006,0
32216000,32216000,197388,0.000931547,-0.2110541,0.4265349,0
32348000,32287272,197388,0.004400202,-0.21684392,0.42849204,0
32360000,32360000,197388,0.0027737585,-0.21023558,0.4325311,0
32492000,32432000,197388,0.00033687145,-0.21660852,0.42809844,0
32504000,32504000,197388,-0.003393116,-0.21556813,0.43133366,0
32632000,32575272,197388,0.0031178228,-0.2159005,0.42908233,0
32648000,32648000,197388,0.0015276758,-0.21648672,0.42658234,0
32780000,32720000,197388,0.0009349651,-0.21516642,0.4306316,0
32792000,32792000,197388,-0.00012476374,-0.21659108,0.43298393,0
32924000,32863272,197388,0.0010406834,-0.21666972,0.43078655,0
32936000,32936000,197388,0.00494743,-0.21327016,0.42699823,0
33068000,33007636,197388,0.00076048187,-0.217003,0.42859071,0
33080000,33080000,197388,0.005274936,-0.21373616,0.4273034,0
33212000,33152000,197388,0.0015310695,-0.21726812,0.43042263,0
33224000,33224000,197388,0.004542103,-0.2162139,0.4365967,0
33356000,33295272,197388,0.0016992668,-0.21530692,0.42983064,0
33368000,33368000,197388,0.0036890178,-0.21462625,0.4281228,0
33500000,33439636,197388,0.0019552687,-0.21565048,0.4299339,0
33508000,33508000,197388,0.005696907,-0.2139803,0.42654476,0
33632000,33577200,197388,0.0019998234,-0.21648668,0.42962477,0
33644000,33644000,197388,0.0013284985,-0.2165131,0.42732367,0
33776000,33715636,197388,0.0014855874,-0.21607937,0.42836213,0
33788000,33788000,197388,0.00017259133,-0.21576855,0.42989972,0
33920000,33859272,197388,0.0011273638,-0.2152249,0.43086433,0
33932000,33932000,197388,0.007693872,-0.21157333,0.43194258,0
34064000,34002909,197388,0.0030076227,-0.21380523,0.42977986,0
34076000,34076000,197388,0.0056157736,-0.21281676,0.42727408,0
34208000,34147636,197388,0.003389399,-0.21546443,0.42959756,0
34220000,34220000,197388,0.0060894387,-0.2175147,0.4260068,0
34352000,34290909,197388,0.0017676394,-0.21608809,0.42990997,0
34360000,34360000,197388,0.0039237444,-0.21759261,0.42820343,0
34480000,34428800,197388,0.0037979917,-0.21836634,0.43002802,0
34496000,34496000,197388,0.0013018725,-0.21992673,0.43048307,0
34628000,34566909,197388,0.003177423,-0.21547334,0.4298839,0
34640000,34640000,197388,0.0064247004,-0.21506266,0.4240604,0
34772000,34712000,197388,-0.0011774015,-0.21719114,0.42769298,0
34784000,34784000,197388,0.0012521052,-0.21604857,0.43442222,0
34916000,34855636,197388,0.0017549268,-0.21627992,0.427456,0
34928000,34928000,197388,-0.0014359223,-0.21721482,0.43140668,0
35060000,34999636,197388,0.0033036491,-0.21455547,0.42884576,0
35072000,35072000,197388,0.0019072824,-0.2191942,0.4344547,0
35204000,35144000,197388,0.0009829153,-0.2156083,0.42956218,0
35216000,35216000,197388,0.001219081,-0.21506108,0.43161145,0
35344000,35286909,197388,0.0032620898,-0.21625455,0.42729688,0
35360000,35360000,197388,-0.0020368593,-0.21649244,0.42869148,0
35492000,35431636,197388,0.0013252646,-0.21480273,0.4298916,0
35504000,35504000,197388,0.000880959,-0.21143676,0.4257885,0
35636000,35575636,197388,0.0036559089,-0.21637653,0.42879304,0
35648000,35648000,197388,-0.000834778,-0.21296246,0.43056136,0
35780000,35719636,197388,0.0032652728,-0.2159923,0.42792925,0
35792000,35792000,197388,0.0024035266,-0.21456079,0.42819977,0
35924000,35864000,197388,0.0014259623,-0.21696632,0.42980498,0
35936000,35936000,197388,-0.003812683,-0.21935289,0.4275768,0
36068000,36008000,197388,0.0008099101,-0.21547851,0.42796466,0
36080000,36080000,197388,0.003535848,-0.21293159,0.42880073,0
36212000,36151636,197388,0.0031611866,-0.21500668,0.43267676,0
36220000,36220000,197388,0.0067225886,-0.21574035,0.43395138,0
36344000,36288800,197388,0.00013355406,-0.21743016,0.42803827,0
36368000,36360000,197388,0.0012310335,-0.21688312,0.43225393,0
36476000,36428000,197388,0.0017027241,-0.2169383,0.42891484,0
36512000,36500000,197388,0.0046160007,-0.21635419,0.43189865,0
36620000,36571555,197388,0.00093063794,-0.21403112,0.42609397,0
36656000,36644000,197388,0.004351964,-0.21467265,0.43117374,0
36764000,36715555,197388,0.0013991237,-0.21631847,0.4292278,0
36800000,36788000,197388,0.007196686,-0.21309456,0.42511195,0
36904000,36859555,197388,0.0013829801,-0.21294172,0.42826352,0
36944000,36932000,197388,-0.0018608806,-0.21686235,0.43249196,0
37052000,37003111,197388,0.00170204,-0.21621217,0.42805076,0
37076000,37070000,197388,0.00082670373,-0.21694726,0.42923594,0
37196000,37141600,197388,0.0024350581,-0.21637893,0.42852283,0
37220000,37214000,197388,0.0010897368,-0.2160716,0.4223339,0
37340000,37285200,197388,0.0030201392,-0.21473472,0.42931485,0
37352000,37352000,197388,-0.0012302363,-0.2133057,0.43222964,0
37484000,37424000,197388,0.0035115345,-0.21545914,0.42871585,0
37492000,37492000,197388,0.0044640116,-0.21829972,0.430791,0
37616000,37561600,197388,0.0018366867,-0.21689656,0.42968026,0
37640000,37634000,197388,0.0034500058,-0.2171798,0.43073243,0
37760000,37705200,197388,0.0011717187,-0.21709315,0.4271643,0
37772000,37772000,197388,0.0034890538,-0.21628548,0.42912814,0
37904000,37843272,197388,0.0028700724,-0.21687274,0.43053073,0
37916000,37916000,197388,0.0036338246,-0.21255606,0.43445727,0
38048000,37987636,197388,0.0025498266,-0.21502094,0.42981613,0
38060000,38060000,197388,0.0048829634,-0.21214637,0.42860517,0
38192000,38131636,197388,0.002950026,-0.21588796,0.42971578,0
38204000,38204000,197388,0.0010202613,-0.21801624,0.42789644,0
38336000,38275636,197388,0.0026183315,-0.21683873,0.42840695,0
38348000,38348000,197388,0.010633773,-0.21633206,0.4299809,0
38480000,38419636,197388,0.0032684456,-0.21596898,0.42901286,0
38492000,38492000,197388,0.008747879,-0.21709572,0.43054786,0
38624000,38564000,197388,0.0015170529,-0.21759646,0.42980564,0
38636000,38636000,197388,0.0015288154,-0.21309245,0.43229133,0
38768000,38708000,197388,0.0030161038,-0.21655478,0.4287654,0
38780000,38780000,197388,0.000999959,-0.21814364,0.42756185,0
38912000,38851636,197388,0.0019507302,-0.21554178,0.42904043,0
38924000,38924000,197388,0.008000975,-0.21822792,0.42900896,0
39056000,38995636,197388,0.0023261376,-0.21731746,0.42845446,0
39068000,39068000,197388,-0.00032307408,-0.2112893,0.42611808,0
39200000,39139272,197388,0.0010495145,-0.21650243,0.42901754,0
39212000,39212000,197388,0.0011080715,-0.21378447,0.42690685,0
39344000,39284000,197388,0.0037750467,-0.21632423,0.42738625,0
39356000,39356000,197388,0.0097451955,-0.21828245,0.43328997,0
39488000,39428000,197388,0.0029396296,-0.2146101,0.42909932,0
39500000,39500000,197388,0.0002481494,-0.21905963,0.4321195,0
39632000,39572000,197388,0.004266915,-0.2169481,0.42858976,0
39644000,39644000,197388,0.00061423023,-0.21392864,0.42859343,0
39776000,39715636,197388,0.0021763137,-0.21694963,0.42616555,0
39788000,39788000,197388,0.0015119063,-0.2123401,0.43252483,0
39920000,39860000,197388,0.001244065,-0.21465716,0.43101692,0
39932000,39932000,197388,0.005111868,-0.22162493,0.4261684,0
40064000,40003636,197388,0.002910169,-0.21746755,0.4295413,0
40072000,40072000,197388,0.0024325727,-0.21680936,0.42890218,0
40196000,40141200,197388,0.002193039,-0.21852823,0.42824766,0
40208000,40208000,197388,0.0030476332,-0.22316685,0.43166357,0
40340000,40279272,197388,0.0016782614,-0.21520951,0.4307817,0
40352000,40352000,197388,0.004143478,-0.21608016,0.4270249,0
40484000,40422909,197388,0.0010569504,-0.21535683,0.42942742,0
40496000,40496000,197388,0.0065147146,-0.2172642,0.4249074,0
40628000,40568000,197388,0.0022402375,-0.21443292,0.42943773,0
40640000,40640000,197388,0.006584486,-0.22195578,0.42369005,0
40772000,40711636,197388,0.0017193834,-0.21669762,0.42940965,0
40784000,40784000,197388,0.0015168829,-0.21600929,0.4309735,0
40916000,40856000,197388,0.0018853701,-0.21741831,0.42975163,0
40928000,40928000,197388,0.0052180374,-0.21864161,0.43125308,0
41056000,40999636,197388,0.004521573,-0.21576075,0.42860475,0
41072000,41072000,197388,0.003221606,-0.21642637,0.42949995,0
41204000,41142909,197388,0.0032399509,-0.21628688,0.42962536,0
41212000,41212000,197388,-0.0016235082,-0.21657786,0.42690957,0
41336000,41281600,197388,0.0004292426,-0.21813004,0.42948627,0
41360000,41354000,197388,0.0062782597,-0.21876878,0.42926085,0
41476000,41424800,197388,8.950097e-05,-0.21621096,0.42950416,0
41492000,41492000,197388,-0.00313769,-0.213828,0.42959347,0
41624000,41562909,197388,0.0012576968,-0.21625832,0.4313826,0
41632000,41632000,197388,0.0065264907,-0.21689288,0.42522895,0
41756000,41701600,197388,0.001833649,-0.21989696,0.43084374,0
41780000,41774000,197388,0.0020541868,-0.22092071,0.42700818,0
41900000,41845600,197388,-0.0032977473,-0.22366536,0.42634678,0
41924000,41918000,197388,-0.004722939,-0.22692576,0.4213732,0
42044000,41989200,197388,-0.0020249065,-0.23134494,0.42183375,0
42056000,42056000,197388,0.009678557,-0.2243794,0.42670316,0
42188000,42127272,197388,0.01613197,-0.22504136,0.42636952,0
42200000,42200000,197388,0.021718578,-0.21737516,0.43131435,0
42332000,42270909,197388,0.025777644,-0.21729659,0.4271512,0
42344000,42344000,197388,0.03205661,-0.21535252,0.42889217,0
42476000,42415636,197388,0.03479334,-0.21516454,0.4295762,0
42488000,42488000,197388,0.031594977,-0.21767847,0.4304651,0
42620000,42560000,197388,0.03827098,-0.21326254,0.4301913,0
42632000,42632000,197388,0.034412343,-0.21628228,0.43237147,0
42760000,42703636,197388,0.039623458,-0.21445438,0.428618,0
42776000,42776000,197388,0.037756298,-0.21338655,0.4290994,0
42908000,42847272,197388,0.042252224,-0.21246918,0.4286761,0
42920000,42920000,197388,0.038121134,-0.2078344,0.4255848,0
43052000,42992000,197388,0.040426154,-0.21020788,0.42787504,0
43064000,43064000,197388,0.040864974,-0.21104574,0.42939532,0
43196000,43135636,197388,0.040402837,-0.20895538,0.42957616,0
43208000,43208000,197388,0.04247712,-0.20930244,0.4259048,0
43340000,43279272,197388,0.039090957,-0.20770043,0.43203,0
43352000,43352000,197388,0.03821925,-0.21570185,0.4241159,0
43484000,43423272,197388,0.039625544,-0.20876378,0.43075857,0
43496000,43496000,197388,0.03956473,-0.21101935,0.42627296,0
43624000,43566909,197388,0.039778814,-0.20878494,0.43033284,0
43640000,43640000,197388,0.04018751,-0.20568973,0.42799255,0
43772000,43712000,197388,0.037642844,-0.2067066,0.43168017,0
43784000,43784000,197388,0.035094783,-0.21310765,0.43138343,0
43916000,43856000,197388,0.035613142,-0.20971039,0.43090147,0
43928000,43928000,197388,0.031875294,-0.20982501,0.42644256,0
44056000,43999272,197388,0.033637818,-0.21058716,0.42885017,0
44072000,44072000,197388,0.03972164,-0.21339048,0.4309101,0
44200000,44143272,197388,0.033682484,-0.2129959,0.43238854,0
44216000,44216000,197388,0.029141251,-0.21063143,0.42654222,0
44344000,44287636,197388,0.036121625,-0.21017426,0.43108982,0
44360000,44360000,197388,0.03256984,-0.20475319,0.42740068,0
44488000,44431272,197388,0.033942237,-0.21165657,0.432419,0
44504000,44504000,197388,0.026217803,-0.21125883,0.43467766,0
44636000,44575272,197388,0.033071972,-0.21141452,0.43191767,0
44648000,44648000,197388,0.032546,-0.21483698,0.43896168,0
44780000,44719272,197388,0.03082633,-0.21057852,0.43107373,0
44792000,44792000,197388,0.034525562,-0.2118658,0.42731452,0
44924000,44864000,197388,0.03297843,-0.21328974,0.42996582,0
44936000,44936000,197388,0.03560211,-0.21031882,0.43191978,0
45068000,45007636,197388,0.027924517,-0.2125389,0.42983907,0
45080000,45080000,197388,0.027172493,-0.21034959,0.42659122,0
45208000,45151272,197388,0.027903225,-0.2115998,0.4280621,0
45224000,45224000,197388,0.036133327,-0.21150172,0.4272261,0
45356000,45295272,197388,0.025913673,-0.21077558,0.43143743,0
45368000,45368000,197388,0.029775135,-0.21269764,0.43159202,0
45496000,45439636,197388,0.026198862,-0.21192388,0.43016547,0
45512000,45512000,197388,0.023222614,-0.2138786,0.43661365,0
45644000,45584000,197388,0.026209112,-0.21216077,0.43097863,0
45656000,45656000,197388,0.029496277,-0.21470474,0.43260756,0
45788000,45727272,197388,0.024669204,-0.21184091,0.4315979,0
45796000,45796000,197388,0.020652035,-0.21648149,0.42984292,0
45920000,45865200,197388,0.02595841,-0.2116771,0.43197247,0
45932000,45932000,197388,0.026312327,-0.20693448,0.42598307,0
46064000,46003636,197388,0.024959862,-0.21073544,0.43130976,0
46076000,46076000,197388,0.017869681,-0.21293268,0.43323195,0
46208000,46147636,197388,0.025246643,-0.21115631,0.43130845,0
46220000,46220000,197388,0.023921523,-0.21366823,0.43003038,0
46352000,46291636,197388,0.023551365,-0.21142156,0.43182868,0
46364000,46364000,197388,0.024137389,-0.21777034,0.42961934,0
46496000,46435636,197388,0.024411216,-0.21017048,0.4315134,0
46508000,46508000,197388,0.026169239,-0.20663194,0.43240535,0
46640000,46579636,197388,0.025593279,-0.21190117,0.43124628,0
46652000,46652000,197388,0.019668352,-0.21062072,0.43085793,0
46784000,46723272,197388,0.023749009,-0.21215865,0.42923746,0
46796000,46796000,197388,0.024906619,-0.20995039,0.42981216,0
46928000,46867272,197388,0.025797304,-0.21378772,0.42997855,0
46936000,46936000,197388,0.025134565,-0.215348,0.4299953,0
47060000,47006000,197388,0.025945766,-0.21360885,0.4288524,0
47084000,47078000,197388,0.026296759,-0.21443579,0.42963985,0
47204000,47149600,197388,0.027426645,-0.21651064,0.4314077,0
47228000,47222000,197388,0.026597042,-0.21424429,0.42620498,0
47348000,47294000,197388,0.027699465,-0.21635786,0.42927933,0
47372000,47366000,197388,0.028020602,-0.21618843,0.42751074,0
47492000,47438000,197388,0.026819644,-0.2163602,0.42983982,0
47516000,47510000,197388,0.029471327,-0.21710902,0.43045345,0
47636000,47581600,197388,0.027345723,-0.21864212,0.42902288,0
47656000,47652000,197388,0.025210727,-0.22128212,0.43161914,0
47768000,47719111,197388,0.027209494,-0.21803433,0.42808533,0
47792000,47786000,197388,0.028098837,-0.21902801,0.42885017,0
47912000,47858000,197388,0.027554065,-0.21630378,0.4295392,0
47936000,47930000,197388,0.0331097,-0.21601576,0.42767817,0
48056000,48000800,197388,0.02967648,-0.21730998,0.43002158,0
48068000,48068000,197388,0.029135838,-0.21746373,0.42225882,0
48200000,48138545,197388,0.027815066,-0.21960671,0.42674473,0
48212000,48212000,197388,0.026561387,-0.21926086,0.43013847,0
48344000,48283636,197388,0.029491395,-0.21694788,0.42603728,0
48356000,48356000,197388,0.027749551,-0.21773423,0.4287333,0
48488000,48428000,197388,0.027994102,-0.21745127,0.42771006,0
48500000,48500000,197388,0.03138215,-0.21618514,0.43231836,0
48632000,48572000,197388,0.031054884,-0.21772626,0.42838734,0
48644000,48644000,197388,0.023853114,-0.21465413,0.4293439,0
48776000,48716000,197388,0.02919576,-0.21714985,0.42728496,0
48788000,48788000,197388,0.034725495,-0.21965207,0.4242186,0
48920000,48858909,197388,0.02869315,-0.21609136,0.42634654,0
48932000,48932000,197388,0.0310181,-0.21862155,0.42923528,0
49064000,49003636,197388,0.029297493,-0.21739386,0.4294214,0
49076000,49076000,197388,0.029344771,-0.21769601,0.424337,0
49208000,49146909,197388,0.028867822,-0.21693662,0.4296442,0
49220000,49220000,197388,0.031082466,-0.21809486,0.42338294,0
49352000,49292000,197388,0.029977106,-0.21486701,0.42775962,0
49364000,49364000,197388,0.02667848,-0.21089904,0.43589765,0
49496000,49435272,197388,0.027226273,-0.21618915,0.42936358,0
49508000,49508000,197388,0.029278899,-0.20929798,0.4347583,0
49640000,49579636,197388,0.027809113,-0.21571615,0.42717662,0
49652000,49652000,197388,0.030308973,-0.21564843,0.42248848,0
49784000,49724000,197388,0.030480484,-0.21568239,0.4283652,0
49796000,49796000,197388,0.0316568,-0.21561548,0.4273462,0
49928000,49867272,197388,0.027830373,-0.21556523,0.42824695,0
49936000,49936000,197388,0.03403887,-0.21435146,0.43224052,0
50060000,50006000,197388,0.028295895,-0.21787488,0.42929813,0
50080000,50076000,197388,0.028232291,-0.21901268,0.42977107,0
50192000,50143111,197388,0.028457288,-0.215429,0.42790687,0
50216000,50210000,197388,0.029843342,-0.21666612,0.42936915,0
50336000,50282000,197388,0.028111259,-0.21676531,0.42876592,0
50360000,50354000,197388,0.03074303,-0.20947668,0.43096977,0
50480000,50425600,197388,0.027179508,-0.21465568,0.43033567,0
50504000,50498000,197388,0.02953637,-0.2122476,0.43303645,0
50624000,50570000,197388,0.027492125,-0.21521811,0.42849222,0
50648000,50642000,197388,0.028559882,-0.2203687,0.4266348,0
50768000,50713600,197388,0.027456433,-0.21316679,0.42864394,0
50792000,50786000,197388,0.028349329,-0.2155267,0.42566586,0
50912000,50857600,197388,0.025453357,-0.21053402,0.43095723,0
50936000,50930000,197388,0.024725797,-0.2138509,0.43120843,0
51056000,51001200,197388,0.027886564,-0.21386044,0.42917964,0
51068000,51068000,197388,0.030443426,-0.21354379,0.427262,0
51200000,51139272,197388,0.025251487,-0.21180841,0.42863595,0
51208000,51208000,197388,0.028893907,-0.2203519,0.43359897,0
51332000,51278000,197388,0.026526993,-0.21507815,0.42943493,0
51356000,51350000,197388,0.02572805,-0.21368119,0.42693502,0
51476000,51421600,197388,0.024506131,-0.21203001,0.4298574,0
51496000,51492000,197388,0.028054558,-0.21198055,0.43038607,0
51608000,51559111,197388,0.027077055,-0.21431826,0.43078044,0
51644000,51630666,197388,0.025349524,-0.21359485,0.43385363,0
51752000,51702666,197388,0.02683387,-0.21313767,0.42963922,0
51776000,51770000,197388,0.022686377,-0.21513069,0.43238187,0
51896000,51842000,197388,0.026802955,-0.21307646,0.4297281,0
51920000,51914000,197388,0.026429513,-0.21290481,0.43113047,0
52040000,51986000,197388,0.024027625,-0.21367414,0.43101272,0
52064000,52058000,197388,0.025793996,-0.21478373,0.4282356,0
52184000,52130000,197388,0.02585953,-0.21548942,0.42972237,0
52208000,52200000,197388,0.026849726,-0.21960562,0.43231344,0
52316000,52268000,197388,0.025431715,-0.21152401,0.4304846,0
52352000,52340000,197388,0.027454719,-0.21229522,0.43048546,0
52460000,52411555,197388,0.027157256,-0.21396685,0.43012464,0
52496000,52484000,197388,0.030215487,-0.21134165,0.42774194,0
52604000,52555555,197388,0.025789427,-0.21268411,0.42851222,0
52640000,52628000,197388,0.027396303,-0.2157987,0.4293997,0
52748000,52700000,197388,0.025662757,-0.21359558,0.428729,0
52784000,52770666,197388,0.029506408,-0.21347015,0.42730138,0
52888000,52842222,197388,0.028390981,-0.21352798,0.42899477,0
52916000,52910000,197388,0.026613537,-0.21289985,0.4262464,0
53036000,52982000,197388,0.024519479,-0.21456344,0.4299181,0
53056000,53052000,197388,0.025863525,-0.21513423,0.43036988,0
53168000,53119555,197388,0.023904132,-0.21451889,0.42927665,0
53204000,53192000,197388,0.026100677,-0.21215534,0.42878577,0
53312000,53263111,197388,0.027455544,-0.21509965,0.43137428,0
53344000,53333333,197388,0.02307548,-0.21292102,0.42934832,0
53440000,53401000,197388,0.025934389,-0.21416968,0.42935774,0
53492000,53473000,197388,0.025909126,-0.2169227,0.42811984,0
53588000,53545000,197388,0.024467917,-0.21594346,0.4285596,0
53636000,53617000,197388,0.024588928,-0.21633683,0.42780805,0
53720000,53684000,197388,0.025325067,-0.21673101,0.43070373,0
53780000,53755200,197388,0.027086264,-0.2159442,0.4330142,0
53864000,53826857,197388,0.022743614,-0.21630089,0.42896417,0
53912000,53894000,197388,0.025113242,-0.21246694,0.43432817,0
54008000,53966000,197388,0.02581113,-0.21179546,0.4294627,0
54056000,54038000,197388,0.02561558,-0.21466836,0.4309419,0
54152000,54109500,197388,0.02525489,-0.21408205,0.43100658,0
54200000,54182000,197388,0.024830343,-0.21375798,0.42801988,0
54296000,54254000,197388,0.0254285,-0.21428521,0.4289925,0
54344000,54325000,197388,0.024127048,-0.21760766,0.43280447,0
54428000,54392000,197388,0.025745662,-0.21448585,0.42711356,0
54488000,54464000,197388,0.027862955,-0.21354158,0.4266281,0
54572000,54535428,197388,0.027329752,-0.21554491,0.42976207,0
54632000,54608000,197388,0.02777707,-0.21214803,0.4280122,0
54716000,54680000,197388,0.027447993,-0.21671629,0.43029076,0
54776000,54752000,197388,0.02707552,-0.21763217,0.42802545,0
54860000,54823428,197388,0.02601283,-0.21435072,0.42822906,0
54920000,54895200,197388,0.02385338,-0.21577954,0.4259809,0
54992000,54962000,197388,0.025262406,-0.21621957,0.4311292,0
55064000,55033333,197388,0.025689464,-0.21628785,0.4291014,0
55124000,55100000,197388,0.026033206,-0.21557143,0.42799306,0
55208000,55171428,197388,0.023936443,-0.21404986,0.42727768,0
55268000,55244000,197388,0.025180891,-0.21521664,0.428984,0
55352000,55315428,197388,0.030223703,-0.21619669,0.42846188,0
55412000,55387200,197388,0.024877591,-0.21630958,0.4275012,0
55496000,55459428,197388,0.024988119,-0.21504578,0.42745933,0
55556000,55532000,197388,0.028335368,-0.21711306,0.42632642,0
55640000,55602857,197388,0.026656548,-0.21723439,0.4279237,0
55688000,55670000,197388,0.027723383,-0.21500832,0.42761958,0
55784000,55741500,197388,0.026803069,-0.2144185,0.42997426,0
55832000,55814000,197388,0.026850695,-0.21442637,0.42886764,0
55928000,55885000,197388,0.028360717,-0.2137418,0.42881855,0
55964000,55952000,197388,0.026733752,-0.21889918,0.42927417,0
56072000,56023555,197388,0.026655832,-0.21528219,0.42918915,0
56108000,56094666,197388,0.029656656,-0.2115618,0.4314196,0
56204000,56162000,197388,0.027842853,-0.21657434,0.4316371,0
56252000,56234000,197388,0.028000958,-0.21468024,0.4281822,0
56348000,56305500,197388,0.027181115,-0.21329679,0.42968252,0
56396000,56378000,197388,0.027661119,-0.2150058,0.4299987,0
56492000,56449000,197388,0.02782641,-0.21537383,0.42881018,0
56528000,56516000,197388,0.028463427,-0.21617067,0.42730805,0
56632000,56586666,197388,0.029563202,-0.21380788,0.42680892,0
56660000,56654000,197388,0.027340177,-0.21483673,0.43165052,0
56780000,56724800,197388,0.02757357,-0.21739505,0.43110797,0
56792000,56792000,197388,0.022939367,-0.21444775,0.43820253,0
56924000,56863636,197388,0.028295424,-0.21527079,0.42936227,0
56936000,56936000,197388,0.027020771,-0.21020374,0.42778176,0
57068000,57007636,197388,0.025956517,-0.21604599,0.42801264,0
57080000,57080000,197388,0.026871433,-0.21458295,0.42699593,0
57208000,57151636,197388,0.027372029,-0.21628547,0.42872414,0
57224000,57224000,197388,0.03144336,-0.21446818,0.43179592,0
57356000,57296000,197388,0.027872192,-0.21593097,0.42767313,0
57368000,57368000,197388,0.029174134,-0.20585792,0.42409706,0
57500000,57439272,197388,0.027902555,-0.21376695,0.43037507,0
57512000,57512000,197388,0.023932237,-0.21359318,0.4281418,0
57644000,57584000,197388,0.028143466,-0.21431679,0.43012542,0
57656000,57656000,197388,0.027398061,-0.21903993,0.426682,0
57788000,57727636,197388,0.028857598,-0.21582305,0.42969507,0
57800000,57800000,197388,0.027178587,-0.21316826,0.43417558,0
57932000,57871636,197388,0.025430322,-0.21564163,0.42843255,0
57944000,57944000,197388,0.026680492,-0.21253867,0.4312822,0
58076000,58015636,197388,0.025979534,-0.2138305,0.4290999,0
58088000,58088000,197388,0.01963136,-0.21796322,0.43264905,0
58220000,58160000,197388,0.028098904,-0.21535818,0.4289935,0
58232000,58232000,197388,0.02409985,-0.22067487,0.43071645,0
58364000,58303636,197388,0.025739586,-0.21587467,0.42938966,0
58376000,58376000,197388,0.026327087,-0.21392916,0.4263489,0
58508000,58446909,197388,0.027808031,-0.21647017,0.42916182,0
58520000,58520000,197388,0.025072992,-0.20995258,0.43296263,0
58652000,58592000,197388,0.027667388,-0.21314496,0.42805523,0
58664000,58664000,197388,0.028126022,-0.20865065,0.43191567,0
58796000,58735272,197388,0.025975576,-0.21342051,0.42951107,0
58808000,58808000,197388,0.030660732,-0.22202697,0.42717057,0
58940000,58879636,197388,0.025979165,-0.21580447,0.4291617,0
58952000,58952000,197388,0.03022692,-0.22082548,0.42969653,0
59080000,59023636,197388,0.027281111,-0.2148023,0.42717177,0
59096000,59096000,197388,0.029502662,-0.21710086,0.4312759,0
59228000,59166909,197388,0.026962489,-0.21354882,0.4302018,0
59240000,59240000,197388,0.03089819,-0.21609986,0.42532936,0
59372000,59311272,197388,0.026915334,-0.21480751,0.43125817,0
59384000,59384000,197388,0.028982991,-0.2088059,0.42943987,0
59516000,59455636,197388,0.026410233,-0.21336502,0.429267,0
59528000,59528000,197388,0.027978398,-0.21233094,0.43243527,0
59660000,59599272,197388,0.027073478,-0.21247405,0.4295226,0
59672000,59672000,197388,0.022818012,-0.21468541,0.4308172,0
59804000,59744000,197388,0.024559436,-0.2157235,0.43099102,0
59816000,59816000,197388,0.02893869,-0.21709491,0.42699054,0
59948000,59887636,197388,0.025089135,-0.21216401,0.4307885,0
59960000,59960000,197388,0.030411286,-0.21398836,0.43195236,0
60088000,60030909,197388,0.026006749,-0.21435353,0.42832077,0
60104000,60104000,197388,0.025587173,-0.21117876,0.43475574,0
60232000,60175272,197388,0.026378065,-0.21591537,0.4303969,0
60248000,60248000,197388,0.021944087,-0.21422775,0.43767422,0
60380000,60320000,197388,0.026522731,-0.2132235,0.4294328,0
60392000,60392000,197388,0.023895014,-0.21175939,0.43563703,0
60520000,60462909,197388,0.025159648,-0.2137112,0.42932057,0
60536000,60536000,197388,0.022036558,-0.21975356,0.42500934,0
60668000,60607636,197388,0.029465966,-0.21317784,0.43149182,0
60680000,60680000,197388,0.028080883,-0.20943047,0.4318136,0
60812000,60752000,197388,0.026571492,-0.21598022,0.4329118,0
60824000,60824000,197388,0.028931104,-0.21581034,0.42813468,0
60956000,60896000,197388,0.025761196,-0.21531218,0.43076962,0
60968000,60968000,197388,0.027461525,-0.22076917,0.43595725,0
61100000,61039272,197388,0.0254085,-0.21430452,0.429242,0
61112000,61112000,197388,0.023045659,-0.21948226,0.42143035,0
61244000,61183272,197388,0.026470952,-0.21355554,0.4293127,0
61256000,61256000,197388,0.029391302,-0.21367238,0.42686963,0
61384000,61326545,197388,0.025474243,-0.21392559,0.42854708,0
61400000,61400000,197388,0.026678082,-0.21049856,0.42394912,0
61532000,61472000,197388,0.02725738,-0.21391074,0.4296433,0
61544000,61544000,197388,0.019280767,-0.21376203,0.42650804,0
61676000,61616000,197388,0.026203891,-0.21606472,0.42831182,0
61688000,61688000,197388,0.017557133,-0.21154492,0.4273074,0
61820000,61759272,197388,0.028224226,-0.213891,0.42882136,0
61832000,61832000,197388,0.025377499,-0.21864495,0.42900115,0
61964000,61904000,197388,0.029095586,-0.21444897,0.43011826,0
61976000,61976000,197388,0.026840154,-0.21726125,0.42762455,0
62108000,62048000,197388,0.0259068,-0.21300773,0.43021116,0
62120000,62120000,197388,0.024266675,-0.21693607,0.42794552,0
62252000,62191272,197388,0.026826452,-0.21398486,0.4312037,0
62264000,62264000,197388,0.02292223,-0.21409957,0.4346703,0
62396000,62336000,197388,0.027724829,-0.21442167,0.4305264,0
62408000,62408000,197388,0.027656421,-0.21696691,0.4283609,0
62540000,62480000,197388,0.028016817,-0.21431711,0.42972007,0
62552000,62552000,197388,0.026884824,-0.21703146,0.4333598,0
62684000,62624000,197388,0.028506404,-0.21425603,0.4269321,0
62696000,62696000,197388,0.027059512,-0.21660613,0.4315923,0
62828000,62768000,197388,0.028530937,-0.21358384,0.43126646,0
62840000,62840000,197388,0.02821796,-0.21580829,0.4221018,0
62972000,62912000,197388,0.027890889,-0.21471336,0.4301685,0
62984000,62984000,197388,0.022176871,-0.20901273,0.42459908,0
63116000,63056000,197388,0.02599383,-0.21280336,0.42920548,0
63128000,63128000,197388,0.022689525,-0.21409445,0.42670447,0
63260000,63199636,197388,0.028610095,-0.21716212,0.4315022,0
63272000,63272000,197388,0.023925498,-0.21109287,0.43120083,0
63404000,63343636,197388,0.028858408,-0.21496949,0.4292631,0
63416000,63416000,197388,0.02649649,-0.20818546,0.4265045,0
63548000,63488000,197388,0.029375361,-0.21547069,0.4282294,0
63560000,63560000,197388,0.022931047,-0.2178843,0.4291954,0
63692000,63631636,197388,0.027547058,-0.2172087,0.4277063,0
63704000,63704000,197388,0.029287465,-0.21394765,0.43184754,0
63836000,63774909,197388,0.027457116,-0.21540587,0.42845502,0
63848000,63848000,197388,0.026639914,-0.21585943,0.42823195,0
63980000,63920000,197388,0.02787842,-0.2161545,0.42803666,0
63992000,63992000,197388,0.02378865,-0.21603735,0.42748642,0
64124000,64064000,197388,0.027942136,-0.21296509,0.42760175,0
64136000,64136000,197388,0.027682232,-0.22067024,0.43118465,0
64264000,64207272,197388,0.02712759,-0.21598431,0.43025512,0
64280000,64280000,197388,0.023005398,-0.21243499,0.43449488,0
64412000,64351636,197388,0.027574793,-0.21401069,0.42887267,0
64424000,64424000,197388,0.020319398,-0.21499571,0.42566866,0
64556000,64495636,197388,0.026691763,-0.21526901,0.42888963,0
64568000,64568000,197388,0.028641036,-0.2162094,0.4246961,0
64700000,64640000,197388,0.025731092,-0.21440147,0.42884812,0
64712000,64712000,197388,0.022538912,-0.21340619,0.43162253,0
64844000,64783272,197388,0.027106253,-0.21454957,0.4310461,0
64856000,64856000,197388,0.02550136,-0.20654882,0.4284827,0
64988000,64928000,197388,0.028974025,-0.2143001,0.42984796,0
65000000,65000000,197388,0.029868303,-0.21651687,0.4323766,0
65128000,65070909,197388,0.025880968,-0.21583141,0.42762932,0
65144000,65144000,197388,0.01903545,-0.21460606,0.43110052,0
65276000,65216000,197388,0.026808381,-0.215083,0.42922208,0
65288000,65288000,197388,0.026423495,-0.21523347,0.43195802,0
65420000,65360000,197388,0.024751393,-0.21454309,0.4288877,0
65432000,65432000,197388,0.030195098,-0.21562119,0.43087718,0
65564000,65504000,197388,0.027662138,-0.21377794,0.42818588,0
65576000,65576000,197388,0.037467256,-0.21276015,0.42797944,0
65708000,65647272,197388,0.028341888,-0.21506217,0.4304418,0
65720000,65720000,197388,0.029154234,-0.21415813,0.43141896,0
65852000,65792000,197388,0.028359883,-0.21461217,0.42842996,0
65864000,65864000,197388,0.021961585,-0.2162384,0.4259844,0
65996000,65935636,197388,0.026775079,-0.2147712,0.43035698,0
66008000,66008000,197388,0.02801708,-0.2109033,0.42771515,0
66136000,66079636,197388,0.025641033,-0.21559934,0.43036792,0
66152000,66152000,197388,0.02293967,-0.21187858,0.4338591,0
66284000,66222909,197388,0.027987031,-0.2141485,0.43063608,0
66292000,66292000,197388,0.03659609,-0.20986263,0.42928252,0
66416000,66361600,197388,0.028216237,-0.21330419,0.43194413,0
66440000,66434000,197388,0.024733024,-0.21378896,0.4295708,0
66560000,66505600,197388,0.02759405,-0.2140296,0.4284012,0
66584000,66578000,197388,0.027248096,-0.21462351,0.43082947,0
66704000,66649600,197388,0.027431542,-0.21601263,0.42908525,0
66728000,66722000,197388,0.027000584,-0.21533014,0.42723042,0
66848000,66794000,197388,0.02830313,-0.21391653,0.4285105,0
66872000,66866000,197388,0.026857387,-0.21363246,0.42693007,0
66992000,66938000,197388,0.025657514,-0.2136176,0.42917258,0
67016000,67010000,197388,0.023079759,-0.21733254,0.43255317,0
67136000,67082000,197388,0.028304264,-0.21257322,0.4271637,0
67160000,67152000,197388,0.03222869,-0.21719223,0.43356758,0
67268000,67220000,197388,0.02904742,-0.21704699,0.4302718,0
67304000,67292000,197388,0.028794073,-0.21539986,0.42251667,0
67412000,67364000,197388,0.027553963,-0.21327597,0.42935544,0
67448000,67436000,197388,0.024893861,-0.21392024,0.4283635,0
67556000,67508000,197388,0.026858712,-0.21323368,0.42759123,0
67592000,67580000,197388,0.027283028,-0.21552679,0.4278996,0
67700000,67652000,197388,0.026926067,-0.21405108,0.42854273,0
67736000,67724000,197388,0.027367678,-0.21583995,0.43112502,0
67844000,67795555,197388,0.02742592,-0.21573433,0.42876294,0
67880000,67868000,197388,0.026235387,-0.21695101,0.43031216,0
67988000,67940000,197388,0.027174734,-0.2142618,0.42730957,0
68024000,68012000,197388,0.026057452,-0.21293364,0.43057132,0
68132000,68083555,197388,0.025868455,-0.21186613,0.4306603,0
68168000,68156000,197388,0.026412353,-0.21257398,0.42916772,0
68276000,68227555,197388,0.025520341,-0.21319522,0.43010443,0
68312000,68300000,197388,0.027492136,-0.2169073,0.42856464,0
68420000,68372000,197388,0.026515761,-0.21301492,0.43012884,0
68456000,68442666,197388,0.023932617,-0.21285336,0.42938453,0
68552000,68510000,197388,0.02822316,-0.21484226,0.43054706,0
68600000,68582000,197388,0.021466441,-0.21426317,0.42672148,0
68696000,68654000,197388,0.027117394,-0.2154862,0.4301352,0
68744000,68726000,197388,0.028962236,-0.21527085,0.42659327,0
68840000,68798000,197388,0.027790453,-0.21363407,0.4302473,0
68888000,68870000,197388,0.028915178,-0.2162787,0.43032822,0
68984000,68942000,197388,0.025544697,-0.21446414,0.42966193,0
69032000,69014000,197388,0.024914432,-0.21615207,0.43124667,0
69128000,69085000,197388,0.026032446,-0.21534303,0.42951912,0
69164000,69152000,197388,0.025478963,-0.21867427,0.4302081,0
69272000,69224000,197388,0.026678244,-0.21299945,0.42897925,0
69308000,69296000,197388,0.023962386,-0.21553722,0.42784902,0
69416000,69367111,197388,0.027611885,-0.21485169,0.43016702,0
69440000,69434000,197388,0.027025562,-0.2161367,0.42928797,0
69560000,69505600,197388,0.028412743,-0.21493343,0.42989585,0
69584000,69578000,197388,0.028914943,-0.21707721,0.43099293,0
69704000,69649600,197388,0.029854212,-0.21862136,0.43007174,0
69728000,69722000,197388,0.03147072,-0.21452779,0.4280861,0
69848000,69794000,197388,0.028033054,-0.21660276,0.42961773,0
69872000,69866000,197388,0.029126346,-0.21427533,0.4265115,0
69992000,69938000,197388,0.02621219,-0.21481179,0.42809835,0
70012000,70008000,197388,0.024223588,-0.21835367,0.4309677,0
70124000,70076000,197388,0.029063847,-0.21605046,0.43005133,0
70160000,70146666,197388,0.028617924,-0.21959369,0.4302369,0
70268000,70218666,197388,0.028083269,-0.2189458,0.43182862,0
70292000,70286000,197388,0.029324483,-0.21761139,0.42932904,0
70412000,70358000,197388,0.027367963,-0.21662386,0.430289,0
70436000,70430000,197388,0.031183608,-0.21665342,0.43026474,0
70552000,70501600,197388,0.028041515,-0.21422493,0.4287494,0
70580000,70574000,197388,0.02779805,-0.21716419,0.42807895,0
70696000,70644800,197388,0.027842885,-0.21399498,0.42828724,0
70712000,70712000,197388,0.027637977,-0.21213159,0.41956684,0
70844000,70784000,197388,0.02833042,-0.21553205,0.4302475,0
70856000,70856000,197388,0.03333654,-0.21638644,0.42819282,0
70984000,70927636,197388,0.028600177,-0.2171025,0.42793068,0
71000000,71000000,197388,0.038815677,-0.21228358,0.42916164,0
71132000,71072000,197388,0.02974674,-0.21586367,0.42948022,0
71144000,71144000,197388,0.024429966,-0.21975695,0.42362547,0
71276000,71216000,197388,0.029330114,-0.21376571,0.4283202,0
71288000,71288000,197388,0.025098605,-0.21769601,0.43915656,0
71420000,71359636,197388,0.027470283,-0.21478933,0.43005732,0
71428000,71428000,197388,0.028060794,-0.2090843,0.43187755,0
71552000,71497600,197388,0.027775338,-0.21345821,0.42720428,0
71576000,71570000,197388,0.025729116,-0.21189591,0.4285742,0
71696000,71642000,197388,0.028302385,-0.21381274,0.43043706,0
71720000,71714000,197388,0.030158658,-0.21111521,0.4250235,0
71840000,71786000,197388,0.028075222,-0.21279137,0.43138066,0
71864000,71858000,197388,0.02614963,-0.21076614,0.42909926,0
71984000,71929600,197388,0.02954775,-0.21223211,0.42962223,0
72008000,72002000,197388,0.03196747,-0.21238744,0.4286344,0
72128000,72073600,197388,0.027321136,-0.21277097,0.4303874,0
72152000,72146000,197388,0.026423994,-0.21431342,0.43098527,0
72272000,72217200,197388,0.02697298,-0.21304898,0.4291391,0
72296000,72288000,197388,0.027753232,-0.21087518,0.43474445,0
72404000,72356000,197388,0.029719306,-0.21212812,0.42941916,0
72440000,72428000,197388,0.026185706,-0.21544433,0.43048143,0
72544000,72498666,197388,0.028894166,-0.21230322,0.43155164,0
72572000,72566000,197388,0.02502644,-0.21572447,0.42779547,0
72692000,72637600,197388,0.027530864,-0.21091242,0.43103763,0
72716000,72710000,197388,0.027682006,-0.21078707,0.42586476,0
72836000,72782000,197388,0.028373955,-0.2111349,0.43075353,0
72860000,72854000,197388,0.027187858,-0.21017933,0.42946297,0
72980000,72925200,197388,0.02854704,-0.21516398,0.42825076,0
72992000,72992000,197388,0.019664355,-0.21120031,0.43408048,0
73124000,73063636,197388,0.027393458,-0.21207513,0.42996985,0
73136000,73136000,197388,0.029490203,-0.2138638,0.4277754,0
73268000,73207636,197388,0.027201524,-0.21561587,0.42854315,0
73280000,73280000,197388,0.036258314,-0.21072386,0.42964375,0
73412000,73351636,197388,0.029377302,-0.21351461,0.42836213,0
73424000,73424000,197388,0.02542029,-0.21846339,0.42882004,0
73556000,73496000,197388,0.027971094,-0.21425909,0.4304241,0
73568000,73568000,197388,0.033389773,-0.21464016,0.42775202,0
73700000,73639272,197388,0.027943604,-0.21502373,0.4307982,0
73712000,73712000,197388,0.03298912,-0.21574733,0.43148848,0
73844000,73783636,197388,0.02707938,-0.21258949,0.42825794,0
73856000,73856000,197388,0.0294654,-0.21469633,0.43744516,0
73984000,73927636,197388,0.026260458,-0.21374337,0.42932954,0
74000000,74000000,197388,0.02660159,-0.21151032,0.43144402,0
74132000,74071636,197388,0.02611687,-0.21531771,0.4285421,0
74144000,74144000,197388,0.027370863,-0.21781383,0.42799732,0
74272000,74215272,197388,0.025577562,-0.21466126,0.429566,0
74288000,74288000,197388,0.027544593,-0.21751755,0.4335554,0
74420000,74359636,197388,0.027538395,-0.21613616,0.428694,0
74432000,74432000,197388,0.024597527,-0.21491507,0.4318145,0
74564000,74502909,197388,0.028674582,-0.21532385,0.42927337,0
74576000,74576000,197388,0.031719636,-0.20898351,0.4315344,0
74708000,74646909,197388,0.029936945,-0.21500881,0.43106717,0
74720000,74720000,197388,0.03142477,-0.21995547,0.43024173,0
74852000,74792000,197388,0.027826061,-0.21455018,0.42910227,0
74864000,74864000,197388,0.025991935,-0.21480627,0.43517074,0
74996000,74935636,197388,0.026654407,-0.21513231,0.42918822,0
75008000,75008000,197388,0.032258883,-0.2223372,0.42746466,0
75140000,75080000,197388,0.026718901,-0.21563867,0.43019748,0
75152000,75152000,197388,0.026995724,-0.2166556,0.42539707,0
75280000,75222909,197388,0.027314607,-0.21403459,0.4300078,0
75296000,75296000,197388,0.021258442,-0.21778482,0.42852038,0
75428000,75367636,197388,0.02730312,-0.21329321,0.4290038,0
75440000,75440000,197388,0.027184375,-0.2098712,0.42634448,0
75572000,75511636,197388,0.027003268,-0.21497072,0.42927933,0
75584000,75584000,197388,0.038399037,-0.21625622,0.4310086,0
75712000,75655272,197388,0.027326342,-0.21377796,0.4285748,0
75728000,75728000,197388,0.026936295,-0.21010038,0.42605633,0
75860000,75798909,197388,0.027585397,-0.21379277,0.42790392,0
75872000,75872000,197388,0.026431395,-0.2181483,0.43037227,0
76000000,75943636,197388,0.027366167,-0.21580887,0.4310872,0
76016000,76016000,197388,0.02555518,-0.21640547,0.4339079,0
76144000,76086909,197388,0.02752466,-0.21542542,0.42997497,0
76160000,76160000,197388,0.03201547,-0.21559192,0.42234126,0
76292000,76232000,197388,0.028003132,-0.21462893,0.42775697,0
76304000,76304000,197388,0.024038205,-0.2144331,0.43248487,0
76432000,76375636,197388,0.026764434,-0.21539548,0.42989376,0
76448000,76448000,197388,0.024655128,-0.21775562,0.4323887,0
76580000,76518909,197388,0.027944265,-0.21688525,0.4270396,0
76592000,76592000,197388,0.019767024,-0.21352854,0.43777996,0
76724000,76664000,197388,0.027486268,-0.2159096,0.43069568,0
76736000,76736000,197388,0.023319388,-0.21324666,0.4265841,0
76868000,76807272,197388,0.027036224,-0.21611576,0.42843828,0
76880000,76880000,197388,0.031023074,-0.21442099,0.43434688,0
77012000,76951636,197388,0.026647782,-0.21575664,0.4292262,0
77024000,77024000,197388,0.024419973,-0.21841913,0.42685553,0
77152000,77095272,197388,0.026893329,-0.21539724,0.4283264,0
77168000,77168000,197388,0.027757367,-0.21760766,0.42974755,0
77300000,77239636,197388,0.027126338,-0.21607396,0.42727327,0
77312000,77312000,197388,0.02660927,-0.21629687,0.424925,0
77444000,77383636,197388,0.026065266,-0.21753606,0.42805248,0
77456000,77456000,197388,0.025338156,-0.21294604,0.42346013,0
77588000,77527636,197388,0.027731817,-0.2155127,0.42997283,0
77600000,77600000,197388,0.028510181,-0.216431,0.42594352,0
77732000,77672000,197388,0.028803786,-0.2167971,0.42614102,0
77744000,77744000,197388,0.024334878,-0.21718274,0.4297,0
77876000,77816000,197388,0.027437834,-0.21245764,0.4275803,0
77888000,77888000,197388,0.024164401,-0.2157354,0.43370524,0
78016000,77958545,197388,0.027124433,-0.21785401,0.42876825,0
78032000,78032000,197388,0.02965536,-0.21981199,0.42409566,0
78164000,78103636,197388,0.026642982,-0.21602158,0.42879656,0
78176000,78176000,197388,0.02719181,-0.22616538,0.4283146,0
78308000,78247636,197388,0.025545657,-0.21668175,0.4283711,0
78320000,78320000,197388,0.02019139,-0.223522,0.43702337,0
78452000,78390909,197388,0.02696195,-0.21672828,0.42836064,0
78464000,78464000,197388,0.03111503,-0.21472593,0.4292354,0
78596000,78536000,197388,0.025515089,-0.21618198,0.4301145,0
78608000,78608000,197388,0.023944335,-0.21574606,0.42599192,0
78740000,78680000,197388,0.026366983,-0.21396612,0.4276385,0
78752000,78752000,197388,0.025537163,-0.21714006,0.4244409,0
78884000,78823636,197388,0.026811078,-0.21477827,0.4294544,0
78896000,78896000,197388,0.024512641,-0.21382657,0.4295333,0
79028000,78967636,197388,0.023791647,-0.21447492,0.43035105,0
79040000,79040000,197388,0.024586512,-0.21746275,0.43315247,0
79172000,79112000,197388,0.026182441,-0.2138931,0.42982683,0
79184000,79184000,197388,0.022856541,-0.21973476,0.43030632,0
79316000,79255272,197388,0.02721049,-0.21577218,0.42795148,0
79328000,79328000,197388,0.021267153,-0.21802197,0.4319703,0
79460000,79398909,197388,0.027186107,-0.2165535,0.4314861,0
79472000,79472000,197388,0.021742033,-0.21487416,0.42464453,0
79604000,79544000,197388,0.024918698,-0.21283129,0.43027243,0
79616000,79616000,197388,0.022613024,-0.20955655,0.43215644,0
79748000,79687272,197388,0.026064733,-0.21612853,0.42823684,0
79760000,79760000,197388,0.035731606,-0.21693581,0.42541847,0
79892000,79831636,197388,0.026162485,-0.21297145,0.42977625,0
79904000,79904000,197388,0.029115506,-0.21484327,0.43103668,0
80036000,79975636,197388,0.02915757,-0.21362469,0.42972752,0
80048000,80048000,197388,0.02837697,-0.21165489,0.42603555,0
80180000,80120000,197388,0.027162306,-0.212833,0.4300701,0
80192000,80192000,197388,0.026130682,-0.2108372,0.43195644,0
80324000,80263272,197388,0.027208578,-0.21390569,0.42856586,0
80336000,80336000,197388,0.031231621,-0.21843468,0.42784995,0
80468000,80408000,197388,0.028367529,-0.21384117,0.42762047,0
80480000,80480000,197388,0.0283341,-0.20944567,0.42939824,0
80612000,80551636,197388,0.028451364,-0.21329863,0.42921665,0
80624000,80624000,197388,0.03033261,-0.2102254,0.43239462,0
80752000,80695272,197388,0.029744545,-0.21354732,0.42962185,0
80768000,80768000,197388,0.032410253,-0.21133226,0.42841437,0
80896000,80838909,197388,0.026545163,-0.21251029,0.42934626,0
80912000,80912000,197388,0.03253866,-0.21678023,0.43927756,0
81044000,80983272,197388,0.029859584,-0.21187142,0.4317356,0
81056000,81056000,197388,0.03157312,-0.21059363,0.43376315,0
81188000,81127272,197388,0.026589474,-0.21257785,0.43006006,0
81200000,81200000,197388,0.025880778,-0.20930392,0.43305382,0
81332000,81270909,197388,0.026709769,-0.21311219,0.42915237,0
81344000,81344000,197388,0.02760485,-0.21558131,0.43038285,0
81472000,81414909,197388,0.027698174,-0.21210918,0.4304326,0
81488000,81488000,197388,0.028946685,-0.22078536,0.42572302,0
81620000,81559636,197388,0.02491757,-0.21223472,0.43091258,0
81632000,81632000,197388,0.024713054,-0.21568277,0.43009385,0
81764000,81703636,197388,0.02630349,-0.21127456,0.4334525,0
81776000,81776000,197388,0.02151143,-0.21255407,0.4292452,0
81908000,81847636,197388,0.027178042,-0.21218714,0.42977217,0
81920000,81920000,197388,0.030934764,-0.21165593,0.42563483,0
82052000,81991636,197388,0.029112529,-0.21215379,0.4302856,0
82064000,82064000,197388,0.024882376,-0.20970389,0.4256485,0
82192000,82134909,197388,0.027775297,-0.21172544,0.4312548,0
82208000,82208000,197388,0.019997874,-0.20709954,0.43202814,0
82340000,82280000,197388,0.025594007,-0.21319604,0.43066812,0
82352000,82352000,197388,0.023614995,-0.21024862,0.43286026,0
82484000,82423636,197388,0.025650118,-0.2120328,0.4289354,0
82496000,82496000,197388,0.027849846,-0.21517603,0.42689794,0
82628000,82567636,197388,0.026839701,-0.21449602,0.42863712,0
82640000,82640000,197388,0.024022412,-0.21671064,0.43123582,0
82772000,82711636,197388,0.026928661,-0.21318178,0.4268772,0
82784000,82784000,197388,0.033307232,-0.20622039,0.42723492,0
82912000,82855636,197388,0.027614072,-0.21529593,0.42766628,0
82928000,82928000,197388,0.030544486,-0.21483065,0.43159628,0
83060000,82999636,197388,0.024603954,-0.21471056,0.42810324,0
83072000,83072000,197388,0.025683735,-0.21352434,0.4323329,0
83204000,83143272,197388,0.027872086,-0.21405336,0.42870003,0
83216000,83216000,197388,0.025990764,-0.21173117,0.42562458,0
83344000,83286545,197388,0.025191912,-0.21374358,0.42948145,0
83360000,83360000,197388,0.027314091,-0.21263744,0.4307624,0
83488000,83431272,197388,0.027615374,-0.21418843,0.42825982,0
83504000,83504000,197388,0.03222066,-0.20844045,0.4278422,0
83636000,83575272,197388,0.026293114,-0.214962,0.42979574,0
83648000,83648000,197388,0.029651418,-0.21763454,0.4275826,0
83780000,83719636,197388,0.026085159,-0.2141012,0.43085274,0
83792000,83792000,197388,0.029359518,-0.21448478,0.41846713,0
83924000,83863272,197388,0.026017325,-0.21553044,0.42968976,0
83936000,83936000,197388,0.023160277,-0.21825908,0.43191144,0
84068000,84008000,197388,0.0263924,-0.2142206,0.42923152,0
84080000,84080000,197388,0.026854802,-0.21460615,0.43264088,0
84212000,84151636,197388,0.027935086,-0.21292575,0.42902142,0
84224000,84224000,197388,0.033708107,-0.22058769,0.4255063,0
84356000,84295272,197388,0.025844097,-0.21568993,0.42818812,0
84368000,84368000,197388,0.026776494,-0.21806379,0.42456707,0
84500000,84439636,197388,0.026305674,-0.21502718,0.43051773,0
84512000,84512000,197388,0.018150896,-0.20527498,0.4276027,0
84640000,84582909,197388,0.026454713,-0.21759933,0.42914805,0
84656000,84656000,197388,0.024971128,-0.21758144,0.42995402,0
84788000,84728000,197388,0.027326684,-0.21523184,0.43055558,0
84800000,84800000,197388,0.027167188,-0.21254571,0.43229702,0
84932000,84871636,197388,0.026681922,-0.21482937,0.43011755,0
84944000,84944000,197388,0.022969715,-0.2178107,0.43079,0
85076000,85016000,197388,0.026136955,-0.21565564,0.42956388,0
85088000,85088000,197388,0.029938295,-0.21380688,0.42789212,0
85220000,85160000,197388,0.027328536,-0.21354927,0.42927375,0
85232000,85232000,197388,0.03239715,-0.21292236,0.42838767,0
85364000,85303636,197388,0.026316527,-0.21596979,0.42879587,0
85376000,85376000,197388,0.03232781,-0.22070171,0.42706174,0
85508000,85448000,197388,0.027117524,-0.2145505,0.43054637,0
85520000,85520000,197388,0.016210504,-0.21823622,0.42754024,0
85652000,85591272,197388,0.02654703,-0.21497802,0.42827234,0
85664000,85664000,197388,0.028190408,-0.21235323,0.42523688,0
85792000,85735636,197388,0.02904373,-0.21555217,0.4308076,0
85808000,85808000,197388,0.028877197,-0.21630566,0.42915106,0
85940000,85879636,197388,0.026227448,-0.21623954,0.42976588,0
85952000,85952000,197388,0.03135965,-0.21306063,0.43255544,0
86084000,86023636,197388,0.028418299,-0.21380939,0.4278854,0
86096000,86096000,197388,0.029918324,-0.21989125,0.43031368,0
86224000,86166909,197388,0.028219676,-0.21610783,0.42729092,0
86240000,86240000,197388,0.019094234,-0.2150264,0.43225995,0
86372000,86310909,197388,0.02659311,-0.21677157,0.42962366,0
86384000,86384000,197388,0.026925826,-0.21177113,0.4272164,0
86512000,86455636,197388,0.027605144,-0.21591859,0.43017206,0
86528000,86528000,197388,0.024181323,-0.20993218,0.43429095,0
86660000,86600000,197388,0.029186204,-0.2135476,0.4300617,0
86672000,86672000,197388,0.029553844,-0.2131598,0.4325213,0
86804000,86744000,197388,0.027867546,-0.21353106,0.4295625,0
86816000,86816000,197388,0.027326522,-0.22147506,0.43569124,0
86948000,86887636,197388,0.027047614,-0.2136834,0.42897707,0
86960000,86960000,197388,0.025632298,-0.2153377,0.42269048,0
87092000,87031636,197388,0.025205063,-0.21633372,0.42830825,0
87104000,87104000,197388,0.028944496,-0.21812122,0.42869344,0
87232000,87175636,197388,0.025539333,-0.2171412,0.42732796,0
87248000,87248000,197388,0.026900055,-0.21464504,0.43527097,0
87380000,87319636,197388,0.027942538,-0.21471076,0.4294481,0
87392000,87392000,197388,0.033176064,-0.220229,0.42321336,0
87524000,87462909,197388,0.02550655,-0.21592462,0.42817095,0
87536000,87536000,197388,0.024475833,-0.21441403,0.43859738,0
87664000,87606545,197388,0.025402913,-0.2155774,0.42902344,0
87680000,87680000,197388,0.026638709,-0.21271817,0.43062568,0
87812000,87752000,197388,0.0251847,-0.213294,0.43025947,0
87824000,87824000,197388,0.02664428,-0.21774852,0.4302345,0
87952000,87894181,197388,0.026116913,-0.21542835,0.42912206,0
87968000,87968000,197388,0.02880014,-0.21273005,0.42935744,0
88096000,88038909,197388,0.030221835,-0.2170723,0.42874247,0
88112000,88112000,197388,0.021393627,-0.2163149,0.42899245,0
88244000,88183636,197388,0.025597826,-0.21368174,0.43003267,0
88256000,88256000,197388,0.03211356,-0.21152566,0.4311761,0
88388000,88326909,197388,0.02570139,-0.21313399,0.42925447,0
88400000,88400000,197388,0.027301032,-0.21536382,0.42388308,0
88532000,88472000,197388,0.028947717,-0.21628527,0.42846382,0
88544000,88544000,197388,0.027536724,-0.21960713,0.4351431,0
88676000,88615272,197388,0.026943326,-0.21593998,0.4281361,0
88688000,88688000,197388,0.023802983,-0.21954188,0.42551813,0
88820000,88760000,197388,0.026486568,-0.21423905,0.42937493,0
88832000,88832000,197388,0.020208372,-0.21216238,0.4308968,0
88964000,88904000,197388,0.02606924,-0.2134469,0.42951763,0
88976000,88976000,197388,0.020970412,-0.20971043,0.42819676,0
89108000,89047272,197388,0.026909295,-0.21381786,0.42922744,0
89120000,89120000,197388,0.023270013,-0.21754967,0.42169714,0
89252000,89191636,197388,0.027195975,-0.21389744,0.42727372,0
89260000,89260000,197388,0.023239095,-0.2105684,0.422395,0
89384000,89329600,197388,0.026820544,-0.21337426,0.42969495,0
89408000,89400000,197388,0.027184097,-0.21718228,0.42843446,0
89512000,89466666,197388,0.026489237,-0.21583824,0.42792594,0
89540000,89534000,197388,0.024839826,-0.21540841,0.42979002,0
89656000,89605600,197388,0.025844196,-0.21379156,0.42887145,0
89680000,89676000,197388,0.028145988,-0.21175432,0.4318753,0
89792000,89744000,197388,0.025216902,-0.21468824,0.43020082,0
89828000,89814666,197388,0.02398046,-0.21448997,0.42831188,0
89924000,89881500,197388,0.027612768,-0.2139234,0.4285627,0
89972000,89954000,197388,0.027242433,-0.21539325,0.42690235,0
90064000,90025500,197388,0.028301945,-0.21521503,0.42968702,0
90116000,90098000,197388,0.028102702,-0.21531612,0.436368,0
90212000,90169000,197388,0.026252396,-0.21345508,0.42967808,0
90260000,90241000,197388,0.02689476,-0.21098101,0.42842257,0
90356000,90313500,197388,0.027658977,-0.2142442,0.430077,0
90400000,90384000,197388,0.026236348,-0.21190621,0.42773953,0
90488000,90451428,197388,0.028917553,-0.21387,0.43011153,0
90548000,90524000,197388,0.02750865,-0.21619809,0.4307823,0
90632000,90596000,197388,0.02517421,-0.21447791,0.42926395,0
90692000,90668000,197388,0.027988402,-0.21441141,0.42886123,0
90776000,90738857,197388,0.025943108,-0.21520057,0.42970476,0
90836000,90811200,197388,0.027150322,-0.2171808,0.42972594,0
90908000,90878000,197388,0.026445553,-0.2136104,0.42986163,0
90976000,90949333,197388,0.025904171,-0.21442424,0.42976713,0
91040000,91016000,197388,0.030545145,-0.21354358,0.4291601,0
91124000,91088000,197388,0.028620662,-0.2143018,0.4283075,0
91184000,91159200,197388,0.027847666,-0.21495545,0.42773205,0
91256000,91226000,197388,0.025955476,-0.21271622,0.43082392,0
91328000,91297333,197388,0.0268218,-0.2128748,0.42853293,0
91400000,91369333,197388,0.0262161,-0.21568082,0.43026966,0
91460000,91436000,197388,0.027931482,-0.21637873,0.42961428,0
91544000,91507428,197388,0.029130522,-0.21358392,0.42790136,0
91604000,91580000,197388,0.02838046,-0.21343699,0.42861867,0
91688000,91652000,197388,0.027149107,-0.21362308,0.42894086,0
91744000,91722400,197388,0.024970543,-0.21585791,0.42870006,0
91832000,91794857,197388,0.029738106,-0.21585977,0.43327317,0
91880000,91862000,197388,0.030492552,-0.21572597,0.4282915,0
91976000,91933500,197388,0.026289834,-0.21413594,0.43007532,0
92024000,92006000,197388,0.027658286,-0.21304536,0.42647067,0
92120000,92077500,197388,0.026336987,-0.21292886,0.42915532,0
92168000,92149000,197388,0.02428734,-0.21258843,0.42925924,0
92264000,92221500,197388,0.027508508,-0.21327418,0.42794737,0
92308000,92293000,197388,0.024632119,-0.21445826,0.4330054,0
92408000,92365500,197388,0.025097111,-0.21229893,0.42915496,0
92456000,92437000,197388,0.021454941,-0.21576664,0.4300531,0
92552000,92509500,197388,0.025861053,-0.21613607,0.4266111,0
92600000,92582000,197388,0.025030842,-0.21103038,0.42881286,0
92696000,92654000,197388,0.02606482,-0.2128642,0.42718944,0
92744000,92725000,197388,0.023800487,-0.21675122,0.43070382,0
92840000,92797500,197388,0.025496269,-0.21594939,0.43032232,0
92888000,92869000,197388,0.027075946,-0.21491536,0.43180913,0
92984000,92941500,197388,0.027562963,-0.21661909,0.42770153,0
93032000,93013000,197388,0.026076708,-0.21360765,0.42927736,0
93116000,93080000,197388,0.028753063,-0.21441251,0.4287681,0
93176000,93150400,197388,0.02776896,-0.21427262,0.428392,0
93248000,93217333,197388,0.026347052,-0.21494126,0.4278849,0
93308000,93284000,197388,0.027584547,-0.21436527,0.4308711,0
93392000,93355428,197388,0.025315003,-0.21537666,0.42978275,0
93452000,93425600,197388,0.025906354,-0.21608303,0.42669845,0
93524000,93494000,197388,0.026904333,-0.21312594,0.4297818,0
93596000,93566000,197388,0.03097143,-0.21406923,0.43237472,0
93664000,93636666,197388,0.027258258,-0.2134389,0.42990607,0
93736000,93708666,197388,0.029689461,-0.21362305,0.43159932,0
93800000,93776000,197388,0.02916733,-0.21544972,0.43289185,0
93884000,93846857,197388,0.026517037,-0.21250793,0.43023902,0
93932000,93914000,197388,0.026513994,-0.21357882,0.4290241,0
94024000,93985000,197388,0.027802335,-0.21272777,0.42858797,0
94064000,94052000,197388,0.022810912,-0.21561202,0.43030757,0
94172000,94122666,197388,0.02765762,-0.21477002,0.4298769,0
94196000,94190000,197388,0.023961116,-0.22035897,0.42805475,0
94316000,94262000,197388,0.025065208,-0.21380833,0.42843047,0
94340000,94334000,197388,0.030366287,-0.21000347,0.43032193,0
94456000,94405600,197388,0.025363421,-0.21610947,0.42928225,0
94484000,94478000,197388,0.02505809,-0.2192142,0.4266772,0
94604000,94549600,197388,0.025826642,-0.21455398,0.42697272,0
94624000,94620000,197388,0.023513574,-0.21451074,0.42958575,0
94736000,94687555,197388,0.026239693,-0.21587715,0.42717847,0
94772000,94758666,197388,0.027305465,-0.21543352,0.42986935,0
94864000,94825500,197388,0.026238408,-0.21570349,0.4303717,0
94916000,94898000,197388,0.027277332,-0.21665531,0.4303894,0
95012000,94969500,197388,0.027648766,-0.21646428,0.42998874,0
95060000,95042000,197388,0.027769022,-0.21641596,0.42944843,0
95156000,95114000,197388,0.02670664,-0.21518603,0.42741787,0
95204000,95186000,197388,0.025963183,-0.21723531,0.42691082,0
95300000,95257500,197388,0.028587041,-0.21958303,0.42854568,0
95348000,95330000,197388,0.027318338,-0.21703732,0.4259293,0
95440000,95401500,197388,0.026158253,-0.21573241,0.43088424,0
95492000,95474000,197388,0.02671021,-0.21720111,0.42848286,0
95588000,95545500,197388,0.027601479,-0.2152911,0.42966977,0
95632000,95617000,197388,0.02672145,-0.21833031,0.43181273,0
95720000,95684000,197388,0.02534919,-0.21592118,0.42648798,0
95780000,95756000,197388,0.029839724,-0.21790753,0.42917117,0
95864000,95828000,197388,0.027947256,-0.21606699,0.42950967,0
95924000,95900000,197388,0.025719885,-0.2192895,0.4276498,0
96008000,95972000,197388,0.023083659,-0.21778643,0.42645347,0
96068000,96044000,197388,0.02852363,-0.21353777,0.4280603,0
96152000,96116000,197388,0.025821658,-0.21520261,0.4291624,0
96212000,96188000,197388,0.025281245,-0.2174826,0.4303007,0
96296000,96260000,197388,0.02666655,-0.21952564,0.42953733,0
96356000,96331200,197388,0.026537871,-0.21391864,0.4280102,0
96440000,96403428,197388,0.027938355,-0.21601585,0.4312474,0
96500000,96476000,197388,0.028438747,-0.2143083,0.42766148,0
96584000,96548000,197388,0.026739966,-0.21539728,0.4293033,0
96644000,96620000,197388,0.026462806,-0.21741724,0.42838547,0
96728000,96691428,197388,0.029488394,-0.21691057,0.42798212,0
96788000,96764000,197388,0.025830185,-0.2152907,0.42611647,0
96872000,96836000,197388,0.02546213,-0.21620853,0.42924944,0
96932000,96907200,197388,0.028088277,-0.21934175,0.42861357,0
97004000,96974000,197388,0.026458189,-0.21659504,0.42642626,0
97072000,97044666,197388,0.025404152,-0.21560661,0.4244537,0
97148000,97116666,197388,0.029903924,-0.21570289,0.42870998,0
97208000,97184000,197388,0.02673184,-0.21724148,0.42556342,0
97292000,97256000,197388,0.028289072,-0.21651101,0.429574,0
97348000,97326400,197388,0.028079484,-0.2138898,0.42925802,0
97424000,97394000,197388,0.026247127,-0.21418469,0.42715728,0
97496000,97465333,197388,0.02641813,-0.21421582,0.42832443,0
97568000,97537333,197388,0.025027124,-0.21646729,0.42739552,0
97640000,97609333,197388,0.02813789,-0.21636584,0.42594275,0
97700000,97676000,197388,0.024855679,-0.21680768,0.43040434,0
97784000,97748000,197388,0.027049562,-0.21752784,0.42934498,0
97840000,97818400,197388,0.02729489,-0.21702445,0.4262652,0
97916000,97885333,197388,0.027678646,-0.21769682,0.42840406,0
97988000,97957333,197388,0.028246855,-0.21561033,0.4275061,0
98056000,98028666,197388,0.02631941,-0.2132017,0.42867416,0
98120000,98096000,197388,0.026441494,-0.21601915,0.42452413,0
98200000,98166857,197388,0.02753688,-0.21487905,0.42724478,0
98264000,98239200,197388,0.026441684,-0.21839128,0.4298091,0
98336000,98306000,197388,0.02875573,-0.21410649,0.4280804,0
98408000,98378000,197388,0.027339533,-0.21449259,0.42886803,0
98480000,98450000,197388,0.02826333,-0.21531324,0.42724013,0
98552000,98522000,197388,0.02580314,-0.21678495,0.42992386,0
98624000,98593333,197388,0.027167939,-0.21567635,0.4282076,0
98696000,98664000,197388,0.027308654,-0.2147293,0.42977554,0
98756000,98732000,197388,0.028285278,-0.2143384,0.42771316,0
98840000,98803428,197388,0.025642468,-0.21581602,0.42778894,0
98900000,98876000,197388,0.024302514,-0.21128224,0.42644086,0
98984000,98947428,197388,0.027228627,-0.21568257,0.42856044,0
99044000,99019200,197388,0.027454166,-0.21711484,0.42873406,0
99128000,99091428,197388,0.026552338,-0.21582457,0.43024528,0
99188000,99164000,197388,0.025344202,-0.21655785,0.42968035,0
99272000,99236000,197388,0.027881624,-0.21516205,0.42893013,0
99332000,99308000,197388,0.02501127,-0.2146662,0.42816973,0
99416000,99378857,197388,0.023046918,-0.22101524,0.42789608,0
99464000,99446000,197388,0.016177312,-0.22353098,0.423452,0
99560000,99518000,197388,0.013434883,-0.2294173,0.4202454,0
99608000,99589000,197388,0.0114055425,-0.23114476,0.41762412,0
99704000,99661500,197388,0.011384912,-0.23141451,0.42074922,0
99752000,99734000,197388,0.013118925,-0.23193564,0.42010498,0
99848000,99805500,197388,0.014764377,-0.22972892,0.42100468,0
99896000,99877000,197388,0.013486452,-0.22955291,0.41796276,0
99992000,99949500,197388,0.014108598,-0.23065674,0.42377907,0
100040000,100022000,197388,0.013024796,-0.22886893,0.42086655,0
100136000,100093500,197388,0.014851989,-0.22887926,0.42176685,0
100184000,100165000,197388,0.017042615,-0.22989461,0.4198082,0
100268000,100232000,197388,0.014141044,-0.23130217,0.42002574,0
100328000,100304000,197388,0.0146055585,-0.22987008,0.4235011,0
100412000,100376000,197388,0.012903719,-0.23134753,0.42132932,0
100472000,100447200,197388,0.013401853,-0.2289083,0.4232238,0
100544000,100514000,197388,0.012927896,-0.23085347,0.41934717,0
100616000,100586000,197388,0.014761875,-0.22864866,0.4192317,0
100688000,100658000,197388,0.012127724,-0.22958541,0.42449865,0
100760000,100728666,197388,0.013766258,-0.22932637,0.42232236,0
100832000,100801333,197388,0.0140063185,-0.2297431,0.42250335,0
100892000,100868000,197388,0.012467042,-0.229677,0.41985628,0
100976000,100938857,197388,0.015388962,-0.22853856,0.4239696,0
101024000,101006000,197388,0.014934223,-0.23085022,0.41989863,0
101120000,101078000,197388,0.015867256,-0.23059922,0.42065355,0
101168000,101150000,197388,0.017095216,-0.22853605,0.42124265,0
101264000,101222000,197388,0.015261476,-0.22838646,0.42155963,0
101312000,101293000,197388,0.01377587,-0.23194274,0.4235044,0
101408000,101365000,197388,0.013095906,-0.23224872,0.422015,0
101456000,101437000,197388,0.015237145,-0.22863153,0.4205741,0
101540000,101504000,197388,0.01416081,-0.23065834,0.4217405,0
101600000,101576000,197388,0.012990775,-0.22881715,0.42175823,0
101684000,101647428,197388,0.015754402,-0.23089948,0.4229879,0
101744000,101720000,197388,0.016363045,-0.22957146,0.42028442,0
101828000,101791428,197388,0.016216442,-0.2275675,0.42170158,0
101888000,101864000,197388,0.014256397,-0.22966461,0.42168546,0
101972000,101936000,197388,0.014940602,-0.22982761,0.4258167,0
102032000,102008000,197388,0.017902134,-0.22816034,0.42008,0
102116000,102080000,197388,0.012758817,-0.22675896,0.42130658,0
102176000,102151200,197388,0.015708644,-0.22835724,0.42160794,0
102260000,102223428,197388,0.020176046,-0.22588155,0.42317352,0
102320000,102295200,197388,0.023404427,-0.21200974,0.42796513,0
102392000,102362000,197388,0.02631343,-0.21508674,0.4281069,0
102464000,102432666,197388,0.0260882,-0.21562211,0.43252814,0
102536000,102504666,197388,0.027251825,-0.21750282,0.42903453,0
102608000,102576666,197388,0.026409334,-0.2157834,0.42914838,0
102668000,102644000,197388,0.025788242,-0.21550305,0.4273447,0
102752000,102716000,197388,0.024969433,-0.21629658,0.42907465,0
102812000,102787200,197388,0.025540153,-0.21743397,0.4277625,0
102884000,102854000,197388,0.025500849,-0.21411836,0.42925152,0
102956000,102925333,197388,0.02296367,-0.21405816,0.42790538,0
103024000,102996666,197388,0.02474035,-0.21639776,0.42659432,0
103088000,103064000,197388,0.026514024,-0.21645796,0.43470308,0
103172000,103135428,197388,0.030132834,-0.21675207,0.42909378,0
103232000,103208000,197388,0.026544994,-0.21562412,0.42769885,0
103312000,103279428,197388,0.028028911,-0.21479385,0.42762533,0
103376000,103351200,197388,0.026257306,-0.21653219,0.42893764,0
103460000,103423428,197388,0.02768943,-0.21430965,0.4299666,0
103520000,103495200,197388,0.028518323,-0.21648727,0.42879367,0
103592000,103562000,197388,0.028913325,-0.21646808,0.42993173,0
103664000,103634000,197388,0.027745843,-0.2164939,0.4292209,0
103736000,103705333,197388,0.027801525,-0.21577948,0.42925918,0
103796000,103772000,197388,0.029051065,-0.21261136,0.42930093,0
103880000,103842857,197388,0.024953729,-0.21460311,0.4314087,0
103928000,103910000,197388,0.029404324,-0.21411395,0.4294727,0
104024000,103982000,197388,0.025552975,-0.2150472,0.4297966,0
104072000,104053000,197388,0.027437743,-0.21401161,0.4327736,0
104168000,104125500,197388,0.025570337,-0.21544006,0.43085682,0
104216000,104198000,197388,0.026363669,-0.2134802,0.43271047,0
104312000,104269500,197388,0.028519774,-0.21447046,0.4297155,0
104360000,104342000,197388,0.027629657,-0.21228898,0.431679,0
104456000,104413000,197388,0.026475485,-0.21626614,0.4289772,0
104492000,104480000,197388,0.027225746,-0.2154517,0.42838702,0
104600000,104552000,197388,0.026627123,-0.21519955,0.42980477,0
104636000,104624000,197388,0.02710918,-0.21280146,0.43154645,0
104744000,104695111,197388,0.02711567,-0.21627279,0.42745942,0
104768000,104762000,197388,0.029839413,-0.21586783,0.43011624,0
104888000,104834000,197388,0.026046405,-0.21683152,0.429138,0
104912000,104906000,197388,0.026254188,-0.21599852,0.42423347,0
105032000,104977600,197388,0.025247384,-0.214244,0.43068227,0
105056000,105050000,197388,0.026907757,-0.21222241,0.42673105,0
105176000,105121600,197388,0.026678696,-0.21689573,0.42956874,0
105200000,105192000,197388,0.02767969,-0.21623024,0.43099338,0
105304000,105259555,197388,0.025742495,-0.2157777,0.42928195,0
105344000,105332000,197388,0.023690712,-0.21580616,0.42663485,0
105452000,105402666,197388,0.02593756,-0.21502975,0.42793274,0
105476000,105470000,197388,0.025681222,-0.21247718,0.42592207,0
105596000,105542000,197388,0.027150242,-0.21594162,0.43064472,0
105616000,105612000,197388,0.03124294,-0.21591145,0.42827582,0
105728000,105679555,197388,0.024814136,-0.21516392,0.42954937,0
105764000,105752000,197388,0.03137134,-0.21602754,0.42740187,0
105872000,105823555,197388,0.027499197,-0.21597587,0.42847988,0
105908000,105896000,197388,0.030824026,-0.21443598,0.4285713,0
106016000,105967111,197388,0.026141563,-0.21502034,0.42799416,0
106040000,106034000,197388,0.02574189,-0.21657252,0.4272218,0
106160000,106105600,197388,0.027127653,-0.21497202,0.42735162,0
106184000,106178000,197388,0.027831195,-0.21294075,0.42491025,0
106304000,106249200,197388,0.024907583,-0.2152425,0.4309178,0
106328000,106320000,197388,0.031570546,-0.21799287,0.42644414,0
106436000,106387111,197388,0.026185462,-0.21656412,0.4281469,0
106460000,106454000,197388,0.021590265,-0.21575108,0.42940646,0
106580000,106525200,197388,0.026575092,-0.21404819,0.43077812,0
106592000,106592000,197388,0.02798868,-0.21508035,0.42219523,0
106724000,106663636,197388,0.025073975,-0.21388835,0.4285625,0
106736000,106736000,197388,0.025734037,-0.2127743,0.4181575,0
106868000,106808000,197388,0.025273297,-0.21447104,0.43101162,0
