timestamp,armed_time,takeoff_time,nav_state_timestamp,failure_detector_status,arming_state,latest_arming_reason,latest_disarming_reason,nav_state_user_intention,nav_state,hil_state,vehicle_type,failsafe,failsafe_and_user_took_over,gcs_connection_lost,gcs_connection_lost_counter,high_latency_data_link_lost,is_vtol,is_vtol_tailsitter,in_transition_mode,in_transition_to_fw,system_type,system_id,component_id,safety_button_available,safety_off,power_input_valid,usb_connected,open_drone_id_system_present,open_drone_id_system_healthy,parachute_system_present,parachute_system_healthy,avoidance_system_required,avoidance_system_valid,rc_calibration_in_progress,calibration_enabled,pre_flight_checks_pass
256000,0,0,244000,0,1,0,0,4,4,0,1,0,0,1,0,0,0,0,0,0,2,1,1,1,1,1,0,0,0,0,0,0,0,0,0,0
760000,0,0,244000,0,1,0,0,4,4,0,1,0,0,1,0,0,0,0,0,0,2,1,1,1,1,1,0,0,0,0,0,0,0,0,0,0
1000000,0,0,244000,0,1,0,0,4,4,0,1,0,0,1,0,0,0,0,0,0,2,1,1,1,1,1,0,0,0,0,0,0,0,0,0,0
1504000,0,0,244000,0,1,0,0,4,4,0,1,0,0,1,0,0,0,0,0,0,2,1,1,1,1,1,0,0,0,0,0,0,0,0,0,0
2008000,0,0,244000,0,1,0,0,4,4,0,1,0,0,1,0,0,0,0,0,0,2,1,1,1,1,1,0,0,0,0,0,0,0,0,0,0
2512000,0,0,244000,0,1,0,0,4,4,0,1,0,0,1,0,0,0,0,0,0,2,1,1,1,1,1,0,0,0,0,0,0,0,0,0,0
2524000,0,0,244000,0,1,0,0,4,4,0,1,0,0,0,0,0,0,0,0,0,2,1,1,1,1,1,0,0,0,0,0,0,0,0,0,0
3028000,0,0,244000,0,1,0,0,4,4,0,1,0,0,0,0,0,0,0,0,0,2,1,1,1,1,1,0,0,0,0,0,0,0,0,0,0
3532000,0,0,244000,0,1,0,0,4,4,0,1,0,0,0,0,0,0,0,0,0,2,1,1,1,1,1,0,0,0,0,0,0,0,0,0,0
4036000,0,0,244000,0,1,0,0,4,4,0,1,0,0,0,0,0,0,0,0,0,2,1,1,1,1,1,0,0,0,0,0,0,0,0,0,0
4540000,0,0,244000,0,1,0,0,4,4,0,1,0,0,0,0,0,0,0,0,0,2,1,1,1,1,1,0,0,0,0,0,0,0,0,0,0
5044000,0,0,244000,0,1,0,0,4,4,0,1,0,0,0,0,0,0,0,0,0,2,1,1,1,1,1,0,0,0,0,0,0,0,0,0,0
5548000,0,0,244000,0,1,0,0,4,4,0,1,0,0,0,0,0,0,0,0,0,2,1,1,1,1,1,0,0,0,0,0,0,0,0,0,0
6052000,0,0,244000,0,1,0,0,4,4,0,1,0,0,0,0,0,0,0,0,0,2,1,1,1,1,1,0,0,0,0,0,0,0,0,0,0
6556000,0,0,244000,0,1,0,0,4,4,0,1,0,0,0,0,0,0,0,0,0,2,1,1,1,1,1,0,0,0,0,0,0,0,0,0,0
7060000,0,0,244000,0,1,0,0,4,4,0,1,0,0,0,0,0,0,0,0,0,2,1,1,1,1,1,0,0,0,0,0,0,0,0,0,0
7564000,0,0,244000,0,1,0,0,4,4,0,1,0,0,0,0,0,0,0,0,0,2,1,1,1,1,1,0,0,0,0,0,0,0,0,0,0
7816000,0,0,244000,0,1,0,0,4,4,0,1,0,0,0,0,0,0,0,0,0,2,1,1,1,1,1,0,0,0,0,0,0,0,0,0,1
8320000,0,0,244000,0,1,0,0,4,4,0,1,0,0,0,0,0,0,0,0,0,2,1,1,1,1,1,0,0,0,0,0,0,0,0,0,1
8824000,0,0,244000,0,1,0,0,4,4,0,1,0,0,0,0,0,0,0,0,0,2,1,1,1,1,1,0,0,0,0,0,0,0,0,0,1
9328000,0,0,244000,0,1,0,0,4,4,0,1,0,0,0,0,0,0,0,0,0,2,1,1,1,1,1,0,0,0,0,0,0,0,0,0,1
9832000,0,0,244000,0,1,0,0,4,4,0,1,0,0,0,0,0,0,0,0,0,2,1,1,1,1,1,0,0,0,0,0,0,0,0,0,1
10336000,0,0,244000,0,1,0,0,4,4,0,1,0,0,0,0,0,0,0,0,0,2,1,1,1,1,1,0,0,0,0,0,0,0,0,0,1
10840000,0,0,244000,0,1,0,0,4,4,0,1,0,0,0,0,0,0,0,0,0,2,1,1,1,1,1,0,0,0,0,0,0,0,0,0,1
11344000,0,0,244000,0,1,0,0,4,4,0,1,0,0,0,0,0,0,0,0,0,2,1,1,1,1,1,0,0,0,0,0,0,0,0,0,1
11848000,0,0,244000,0,1,0,0,4,4,0,1,0,0,0,0,0,0,0,0,0,2,1,1,1,1,1,0,0,0,0,0,0,0,0,0,1
12352000,0,0,244000,0,1,0,0,4,4,0,1,0,0,0,0,0,0,0,0,0,2,1,1,1,1,1,0,0,0,0,0,0,0,0,0,1
12856000,0,0,244000,0,1,0,0,4,4,0,1,0,0,0,0,0,0,0,0,0,2,1,1,1,1,1,0,0,0,0,0,0,0,0,0,1
13360000,0,0,244000,0,1,0,0,4,4,0,1,0,0,0,0,0,0,0,0,0,2,1,1,1,1,1,0,0,0,0,0,0,0,0,0,1
13864000,0,0,244000,0,1,0,0,4,4,0,1,0,0,0,0,0,0,0,0,0,2,1,1,1,1,1,0,0,0,0,0,0,0,0,0,1
14368000,0,0,244000,0,1,0,0,4,4,0,1,0,0,0,0,0,0,0,0,0,2,1,1,1,1,1,0,0,0,0,0,0,0,0,0,1
14872000,0,0,244000,0,1,0,0,4,4,0,1,0,0,0,0,0,0,0,0,0,2,1,1,1,1,1,0,0,0,0,0,0,0,0,0,1
15376000,0,0,244000,0,1,0,0,4,4,0,1,0,0,0,0,0,0,0,0,0,2,1,1,1,1,1,0,0,0,0,0,0,0,0,0,1
15880000,0,0,244000,0,1,0,0,4,4,0,1,0,0,0,0,0,0,0,0,0,2,1,1,1,1,1,0,0,0,0,0,0,0,0,0,1
16384000,0,0,244000,0,1,0,0,4,4,0,1,0,0,0,0,0,0,0,0,0,2,1,1,1,1,1,0,0,0,0,0,0,0,0,0,1
16888000,0,0,244000,0,1,0,0,4,4,0,1,0,0,0,0,0,0,0,0,0,2,1,1,1,1,1,0,0,0,0,0,0,0,0,0,1
17392000,0,0,244000,0,1,0,0,4,4,0,1,0,0,0,0,0,0,0,0,0,2,1,1,1,1,1,0,0,0,0,0,0,0,0,0,1
17896000,0,0,244000,0,1,0,0,4,4,0,1,0,0,0,0,0,0,0,0,0,2,1,1,1,1,1,0,0,0,0,0,0,0,0,0,1
18400000,0,0,244000,0,1,0,0,4,4,0,1,0,0,0,0,0,0,0,0,0,2,1,1,1,1,1,0,0,0,0,0,0,0,0,0,1
18904000,0,0,244000,0,1,0,0,4,4,0,1,0,0,0,0,0,0,0,0,0,2,1,1,1,1,1,0,0,0,0,0,0,0,0,0,1
19408000,0,0,244000,0,1,0,0,4,4,0,1,0,0,0,0,0,0,0,0,0,2,1,1,1,1,1,0,0,0,0,0,0,0,0,0,1
19912000,0,0,244000,0,1,0,0,4,4,0,1,0,0,0,0,0,0,0,0,0,2,1,1,1,1,1,0,0,0,0,0,0,0,0,0,1
20416000,0,0,244000,0,1,0,0,4,4,0,1,0,0,0,0,0,0,0,0,0,2,1,1,1,1,1,0,0,0,0,0,0,0,0,0,1
20920000,0,0,244000,0,1,0,0,4,4,0,1,0,0,0,0,0,0,0,0,0,2,1,1,1,1,1,0,0,0,0,0,0,0,0,0,1
21424000,0,0,244000,0,1,0,0,4,4,0,1,0,0,0,0,0,0,0,0,0,2,1,1,1,1,1,0,0,0,0,0,0,0,0,0,1
21928000,0,0,244000,0,1,0,0,4,4,0,1,0,0,0,0,0,0,0,0,0,2,1,1,1,1,1,0,0,0,0,0,0,0,0,0,1
22432000,0,0,244000,0,1,0,0,4,4,0,1,0,0,0,0,0,0,0,0,0,2,1,1,1,1,1,0,0,0,0,0,0,0,0,0,1
22936000,0,0,244000,0,1,0,0,4,4,0,1,0,0,0,0,0,0,0,0,0,2,1,1,1,1,1,0,0,0,0,0,0,0,0,0,1
23440000,0,0,244000,0,1,0,0,4,4,0,1,0,0,0,0,0,0,0,0,0,2,1,1,1,1,1,0,0,0,0,0,0,0,0,0,1
23632000,0,0,244000,0,1,0,0,4,4,0,1,0,0,0,0,0,0,0,0,0,2,1,1,1,1,1,0,0,0,0,0,0,0,0,0,1
24136000,0,0,244000,0,1,0,0,4,4,0,1,0,0,0,0,0,0,0,0,0,2,1,1,1,1,1,0,0,0,0,0,0,0,0,0,1
24640000,0,0,244000,0,1,0,0,4,4,0,1,0,0,0,0,0,0,0,0,0,2,1,1,1,1,1,0,0,0,0,0,0,0,0,0,1
25144000,0,0,244000,0,1,0,0,4,4,0,1,0,0,0,0,0,0,0,0,0,2,1,1,1,1,1,0,0,0,0,0,0,0,0,0,1
25648000,0,0,244000,0,1,0,0,4,4,0,1,0,0,0,0,0,0,0,0,0,2,1,1,1,1,1,0,0,0,0,0,0,0,0,0,1
26152000,0,0,244000,0,1,0,0,4,4,0,1,0,0,0,0,0,0,0,0,0,2,1,1,1,1,1,0,0,0,0,0,0,0,0,0,1
26656000,0,0,244000,0,1,0,0,4,4,0,1,0,0,0,0,0,0,0,0,0,2,1,1,1,1,1,0,0,0,0,0,0,0,0,0,1
27160000,0,0,244000,0,1,0,0,4,4,0,1,0,0,0,0,0,0,0,0,0,2,1,1,1,1,1,0,0,0,0,0,0,0,0,0,1
27664000,0,0,244000,0,1,0,0,4,4,0,1,0,0,0,0,0,0,0,0,0,2,1,1,1,1,1,0,0,0,0,0,0,0,0,0,1
28168000,0,0,244000,0,1,0,0,4,4,0,1,0,0,0,0,0,0,0,0,0,2,1,1,1,1,1,0,0,0,0,0,0,0,0,0,1
28672000,0,0,244000,0,1,0,0,4,4,0,1,0,0,0,0,0,0,0,0,0,2,1,1,1,1,1,0,0,0,0,0,0,0,0,0,1
29176000,0,0,244000,0,1,0,0,4,4,0,1,0,0,0,0,0,0,0,0,0,2,1,1,1,1,1,0,0,0,0,0,0,0,0,0,1
29680000,0,0,244000,0,1,0,0,4,4,0,1,0,0,0,0,0,0,0,0,0,2,1,1,1,1,1,0,0,0,0,0,0,0,0,0,1
30184000,0,0,244000,0,1,0,0,4,4,0,1,0,0,0,0,0,0,0,0,0,2,1,1,1,1,1,0,0,0,0,0,0,0,0,0,1
30688000,0,0,244000,0,1,0,0,4,4,0,1,0,0,0,0,0,0,0,0,0,2,1,1,1,1,1,0,0,0,0,0,0,0,0,0,1
31192000,0,0,244000,0,1,0,0,4,4,0,1,0,0,0,0,0,0,0,0,0,2,1,1,1,1,1,0,0,0,0,0,0,0,0,0,1
31696000,0,0,244000,0,1,0,0,4,4,0,1,0,0,0,0,0,0,0,0,0,2,1,1,1,1,1,0,0,0,0,0,0,0,0,0,1
32200000,0,0,244000,0,1,0,0,4,4,0,1,0,0,0,0,0,0,0,0,0,2,1,1,1,1,1,0,0,0,0,0,0,0,0,0,1
32704000,0,0,244000,0,1,0,0,4,4,0,1,0,0,0,0,0,0,0,0,0,2,1,1,1,1,1,0,0,0,0,0,0,0,0,0,1
33208000,0,0,244000,0,1,0,0,4,4,0,1,0,0,0,0,0,0,0,0,0,2,1,1,1,1,1,0,0,0,0,0,0,0,0,0,1
33436000,0,0,244000,0,1,0,0,4,4,0,1,0,0,0,0,0,0,0,0,0,2,1,1,1,1,1,0,0,0,0,0,0,0,0,0,1
33448000,0,0,33448000,0,1,0,0,14,14,0,1,0,0,0,0,0,0,0,0,0,2,1,1,1,1,1,0,0,0,0,0,0,0,0,0,1
33952000,0,0,33448000,0,1,0,0,14,14,0,1,0,0,0,0,0,0,0,0,0,2,1,1,1,1,1,0,0,0,0,0,0,0,0,0,1
34456000,0,0,33448000,0,1,0,0,14,14,0,1,0,0,0,0,0,0,0,0,0,2,1,1,1,1,1,0,0,0,0,0,0,0,0,0,1
34960000,0,0,33448000,0,1,0,0,14,14,0,1,0,0,0,0,0,0,0,0,0,2,1,1,1,1,1,0,0,0,0,0,0,0,0,0,1
35464000,0,0,33448000,0,1,0,0,14,14,0,1,0,0,0,0,0,0,0,0,0,2,1,1,1,1,1,0,0,0,0,0,0,0,0,0,1
35968000,0,0,33448000,0,1,0,0,14,14,0,1,0,0,0,0,0,0,0,0,0,2,1,1,1,1,1,0,0,0,0,0,0,0,0,0,1
36472000,0,0,33448000,0,1,0,0,14,14,0,1,0,0,0,0,0,0,0,0,0,2,1,1,1,1,1,0,0,0,0,0,0,0,0,0,1
36976000,0,0,33448000,0,1,0,0,14,14,0,1,0,0,0,0,0,0,0,0,0,2,1,1,1,1,1,0,0,0,0,0,0,0,0,0,1
37480000,0,0,33448000,0,1,0,0,14,14,0,1,0,0,0,0,0,0,0,0,0,2,1,1,1,1,1,0,0,0,0,0,0,0,0,0,1
37984000,0,0,33448000,0,1,0,0,14,14,0,1,0,0,0,0,0,0,0,0,0,2,1,1,1,1,1,0,0,0,0,0,0,0,0,0,1
38488000,38488000,0,33448000,0,2,4,0,14,14,0,1,0,0,0,0,0,0,0,0,0,2,1,1,1,1,1,0,0,0,0,0,0,0,0,0,1
38992000,38488000,0,33448000,0,2,4,0,14,14,0,1,0,0,0,0,0,0,0,0,0,2,1,1,1,1,1,0,0,0,0,0,0,0,0,0,1
39496000,38488000,0,33448000,0,2,4,0,14,14,0,1,0,0,0,0,0,0,0,0,0,2,1,1,1,1,1,0,0,0,0,0,0,0,0,0,1
40000000,38488000,0,33448000,0,2,4,0,14,14,0,1,0,0,0,0,0,0,0,0,0,2,1,1,1,1,1,0,0,0,0,0,0,0,0,0,1
40504000,38488000,40276000,33448000,0,2,4,0,14,14,0,1,0,0,0,0,0,0,0,0,0,2,1,1,1,1,1,0,0,0,0,0,0,0,0,0,1
41008000,38488000,40276000,33448000,0,2,4,0,14,14,0,1,0,0,0,0,0,0,0,0,0,2,1,1,1,1,1,0,0,0,0,0,0,0,0,0,1
41512000,38488000,40276000,33448000,0,2,4,0,14,14,0,1,0,0,0,0,0,0,0,0,0,2,1,1,1,1,1,0,0,0,0,0,0,0,0,0,1
42016000,38488000,40276000,33448000,0,2,4,0,14,14,0,1,0,0,0,0,0,0,0,0,0,2,1,1,1,1,1,0,0,0,0,0,0,0,0,0,1
42520000,38488000,40276000,33448000,0,2,4,0,14,14,0,1,0,0,0,0,0,0,0,0,0,2,1,1,1,1,1,0,0,0,0,0,0,0,0,0,1
43024000,38488000,40276000,33448000,0,2,4,0,14,14,0,1,0,0,0,0,0,0,0,0,0,2,1,1,1,1,1,0,0,0,0,0,0,0,0,0,1
43528000,38488000,40276000,33448000,0,2,4,0,14,14,0,1,0,0,0,0,0,0,0,0,0,2,1,1,1,1,1,0,0,0,0,0,0,0,0,0,1
44032000,38488000,40276000,33448000,0,2,4,0,14,14,0,1,0,0,0,0,0,0,0,0,0,2,1,1,1,1,1,0,0,0,0,0,0,0,0,0,1
44536000,38488000,40276000,33448000,0,2,4,0,14,14,0,1,0,0,0,0,0,0,0,0,0,2,1,1,1,1,1,0,0,0,0,0,0,0,0,0,1
45040000,38488000,40276000,33448000,0,2,4,0,14,14,0,1,0,0,0,0,0,0,0,0,0,2,1,1,1,1,1,0,0,0,0,0,0,0,0,0,1
45544000,38488000,40276000,33448000,0,2,4,0,14,14,0,1,0,0,0,0,0,0,0,0,0,2,1,1,1,1,1,0,0,0,0,0,0,0,0,0,1
46048000,38488000,40276000,33448000,0,2,4,0,14,14,0,1,0,0,0,0,0,0,0,0,0,2,1,1,1,1,1,0,0,0,0,0,0,0,0,0,1
46552000,38488000,40276000,33448000,0,2,4,0,14,14,0,1,0,0,0,0,0,0,0,0,0,2,1,1,1,1,1,0,0,0,0,0,0,0,0,0,1
47056000,38488000,40276000,33448000,0,2,4,0,14,14,0,1,0,0,0,0,0,0,0,0,0,2,1,1,1,1,1,0,0,0,0,0,0,0,0,0,1
47560000,38488000,40276000,33448000,0,2,4,0,14,14,0,1,0,0,0,0,0,0,0,0,0,2,1,1,1,1,1,0,0,0,0,0,0,0,0,0,1
48064000,38488000,40276000,33448000,0,2,4,0,14,14,0,1,0,0,0,0,0,0,0,0,0,2,1,1,1,1,1,0,0,0,0,0,0,0,0,0,1
48568000,38488000,40276000,33448000,0,2,4,0,14,14,0,1,0,0,0,0,0,0,0,0,0,2,1,1,1,1,1,0,0,0,0,0,0,0,0,0,1
49072000,38488000,40276000,33448000,0,2,4,0,14,14,0,1,0,0,0,0,0,0,0,0,0,2,1,1,1,1,1,0,0,0,0,0,0,0,0,0,1
49576000,38488000,40276000,33448000,0,2,4,0,14,14,0,1,0,0,0,0,0,0,0,0,0,2,1,1,1,1,1,0,0,0,0,0,0,0,0,0,1
50080000,38488000,40276000,33448000,0,2,4,0,14,14,0,1,0,0,0,0,0,0,0,0,0,2,1,1,1,1,1,0,0,0,0,0,0,0,0,0,1
50584000,38488000,40276000,33448000,0,2,4,0,14,14,0,1,0,0,0,0,0,0,0,0,0,2,1,1,1,1,1,0,0,0,0,0,0,0,0,0,1
51088000,38488000,40276000,33448000,0,2,4,0,14,14,0,1,0,0,0,0,0,0,0,0,0,2,1,1,1,1,1,0,0,0,0,0,0,0,0,0,1
51592000,38488000,40276000,33448000,0,2,4,0,14,14,0,1,0,0,0,0,0,0,0,0,0,2,1,1,1,1,1,0,0,0,0,0,0,0,0,0,1
52096000,38488000,40276000,33448000,0,2,4,0,14,14,0,1,0,0,0,0,0,0,0,0,0,2,1,1,1,1,1,0,0,0,0,0,0,0,0,0,1
52600000,38488000,40276000,33448000,0,2,4,0,14,14,0,1,0,0,0,0,0,0,0,0,0,2,1,1,1,1,1,0,0,0,0,0,0,0,0,0,1
53104000,38488000,40276000,33448000,0,2,4,0,14,14,0,1,0,0,0,0,0,0,0,0,0,2,1,1,1,1,1,0,0,0,0,0,0,0,0,0,1
53608000,38488000,40276000,33448000,0,2,4,0,14,14,0,1,0,0,0,0,0,0,0,0,0,2,1,1,1,1,1,0,0,0,0,0,0,0,0,0,1
54112000,38488000,40276000,33448000,0,2,4,0,14,14,0,1,0,0,0,0,0,0,0,0,0,2,1,1,1,1,1,0,0,0,0,0,0,0,0,0,1
54616000,38488000,40276000,33448000,0,2,4,0,14,14,0,1,0,0,0,0,0,0,0,0,0,2,1,1,1,1,1,0,0,0,0,0,0,0,0,0,1
55120000,38488000,40276000,33448000,0,2,4,0,14,14,0,1,0,0,0,0,0,0,0,0,0,2,1,1,1,1,1,0,0,0,0,0,0,0,0,0,1
55624000,38488000,40276000,33448000,0,2,4,0,14,14,0,1,0,0,0,0,0,0,0,0,0,2,1,1,1,1,1,0,0,0,0,0,0,0,0,0,1
56128000,38488000,40276000,33448000,0,2,4,0,14,14,0,1,0,0,0,0,0,0,0,0,0,2,1,1,1,1,1,0,0,0,0,0,0,0,0,0,1
56632000,38488000,40276000,33448000,0,2,4,0,14,14,0,1,0,0,0,0,0,0,0,0,0,2,1,1,1,1,1,0,0,0,0,0,0,0,0,0,1
57136000,38488000,40276000,33448000,0,2,4,0,14,14,0,1,0,0,0,0,0,0,0,0,0,2,1,1,1,1,1,0,0,0,0,0,0,0,0,0,1
57640000,38488000,40276000,33448000,0,2,4,0,14,14,0,1,0,0,0,0,0,0,0,0,0,2,1,1,1,1,1,0,0,0,0,0,0,0,0,0,1
58144000,38488000,40276000,33448000,0,2,4,0,14,14,0,1,0,0,0,0,0,0,0,0,0,2,1,1,1,1,1,0,0,0,0,0,0,0,0,0,1
58648000,38488000,40276000,33448000,0,2,4,0,14,14,0,1,0,0,0,0,0,0,0,0,0,2,1,1,1,1,1,0,0,0,0,0,0,0,0,0,1
59152000,38488000,40276000,33448000,0,2,4,0,14,14,0,1,0,0,0,0,0,0,0,0,0,2,1,1,1,1,1,0,0,0,0,0,0,0,0,0,1
59656000,38488000,40276000,33448000,0,2,4,0,14,14,0,1,0,0,0,0,0,0,0,0,0,2,1,1,1,1,1,0,0,0,0,0,0,0,0,0,1
60160000,38488000,40276000,33448000,0,2,4,0,14,14,0,1,0,0,0,0,0,0,0,0,0,2,1,1,1,1,1,0,0,0,0,0,0,0,0,0,1
60664000,38488000,40276000,33448000,0,2,4,0,14,14,0,1,0,0,0,0,0,0,0,0,0,2,1,1,1,1,1,0,0,0,0,0,0,0,0,0,1
61168000,38488000,40276000,33448000,0,2,4,0,14,14,0,1,0,0,0,0,0,0,0,0,0,2,1,1,1,1,1,0,0,0,0,0,0,0,0,0,1
61672000,38488000,40276000,33448000,0,2,4,0,14,14,0,1,0,0,0,0,0,0,0,0,0,2,1,1,1,1,1,0,0,0,0,0,0,0,0,0,1
62176000,38488000,40276000,33448000,0,2,4,0,14,14,0,1,0,0,0,0,0,0,0,0,0,2,1,1,1,1,1,0,0,0,0,0,0,0,0,0,1
62680000,38488000,40276000,33448000,0,2,4,0,14,14,0,1,0,0,0,0,0,0,0,0,0,2,1,1,1,1,1,0,0,0,0,0,0,0,0,0,1
63184000,38488000,40276000,33448000,0,2,4,0,14,14,0,1,0,0,0,0,0,0,0,0,0,2,1,1,1,1,1,0,0,0,0,0,0,0,0,0,1
63688000,38488000,40276000,33448000,0,2,4,0,14,14,0,1,0,0,0,0,0,0,0,0,0,2,1,1,1,1,1,0,0,0,0,0,0,0,0,0,1
64192000,38488000,40276000,33448000,0,2,4,0,14,14,0,1,0,0,0,0,0,0,0,0,0,2,1,1,1,1,1,0,0,0,0,0,0,0,0,0,1
64696000,38488000,40276000,33448000,0,2,4,0,14,14,0,1,0,0,0,0,0,0,0,0,0,2,1,1,1,1,1,0,0,0,0,0,0,0,0,0,1
65200000,38488000,40276000,33448000,0,2,4,0,14,14,0,1,0,0,0,0,0,0,0,0,0,2,1,1,1,1,1,0,0,0,0,0,0,0,0,0,1
65704000,38488000,40276000,33448000,0,2,4,0,14,14,0,1,0,0,0,0,0,0,0,0,0,2,1,1,1,1,1,0,0,0,0,0,0,0,0,0,1
66208000,38488000,40276000,33448000,0,2,4,0,14,14,0,1,0,0,0,0,0,0,0,0,0,2,1,1,1,1,1,0,0,0,0,0,0,0,0,0,1
66712000,38488000,40276000,33448000,0,2,4,0,14,14,0,1,0,0,0,0,0,0,0,0,0,2,1,1,1,1,1,0,0,0,0,0,0,0,0,0,1
67216000,38488000,40276000,33448000,0,2,4,0,14,14,0,1,0,0,0,0,0,0,0,0,0,2,1,1,1,1,1,0,0,0,0,0,0,0,0,0,1
67720000,38488000,40276000,33448000,0,2,4,0,14,14,0,1,0,0,0,0,0,0,0,0,0,2,1,1,1,1,1,0,0,0,0,0,0,0,0,0,1
68224000,38488000,40276000,33448000,0,2,4,0,14,14,0,1,0,0,0,0,0,0,0,0,0,2,1,1,1,1,1,0,0,0,0,0,0,0,0,0,1
68728000,38488000,40276000,33448000,0,2,4,0,14,14,0,1,0,0,0,0,0,0,0,0,0,2,1,1,1,1,1,0,0,0,0,0,0,0,0,0,1
69232000,38488000,40276000,33448000,0,2,4,0,14,14,0,1,0,0,0,0,0,0,0,0,0,2,1,1,1,1,1,0,0,0,0,0,0,0,0,0,1
69736000,38488000,40276000,33448000,0,2,4,0,14,14,0,1,0,0,0,0,0,0,0,0,0,2,1,1,1,1,1,0,0,0,0,0,0,0,0,0,1
70240000,38488000,40276000,33448000,0,2,4,0,14,14,0,1,0,0,0,0,0,0,0,0,0,2,1,1,1,1,1,0,0,0,0,0,0,0,0,0,1
70744000,38488000,40276000,33448000,0,2,4,0,14,14,0,1,0,0,0,0,0,0,0,0,0,2,1,1,1,1,1,0,0,0,0,0,0,0,0,0,1
71248000,38488000,40276000,33448000,0,2,4,0,14,14,0,1,0,0,0,0,0,0,0,0,0,2,1,1,1,1,1,0,0,0,0,0,0,0,0,0,1
71752000,38488000,40276000,33448000,0,2,4,0,14,14,0,1,0,0,0,0,0,0,0,0,0,2,1,1,1,1,1,0,0,0,0,0,0,0,0,0,1
72256000,38488000,40276000,33448000,0,2,4,0,14,14,0,1,0,0,0,0,0,0,0,0,0,2,1,1,1,1,1,0,0,0,0,0,0,0,0,0,1
72760000,38488000,40276000,33448000,0,2,4,0,14,14,0,1,0,0,0,0,0,0,0,0,0,2,1,1,1,1,1,0,0,0,0,0,0,0,0,0,1
73264000,38488000,40276000,33448000,0,2,4,0,14,14,0,1,0,0,0,0,0,0,0,0,0,2,1,1,1,1,1,0,0,0,0,0,0,0,0,0,1
73768000,38488000,40276000,33448000,0,2,4,0,14,14,0,1,0,0,0,0,0,0,0,0,0,2,1,1,1,1,1,0,0,0,0,0,0,0,0,0,1
74272000,38488000,40276000,33448000,0,2,4,0,14,14,0,1,0,0,0,0,0,0,0,0,0,2,1,1,1,1,1,0,0,0,0,0,0,0,0,0,1
74776000,38488000,40276000,33448000,0,2,4,0,14,14,0,1,0,0,0,0,0,0,0,0,0,2,1,1,1,1,1,0,0,0,0,0,0,0,0,0,1
75280000,38488000,40276000,33448000,0,2,4,0,14,14,0,1,0,0,0,0,0,0,0,0,0,2,1,1,1,1,1,0,0,0,0,0,0,0,0,0,1
75784000,38488000,40276000,33448000,0,2,4,0,14,14,0,1,0,0,0,0,0,0,0,0,0,2,1,1,1,1,1,0,0,0,0,0,0,0,0,0,1
76288000,38488000,40276000,33448000,0,2,4,0,14,14,0,1,0,0,0,0,0,0,0,0,0,2,1,1,1,1,1,0,0,0,0,0,0,0,0,0,1
76792000,38488000,40276000,33448000,0,2,4,0,14,14,0,1,0,0,0,0,0,0,0,0,0,2,1,1,1,1,1,0,0,0,0,0,0,0,0,0,1
77296000,38488000,40276000,33448000,0,2,4,0,14,14,0,1,0,0,0,0,0,0,0,0,0,2,1,1,1,1,1,0,0,0,0,0,0,0,0,0,1
77800000,38488000,40276000,33448000,0,2,4,0,14,14,0,1,0,0,0,0,0,0,0,0,0,2,1,1,1,1,1,0,0,0,0,0,0,0,0,0,1
78304000,38488000,40276000,33448000,0,2,4,0,14,14,0,1,0,0,0,0,0,0,0,0,0,2,1,1,1,1,1,0,0,0,0,0,0,0,0,0,1
78808000,38488000,40276000,33448000,0,2,4,0,14,14,0,1,0,0,0,0,0,0,0,0,0,2,1,1,1,1,1,0,0,0,0,0,0,0,0,0,1
79312000,38488000,40276000,33448000,0,2,4,0,14,14,0,1,0,0,0,0,0,0,0,0,0,2,1,1,1,1,1,0,0,0,0,0,0,0,0,0,1
79816000,38488000,40276000,33448000,0,2,4,0,14,14,0,1,0,0,0,0,0,0,0,0,0,2,1,1,1,1,1,0,0,0,0,0,0,0,0,0,1
80320000,38488000,40276000,33448000,0,2,4,0,14,14,0,1,0,0,0,0,0,0,0,0,0,2,1,1,1,1,1,0,0,0,0,0,0,0,0,0,1
80824000,38488000,40276000,33448000,0,2,4,0,14,14,0,1,0,0,0,0,0,0,0,0,0,2,1,1,1,1,1,0,0,0,0,0,0,0,0,0,1
81328000,38488000,40276000,33448000,0,2,4,0,14,14,0,1,0,0,0,0,0,0,0,0,0,2,1,1,1,1,1,0,0,0,0,0,0,0,0,0,1
81832000,38488000,40276000,33448000,0,2,4,0,14,14,0,1,0,0,0,0,0,0,0,0,0,2,1,1,1,1,1,0,0,0,0,0,0,0,0,0,1
82336000,38488000,40276000,33448000,0,2,4,0,14,14,0,1,0,0,0,0,0,0,0,0,0,2,1,1,1,1,1,0,0,0,0,0,0,0,0,0,1
82840000,38488000,40276000,33448000,0,2,4,0,14,14,0,1,0,0,0,0,0,0,0,0,0,2,1,1,1,1,1,0,0,0,0,0,0,0,0,0,1
83344000,38488000,40276000,33448000,0,2,4,0,14,14,0,1,0,0,0,0,0,0,0,0,0,2,1,1,1,1,1,0,0,0,0,0,0,0,0,0,1
83848000,38488000,40276000,33448000,0,2,4,0,14,14,0,1,0,0,0,0,0,0,0,0,0,2,1,1,1,1,1,0,0,0,0,0,0,0,0,0,1
84352000,38488000,40276000,33448000,0,2,4,0,14,14,0,1,0,0,0,0,0,0,0,0,0,2,1,1,1,1,1,0,0,0,0,0,0,0,0,0,1
84856000,38488000,40276000,33448000,0,2,4,0,14,14,0,1,0,0,0,0,0,0,0,0,0,2,1,1,1,1,1,0,0,0,0,0,0,0,0,0,1
85360000,38488000,40276000,33448000,0,2,4,0,14,14,0,1,0,0,0,0,0,0,0,0,0,2,1,1,1,1,1,0,0,0,0,0,0,0,0,0,1
85864000,38488000,40276000,33448000,0,2,4,0,14,14,0,1,0,0,0,0,0,0,0,0,0,2,1,1,1,1,1,0,0,0,0,0,0,0,0,0,1
86368000,38488000,40276000,33448000,0,2,4,0,14,14,0,1,0,0,0,0,0,0,0,0,0,2,1,1,1,1,1,0,0,0,0,0,0,0,0,0,1
86872000,38488000,40276000,33448000,0,2,4,0,14,14,0,1,0,0,0,0,0,0,0,0,0,2,1,1,1,1,1,0,0,0,0,0,0,0,0,0,1
87376000,38488000,40276000,33448000,0,2,4,0,14,14,0,1,0,0,0,0,0,0,0,0,0,2,1,1,1,1,1,0,0,0,0,0,0,0,0,0,1
87880000,38488000,40276000,33448000,0,2,4,0,14,14,0,1,0,0,0,0,0,0,0,0,0,2,1,1,1,1,1,0,0,0,0,0,0,0,0,0,1
88384000,38488000,40276000,33448000,0,2,4,0,14,14,0,1,0,0,0,0,0,0,0,0,0,2,1,1,1,1,1,0,0,0,0,0,0,0,0,0,1
88888000,38488000,40276000,33448000,0,2,4,0,14,14,0,1,0,0,0,0,0,0,0,0,0,2,1,1,1,1,1,0,0,0,0,0,0,0,0,0,1
89392000,38488000,40276000,33448000,0,2,4,0,14,14,0,1,0,0,0,0,0,0,0,0,0,2,1,1,1,1,1,0,0,0,0,0,0,0,0,0,1
89896000,38488000,40276000,33448000,0,2,4,0,14,14,0,1,0,0,0,0,0,0,0,0,0,2,1,1,1,1,1,0,0,0,0,0,0,0,0,0,1
90400000,38488000,40276000,33448000,0,2,4,0,14,14,0,1,0,0,0,0,0,0,0,0,0,2,1,1,1,1,1,0,0,0,0,0,0,0,0,0,1
90904000,38488000,40276000,33448000,0,2,4,0,14,14,0,1,0,0,0,0,0,0,0,0,0,2,1,1,1,1,1,0,0,0,0,0,0,0,0,0,1
91408000,38488000,40276000,33448000,0,2,4,0,14,14,0,1,0,0,0,0,0,0,0,0,0,2,1,1,1,1,1,0,0,0,0,0,0,0,0,0,1
91912000,38488000,40276000,33448000,0,2,4,0,14,14,0,1,0,0,0,0,0,0,0,0,0,2,1,1,1,1,1,0,0,0,0,0,0,0,0,0,1
92416000,38488000,40276000,33448000,0,2,4,0,14,14,0,1,0,0,0,0,0,0,0,0,0,2,1,1,1,1,1,0,0,0,0,0,0,0,0,0,1
92920000,38488000,40276000,33448000,0,2,4,0,14,14,0,1,0,0,0,0,0,0,0,0,0,2,1,1,1,1,1,0,0,0,0,0,0,0,0,0,1
93424000,38488000,40276000,33448000,0,2,4,0,14,14,0,1,0,0,0,0,0,0,0,0,0,2,1,1,1,1,1,0,0,0,0,0,0,0,0,0,1
93928000,38488000,40276000,33448000,0,2,4,0,14,14,0,1,0,0,0,0,0,0,0,0,0,2,1,1,1,1,1,0,0,0,0,0,0,0,0,0,1
94432000,38488000,40276000,33448000,0,2,4,0,14,14,0,1,0,0,0,0,0,0,0,0,0,2,1,1,1,1,1,0,0,0,0,0,0,0,0,0,1
94936000,38488000,40276000,33448000,0,2,4,0,14,14,0,1,0,0,0,0,0,0,0,0,0,2,1,1,1,1,1,0,0,0,0,0,0,0,0,0,1
95440000,38488000,40276000,33448000,0,2,4,0,14,14,0,1,0,0,0,0,0,0,0,0,0,2,1,1,1,1,1,0,0,0,0,0,0,0,0,0,1
95944000,38488000,40276000,33448000,0,2,4,0,14,14,0,1,0,0,0,0,0,0,0,0,0,2,1,1,1,1,1,0,0,0,0,0,0,0,0,0,1
96448000,38488000,40276000,33448000,0,2,4,0,14,14,0,1,0,0,0,0,0,0,0,0,0,2,1,1,1,1,1,0,0,0,0,0,0,0,0,0,1
96952000,38488000,40276000,33448000,0,2,4,0,14,14,0,1,0,0,0,0,0,0,0,0,0,2,1,1,1,1,1,0,0,0,0,0,0,0,0,0,1
97456000,38488000,40276000,33448000,0,2,4,0,14,14,0,1,0,0,0,0,0,0,0,0,0,2,1,1,1,1,1,0,0,0,0,0,0,0,0,0,1
97960000,38488000,40276000,33448000,0,2,4,0,14,14,0,1,0,0,0,0,0,0,0,0,0,2,1,1,1,1,1,0,0,0,0,0,0,0,0,0,1
98464000,38488000,40276000,33448000,0,2,4,0,14,14,0,1,0,0,0,0,0,0,0,0,0,2,1,1,1,1,1,0,0,0,0,0,0,0,0,0,1
98968000,38488000,40276000,33448000,0,2,4,0,14,14,0,1,0,0,0,0,0,0,0,0,0,2,1,1,1,1,1,0,0,0,0,0,0,0,0,0,1
99220000,38488000,40276000,33448000,0,2,4,0,14,14,0,1,0,0,0,0,0,0,0,0,0,2,1,1,1,1,1,0,0,0,0,0,0,0,0,0,0
99232000,38488000,40276000,99232000,0,2,4,0,14,2,0,1,1,0,0,0,0,0,0,0,0,2,1,1,1,1,1,0,0,0,0,0,0,0,0,0,0
99736000,38488000,40276000,99232000,0,2,4,0,14,2,0,1,1,0,0,0,0,0,0,0,0,2,1,1,1,1,1,0,0,0,0,0,0,0,0,0,0
100240000,38488000,40276000,99232000,0,2,4,0,14,2,0,1,1,0,0,0,0,0,0,0,0,2,1,1,1,1,1,0,0,0,0,0,0,0,0,0,0
100744000,38488000,40276000,99232000,0,2,4,0,14,2,0,1,1,0,0,0,0,0,0,0,0,2,1,1,1,1,1,0,0,0,0,0,0,0,0,0,0
101248000,38488000,40276000,99232000,0,2,4,0,14,2,0,1,1,0,0,0,0,0,0,0,0,2,1,1,1,1,1,0,0,0,0,0,0,0,0,0,0
101752000,38488000,40276000,99232000,0,2,4,0,14,2,0,1,1,0,0,0,0,0,0,0,0,2,1,1,1,1,1,0,0,0,0,0,0,0,0,0,0
102256000,38488000,40276000,99232000,0,2,4,0,14,2,0,1,1,0,0,0,0,0,0,0,0,2,1,1,1,1,1,0,0,0,0,0,0,0,0,0,0
102760000,38488000,40276000,99232000,0,2,4,0,14,2,0,1,1,0,0,0,0,0,0,0,0,2,1,1,1,1,1,0,0,0,0,0,0,0,0,0,0
103264000,38488000,40276000,99232000,0,2,4,0,14,2,0,1,1,0,0,0,0,0,0,0,0,2,1,1,1,1,1,0,0,0,0,0,0,0,0,0,0
103768000,38488000,40276000,99232000,0,2,4,0,14,2,0,1,1,0,0,0,0,0,0,0,0,2,1,1,1,1,1,0,0,0,0,0,0,0,0,0,0
104272000,38488000,40276000,99232000,0,2,4,0,14,2,0,1,1,0,0,0,0,0,0,0,0,2,1,1,1,1,1,0,0,0,0,0,0,0,0,0,0
104776000,38488000,40276000,99232000,0,2,4,0,14,2,0,1,1,0,0,0,0,0,0,0,0,2,1,1,1,1,1,0,0,0,0,0,0,0,0,0,0
105280000,38488000,40276000,99232000,0,2,4,0,14,2,0,1,1,0,0,0,0,0,0,0,0,2,1,1,1,1,1,0,0,0,0,0,0,0,0,0,0
105784000,38488000,40276000,99232000,0,2,4,0,14,2,0,1,1,0,0,0,0,0,0,0,0,2,1,1,1,1,1,0,0,0,0,0,0,0,0,0,0
105880000,0,0,105880000,0,1,4,6,14,14,0,1,0,0,0,0,0,0,0,0,0,2,1,1,1,1,1,0,0,0,0,0,0,0,0,0,0
106384000,0,0,105880000,0,1,4,6,14,14,0,1,0,0,0,0,0,0,0,0,0,2,1,1,1,1,1,0,0,0,0,0,0,0,0,0,0
