timestamp,unallocated_torque[0],unallocated_torque[1],unallocated_torque[2],unallocated_thrust[0],unallocated_thrust[1],unallocated_thrust[2],handled_motor_failure_mask,torque_setpoint_achieved,thrust_setpoint_achieved,actuator_saturation[0],actuator_saturation[1],actuator_saturation[2],actuator_saturation[3],actuator_saturation[4],actuator_saturation[5],actuator_saturation[6],actuator_saturation[7],actuator_saturation[8],actuator_saturation[9],actuator_saturation[10],actuator_saturation[11],actuator_saturation[12],actuator_saturation[13],actuator_saturation[14],actuator_saturation[15]
352000,0.0004720213,0.37797713,4.2895615e-05,0.0,0.0,0.0,0,0,1,-2,-2,-2,-2,2,2,2,2,2,2,2,2,2,2,2,2
400000,-0.00075454003,-0.002984454,-0.00013714329,0.0,0.0,0.0,0,0,1,-2,-2,-2,-2,2,2,2,2,2,2,2,2,2,2,2,2
600000,-0.0002658461,0.0006334379,0.0001540258,0.0,0.0,2.3331325e-11,0,1,1,-2,-2,-2,-2,2,2,2,2,2,2,2,2,2,2,2,2
800000,0.00032638267,0.0015557932,0.00043730834,0.0,0.0,0.0,0,0,1,-2,-2,-2,-2,2,2,2,2,2,2,2,2,2,2,2,2
1000000,0.0007245596,-0.00013858854,-0.0009278601,0.0,0.0,1.2844294e-11,0,0,1,-2,-2,-2,-2,2,2,2,2,2,2,2,2,2,2,2,2
1200000,0.00019393838,0.0026838344,0.00027694096,0.0,0.0,2.9370614e-11,0,0,1,-2,-2,-2,-2,2,2,2,2,2,2,2,2,2,2,2,2
1400000,-5.9599413e-05,0.003855901,0.00041870828,0.0,0.0,0.0,0,0,1,-2,-2,-2,-2,2,2,2,2,2,2,2,2,2,2,2,2
1600000,0.00036974662,0.007220115,0.0003077007,0.0,0.0,0.0,0,0,1,-2,-2,-2,-2,2,2,2,2,2,2,2,2,2,2,2,2
1800000,-0.00047137414,0.013423458,-0.0002477625,0.0,0.0,0.0,0,0,1,-2,-2,-2,-2,2,2,2,2,2,2,2,2,2,2,2,2
2000000,-0.0010498628,0.013978886,-0.0002227861,0.0,0.0,0.0,0,0,1,-2,-2,-2,-2,2,2,2,2,2,2,2,2,2,2,2,2
2200000,-0.00055541843,0.021899339,-0.00038821317,0.0,0.0,0.0,0,0,1,-2,-2,-2,-2,2,2,2,2,2,2,2,2,2,2,2,2
2400000,-0.00079116714,0.022938734,-0.00024366805,0.0,0.0,0.0,0,0,1,-2,-2,-2,-2,2,2,2,2,2,2,2,2,2,2,2,2
2600000,-0.0017437208,0.022496156,-0.0009365389,0.0,0.0,1.2844294e-11,0,0,1,-2,-2,-2,-2,2,2,2,2,2,2,2,2,2,2,2,2
2800000,-0.0020974597,0.023145374,-0.0008124578,0.0,0.0,2.0372683e-10,0,0,1,-2,-2,-2,-2,2,2,2,2,2,2,2,2,2,2,2,2
3000000,-0.0027392015,0.023214452,-0.0006147653,0.0,0.0,0.0,0,0,1,-2,-2,-2,-2,2,2,2,2,2,2,2,2,2,2,2,2
3200000,-0.0016272551,0.022769183,-0.00035144822,0.0,0.0,0.0,0,0,1,-2,-2,-2,-2,2,2,2,2,2,2,2,2,2,2,2,2
3400000,-0.0024475683,0.019439436,0.0005186238,0.0,0.0,3.3833203e-10,0,0,1,-2,-2,-2,-2,2,2,2,2,2,2,2,2,2,2,2,2
3600000,-0.0012888844,0.018435903,0.0017336541,0.0,0.0,2.5688588e-11,0,0,1,-2,-2,-2,-2,2,2,2,2,2,2,2,2,2,2,2,2
3800000,-0.0011473042,0.017206492,0.0025577086,0.0,0.0,3.4419737e-10,0,0,1,-2,-2,-2,-2,2,2,2,2,2,2,2,2,2,2,2,2
4000000,-0.0014267082,0.013839057,0.0043223416,0.0,0.0,0.0,0,0,1,-2,-2,-2,-2,2,2,2,2,2,2,2,2,2,2,2,2
4200000,-0.0005683575,0.012643121,0.00513177,0.0,0.0,0.0,0,0,1,-2,-2,-2,-2,2,2,2,2,2,2,2,2,2,2,2,2
4392000,-0.0011814189,0.0089716,0.0069574355,0.0,0.0,2.3283064e-10,0,0,1,-2,-2,-2,-2,2,2,2,2,2,2,2,2,2,2,2,2
4600000,-0.0033832453,0.008669841,0.00736565,0.0,0.0,0.0,0,0,1,-2,-2,-2,-2,2,2,2,2,2,2,2,2,2,2,2,2
4800000,-0.003716827,0.004917321,0.00898522,0.0,0.0,2.3283064e-10,0,0,1,-2,-2,-2,-2,2,2,2,2,2,2,2,2,2,2,2,2
5000000,-0.003407698,0.0040917196,0.0094349105,0.0,0.0,0.0,0,0,1,-2,-2,-2,-2,2,2,2,2,2,2,2,2,2,2,2,2
5200000,-0.004158854,0.0039875926,0.008937048,0.0,0.0,0.0,0,0,1,-2,-2,-2,-2,2,2,2,2,2,2,2,2,2,2,2,2
5400000,-0.0034353286,0.003422798,0.009011748,0.0,0.0,1.1641532e-10,0,0,1,-2,-2,-2,-2,2,2,2,2,2,2,2,2,2,2,2,2
5600000,-0.003356442,0.0021431153,0.007602636,0.0,0.0,0.0,0,0,1,-2,-2,-2,-2,2,2,2,2,2,2,2,2,2,2,2,2
5800000,-0.0032740696,0.0010946004,0.0055664517,0.0,0.0,0.0,0,0,1,-2,-2,-2,-2,2,2,2,2,2,2,2,2,2,2,2,2
6000000,-0.003262986,-0.0003140497,0.0043453393,0.0,0.0,0.0,0,0,1,-2,-2,-2,-2,2,2,2,2,2,2,2,2,2,2,2,2
6200000,-0.0033631057,0.00021937853,0.004051315,0.0,0.0,0.0,0,0,1,-2,-2,-2,-2,2,2,2,2,2,2,2,2,2,2,2,2
6400000,-0.002353359,-0.000107110514,0.0020122502,0.0,0.0,5.820766e-11,0,0,1,-2,-2,-2,-2,2,2,2,2,2,2,2,2,2,2,2,2
6600000,-0.002229769,-0.0019052963,0.0006060508,0.0,0.0,5.820766e-11,0,0,1,-2,-2,-2,-2,2,2,2,2,2,2,2,2,2,2,2,2
6800000,-0.023375068,0.023745826,-0.0011779064,0.0,0.0,1.1641532e-10,0,0,1,0,-2,0,-2,2,2,2,2,2,2,2,2,2,2,2,2
7000000,-0.023848733,0.022881925,0.00043501286,0.0,0.0,1.1641532e-10,0,0,1,0,-2,0,-2,2,2,2,2,2,2,2,2,2,2,2,2
7192000,-0.025998296,0.01951807,-0.0009920491,0.0,0.0,3.4924597e-10,0,0,1,0,-2,0,-2,2,2,2,2,2,2,2,2,2,2,2,2
7400000,-0.027516874,0.019915314,-9.9142635e-05,0.0,0.0,1.1641532e-10,0,0,1,0,-2,0,-2,2,2,2,2,2,2,2,2,2,2,2,2
7600000,-0.027493672,0.018857367,0.0007128329,0.0,0.0,1.1641532e-10,0,0,1,0,-2,0,-2,2,2,2,2,2,2,2,2,2,2,2,2
7800000,-0.02857303,0.01889953,8.151732e-05,0.0,0.0,4.656613e-10,0,0,1,0,-2,0,-2,2,2,2,2,2,2,2,2,2,2,2,2
8000000,-0.029366383,0.019069007,-0.0001465069,0.0,0.0,1.1641532e-10,0,0,1,0,-2,0,-2,2,2,2,2,2,2,2,2,2,2,2,2
8200000,-0.028568259,0.018391691,-0.0006612962,0.0,0.0,-8.1490725e-10,0,0,1,0,-2,0,-2,2,2,2,2,2,2,2,2,2,2,2,2
8400000,-0.031000245,0.017530952,-4.1530933e-05,0.0,0.0,1.1641532e-10,0,0,1,0,-2,0,-2,2,2,2,2,2,2,2,2,2,2,2,2
8600000,-0.0301491,0.017782995,-0.0003793415,0.0,0.0,1.1641532e-10,0,0,1,0,-2,0,-2,2,2,2,2,2,2,2,2,2,2,2,2
8800000,-0.030381734,0.017886259,-0.00033823866,0.0,0.0,1.1641532e-10,0,0,1,0,-2,0,-2,2,2,2,2,2,2,2,2,2,2,2,2
9000000,-0.030480811,0.01725259,-0.000499132,0.0,0.0,1.1641532e-10,0,0,1,0,-2,0,-2,2,2,2,2,2,2,2,2,2,2,2,2
9200000,-0.031144515,0.017191723,-9.391967e-05,0.0,0.0,-8.1490725e-10,0,0,1,0,-2,0,-2,2,2,2,2,2,2,2,2,2,2,2,2
9400000,-0.03225735,0.017688822,-0.00047448324,0.0,0.0,1.1641532e-10,0,0,1,0,-2,0,-2,2,2,2,2,2,2,2,2,2,2,2,2
9600000,-0.03094286,0.018383216,-0.0003557037,0.0,0.0,1.1641532e-10,0,0,1,0,-2,0,-2,2,2,2,2,2,2,2,2,2,2,2,2
9800000,-0.031970628,0.018047063,-0.00028013898,0.0,0.0,1.1641532e-10,0,0,1,0,-2,0,-2,2,2,2,2,2,2,2,2,2,2,2,2
10000000,-0.032039903,0.018257778,-0.00034603185,0.0,0.0,1.1641532e-10,0,0,1,0,-2,0,-2,2,2,2,2,2,2,2,2,2,2,2,2
10200000,-0.031550452,0.017469494,-0.00025850796,0.0,0.0,1.1641532e-10,0,0,1,0,-2,0,-2,2,2,2,2,2,2,2,2,2,2,2,2
10400000,-0.031071132,0.017715527,-0.00030029277,0.0,0.0,-8.1490725e-10,0,0,1,0,-2,0,-2,2,2,2,2,2,2,2,2,2,2,2,2
10600000,-0.031861667,0.018529193,0.00012997506,0.0,0.0,1.1641532e-10,0,0,1,0,-2,0,-2,2,2,2,2,2,2,2,2,2,2,2,2
10800000,-0.030808246,0.018678822,-0.0002749663,0.0,0.0,4.656613e-10,0,0,1,0,-2,0,-2,2,2,2,2,2,2,2,2,2,2,2,2
11000000,-0.03145776,0.019103205,4.105806e-05,0.0,0.0,1.1641532e-10,0,0,1,0,-2,0,-2,2,2,2,2,2,2,2,2,2,2,2,2
11200000,-0.031301137,0.017467372,6.298889e-05,0.0,0.0,1.1641532e-10,0,0,1,0,-2,0,-2,2,2,2,2,2,2,2,2,2,2,2,2
11400000,-0.03176415,0.0205085,-0.000706455,0.0,0.0,-1.1641532e-10,0,0,1,0,-2,0,-2,2,2,2,2,2,2,2,2,2,2,2,2
11600000,-0.031642646,0.01827269,-0.00036117958,0.0,0.0,1.1641532e-10,0,0,1,0,-2,0,-2,2,2,2,2,2,2,2,2,2,2,2,2
11800000,-0.031422164,0.018621784,7.7309945e-05,0.0,0.0,-4.656613e-10,0,0,1,0,-2,0,-2,2,2,2,2,2,2,2,2,2,2,2,2
12000000,-0.030910376,0.01737522,-0.00034425684,0.0,0.0,4.656613e-10,0,0,1,0,-2,0,-2,2,2,2,2,2,2,2,2,2,2,2,2
12200000,-0.030755855,0.019098498,0.00025210742,0.0,0.0,1.1641532e-10,0,0,1,0,-2,0,-2,2,2,2,2,2,2,2,2,2,2,2,2
12400000,-0.03205277,0.020440472,-0.00040981328,0.0,0.0,-3.4924597e-10,0,0,1,0,-2,0,-2,2,2,2,2,2,2,2,2,2,2,2,2
12600000,-0.030826222,0.019294396,-0.00014999171,0.0,0.0,4.656613e-10,0,0,1,0,-2,0,-2,2,2,2,2,2,2,2,2,2,2,2,2
12800000,-0.029852463,0.018177098,-0.0005752403,0.0,0.0,1.1641532e-10,0,0,1,0,-2,0,-2,2,2,2,2,2,2,2,2,2,2,2,2
12992000,-0.030738434,0.020455303,0.00024082573,0.0,0.0,0.0,0,0,1,0,-2,0,-2,2,2,2,2,2,2,2,2,2,2,2,2
13200000,-0.031358626,0.019861646,-0.000494366,0.0,0.0,-2.3283064e-10,0,0,1,0,-2,0,-2,2,2,2,2,2,2,2,2,2,2,2,2
13400000,-0.029174333,0.01860633,-0.0007205956,0.0,0.0,1.1641532e-10,0,0,1,0,-2,0,-2,2,2,2,2,2,2,2,2,2,2,2,2
13600000,-0.030389557,0.019102061,-0.00027731864,0.0,0.0,1.1641532e-10,0,0,1,0,-2,0,-2,2,2,2,2,2,2,2,2,2,2,2,2
13800000,-0.028954322,0.019988991,-9.5381045e-05,0.0,0.0,6.9849193e-10,0,0,1,0,-2,0,-2,2,2,2,2,2,2,2,2,2,2,2,2
14000000,-0.02914843,0.020167783,-0.00063580426,0.0,0.0,-5.820766e-10,0,0,1,0,-2,0,-2,2,2,2,2,2,2,2,2,2,2,2,2
14200000,-0.029609676,0.020998493,8.857143e-05,0.0,0.0,-2.3283064e-10,0,0,1,0,-2,0,-2,2,2,2,2,2,2,2,2,2,2,2,2
14400000,-0.028193805,0.019963354,-8.225469e-05,0.0,0.0,-6.9849193e-10,0,0,1,0,-2,0,-2,2,2,2,2,2,2,2,2,2,2,2,2
14600000,-0.028710995,0.020224143,-0.0003869624,0.0,0.0,1.1641532e-10,0,0,1,0,-2,0,-2,2,2,2,2,2,2,2,2,2,2,2,2
14800000,-0.027091399,0.021879502,-5.4016768e-05,0.0,0.0,-2.3283064e-10,0,0,1,0,-2,0,-2,2,2,2,2,2,2,2,2,2,2,2,2
15000000,-0.02846163,0.020999951,-0.0002319768,0.0,0.0,1.1641532e-10,0,0,1,0,-2,0,-2,2,2,2,2,2,2,2,2,2,2,2,2
15200000,-0.028038412,0.020339178,0.00066226197,0.0,0.0,-4.656613e-10,0,0,1,0,-2,0,-2,2,2,2,2,2,2,2,2,2,2,2,2
15392000,-0.026515173,0.021386502,-0.00036729933,0.0,0.0,5.820766e-10,0,0,1,0,-2,0,-2,2,2,2,2,2,2,2,2,2,2,2,2
15600000,-0.02760582,0.020654758,-0.00033860284,0.0,0.0,5.820766e-10,0,0,1,0,-2,0,-2,2,2,2,2,2,2,2,2,2,2,2,2
15792000,-0.02591114,0.021313075,-0.00030974305,0.0,0.0,5.820766e-10,0,0,1,0,-2,0,-2,2,2,2,2,2,2,2,2,2,2,2,2
16000000,-0.025781896,0.021078352,0.00030010482,0.0,0.0,1.1641532e-10,0,0,1,0,-2,0,-2,2,2,2,2,2,2,2,2,2,2,2,2
16200000,-0.025769558,0.021937752,-2.2277889e-05,0.0,0.0,-2.3283064e-10,0,0,1,0,-2,0,-2,2,2,2,2,2,2,2,2,2,2,2,2
16400000,-0.026481686,0.021726305,0.00010518662,0.0,0.0,1.1641532e-10,0,0,1,0,-2,0,-2,2,2,2,2,2,2,2,2,2,2,2,2
16600000,-0.025476798,0.02081882,-3.484011e-05,0.0,0.0,5.820766e-10,0,0,1,0,-2,0,-2,2,2,2,2,2,2,2,2,2,2,2,2
16792000,-0.025257653,0.022603631,-0.00012471933,0.0,0.0,-2.3283064e-10,0,0,1,0,-2,0,-2,2,2,2,2,2,2,2,2,2,2,2,2
17000000,-0.024923619,0.021219937,-0.00039155275,0.0,0.0,5.820766e-10,0,0,1,0,-2,0,-2,2,2,2,2,2,2,2,2,2,2,2,2
17200000,-0.024565214,0.022603873,-0.0008542035,0.0,0.0,1.1641532e-10,0,0,1,0,-2,0,-2,2,2,2,2,2,2,2,2,2,2,2,2
17392000,-0.024912795,0.022778422,-0.0005694549,0.0,0.0,1.1641532e-10,0,0,1,0,-2,0,-2,2,2,2,2,2,2,2,2,2,2,2,2
17600000,-0.025431117,0.02133137,-7.6897326e-05,0.0,0.0,1.1641532e-10,0,0,1,0,-2,0,-2,2,2,2,2,2,2,2,2,2,2,2,2
17800000,-0.024777163,0.020790728,-0.0010671311,0.0,0.0,1.1641532e-10,0,0,1,0,-2,0,-2,2,2,2,2,2,2,2,2,2,2,2,2
18000000,-0.023543755,0.022816455,-0.0003781294,0.0,0.0,1.9790605e-09,0,0,1,0,-2,0,-2,2,2,2,2,2,2,2,2,2,2,2,2
18200000,-0.023919445,0.022341095,-0.0005224268,0.0,0.0,1.1641532e-10,0,0,1,0,-2,0,-2,2,2,2,2,2,2,2,2,2,2,2,2
18400000,-0.024259595,0.022746984,0.00030767513,0.0,0.0,-3.4924597e-10,0,0,1,0,-2,0,-2,2,2,2,2,2,2,2,2,2,2,2,2
18600000,-0.022132274,0.022638364,-0.00040979424,0.0,0.0,1.1641532e-10,0,0,1,0,-2,0,-2,2,2,2,2,2,2,2,2,2,2,2,2
18800000,-0.02382768,0.021734068,0.00018332424,0.0,0.0,5.820766e-10,0,0,1,0,-2,0,-2,2,2,2,2,2,2,2,2,2,2,2,2
19000000,-0.023484025,0.022833146,-0.00056009967,0.0,0.0,1.1641532e-10,0,0,1,0,-2,0,-2,2,2,2,2,2,2,2,2,2,2,2,2
19200000,-0.022823785,0.023021705,-5.93493e-05,0.0,0.0,1.1641532e-10,0,0,1,0,-2,0,-2,2,2,2,2,2,2,2,2,2,2,2,2
19400000,-0.02363033,0.02269498,-0.0004760485,0.0,0.0,1.1641532e-10,0,0,1,0,-2,0,-2,2,2,2,2,2,2,2,2,2,2,2,2
19600000,-0.022477917,0.021813452,-0.00086778094,0.0,0.0,5.820766e-10,0,0,1,0,-2,0,-2,2,2,2,2,2,2,2,2,2,2,2,2
19800000,-0.021686874,0.020606615,-0.00019832433,0.0,0.0,1.1641532e-10,0,0,1,0,-2,0,-2,2,2,2,2,2,2,2,2,2,2,2,2
20000000,-0.02226518,0.021383187,0.00028441308,0.0,0.0,1.1641532e-10,0,0,1,0,-2,0,-2,2,2,2,2,2,2,2,2,2,2,2,2
20200000,-0.024005046,0.021318983,-2.7986243e-06,0.0,0.0,1.1641532e-10,0,0,1,0,-2,0,-2,2,2,2,2,2,2,2,2,2,2,2,2
20400000,-0.022461286,0.022495033,0.00011809315,0.0,0.0,1.1641532e-10,0,0,1,0,-2,0,-2,2,2,2,2,2,2,2,2,2,2,2,2
20600000,-0.023702413,0.022498036,-1.2282119e-05,0.0,0.0,1.1641532e-10,0,0,1,0,-2,0,-2,2,2,2,2,2,2,2,2,2,2,2,2
20800000,-0.023528395,0.023474477,0.00012596078,0.0,0.0,1.1641532e-10,0,0,1,0,-2,0,-2,2,2,2,2,2,2,2,2,2,2,2,2
21000000,-0.02332459,0.022152053,-0.00046584746,0.0,0.0,1.1641532e-10,0,0,1,0,-2,0,-2,2,2,2,2,2,2,2,2,2,2,2,2
21200000,-0.024028791,0.021565612,-0.0002688737,0.0,0.0,-2.3283064e-10,0,0,1,0,-2,0,-2,2,2,2,2,2,2,2,2,2,2,2,2
21400000,-0.021853905,0.023051063,-0.0006348391,0.0,0.0,1.1641532e-10,0,0,1,0,-2,0,-2,2,2,2,2,2,2,2,2,2,2,2,2
21600000,-0.022018563,0.022375582,0.00028427705,0.0,0.0,1.0477379e-09,0,0,1,0,-2,0,-2,2,2,2,2,2,2,2,2,2,2,2,2
21800000,-0.023689633,0.022912638,-4.762377e-05,0.0,0.0,1.1641532e-10,0,0,1,0,-2,0,-2,2,2,2,2,2,2,2,2,2,2,2,2
22000000,-0.02315084,0.02158871,1.5238969e-05,0.0,0.0,1.1641532e-10,0,0,1,0,-2,0,-2,2,2,2,2,2,2,2,2,2,2,2,2
22200000,-0.022539336,0.021563737,-4.177363e-05,0.0,0.0,1.1641532e-10,0,0,1,0,-2,0,-2,2,2,2,2,2,2,2,2,2,2,2,2
22400000,-0.021998111,0.023081452,-0.00051608804,0.0,0.0,1.1641532e-10,0,0,1,0,-2,0,-2,2,2,2,2,2,2,2,2,2,2,2,2
22600000,-0.022412563,0.021428725,0.00038480925,0.0,0.0,1.1641532e-10,0,0,1,0,-2,0,-2,2,2,2,2,2,2,2,2,2,2,2,2
22792000,-0.021814235,0.020480119,1.5701555e-05,0.0,0.0,-1.1641532e-10,0,0,1,0,-2,0,-2,2,2,2,2,2,2,2,2,2,2,2,2
23000000,-0.021853875,0.021702792,-0.00027243266,0.0,0.0,-2.3283064e-10,0,0,1,0,-2,0,-2,2,2,2,2,2,2,2,2,2,2,2,2
23200000,-0.02248302,0.021107893,-0.00055153604,0.0,0.0,1.1641532e-10,0,0,1,0,-2,0,-2,2,2,2,2,2,2,2,2,2,2,2,2
23400000,-0.02151846,0.022583097,0.00016891933,0.0,0.0,1.1641532e-10,0,0,1,0,-2,0,-2,2,2,2,2,2,2,2,2,2,2,2,2
23600000,-0.022040248,0.02200431,-0.0007451235,0.0,0.0,5.820766e-10,0,0,1,0,-2,0,-2,2,2,2,2,2,2,2,2,2,2,2,2
23800000,-0.023178237,0.022445207,-0.000540553,0.0,0.0,1.1641532e-10,0,0,1,0,-2,0,-2,2,2,2,2,2,2,2,2,2,2,2,2
24000000,-0.022468152,0.021171955,-0.00020610349,0.0,0.0,1.1641532e-10,0,0,1,0,-2,0,-2,2,2,2,2,2,2,2,2,2,2,2,2
24200000,-0.023364821,0.021909159,-0.00032544264,0.0,0.0,1.1641532e-10,0,0,1,0,-2,0,-2,2,2,2,2,2,2,2,2,2,2,2,2
24400000,-0.021750538,0.022697296,-0.0003366277,0.0,0.0,1.1641532e-10,0,0,1,0,-2,0,-2,2,2,2,2,2,2,2,2,2,2,2,2
24600000,-0.021829994,0.023232136,-0.00019717064,0.0,0.0,1.1641532e-10,0,0,1,0,-2,0,-2,2,2,2,2,2,2,2,2,2,2,2,2
24792000,-0.02231597,0.022315798,-0.0004189359,0.0,0.0,1.1641532e-10,0,0,1,0,-2,0,-2,2,2,2,2,2,2,2,2,2,2,2,2
25000000,-0.021508215,0.02242826,-0.0001613243,0.0,0.0,1.1641532e-10,0,0,1,0,-2,0,-2,2,2,2,2,2,2,2,2,2,2,2,2
25200000,-0.021588434,0.02189914,-2.9761275e-05,0.0,0.0,1.1641532e-10,0,0,1,0,-2,0,-2,2,2,2,2,2,2,2,2,2,2,2,2
25400000,-0.023682995,0.02232893,-0.0004358674,0.0,0.0,1.1641532e-10,0,0,1,0,-2,0,-2,2,2,2,2,2,2,2,2,2,2,2,2
25600000,-0.022130044,0.022729743,-9.647355e-05,0.0,0.0,-2.3283064e-10,0,0,1,0,-2,0,-2,2,2,2,2,2,2,2,2,2,2,2,2
25800000,-0.021983247,0.023608025,-0.00012507114,0.0,0.0,1.9790605e-09,0,0,1,0,-2,0,-2,2,2,2,2,2,2,2,2,2,2,2,2
26000000,-0.021335352,0.02280294,-0.0003547114,0.0,0.0,1.1641532e-10,0,0,1,0,-2,0,-2,2,2,2,2,2,2,2,2,2,2,2,2
26200000,-0.021530407,0.021867897,-0.00015451471,0.0,0.0,1.1641532e-10,0,0,1,0,-2,0,-2,2,2,2,2,2,2,2,2,2,2,2,2
26400000,-0.023635847,0.022967698,-0.00016412984,0.0,0.0,-8.1490725e-10,0,0,1,0,-2,0,-2,2,2,2,2,2,2,2,2,2,2,2,2
26600000,-0.021349018,0.021282915,0.00037404272,0.0,0.0,1.1641532e-10,0,0,1,0,-2,0,-2,2,2,2,2,2,2,2,2,2,2,2,2
26800000,-0.021575306,0.022663388,-0.00041114306,0.0,0.0,1.1641532e-10,0,0,1,0,-2,0,-2,2,2,2,2,2,2,2,2,2,2,2,2
27000000,-0.02217827,0.02330547,-0.00042676815,0.0,0.0,1.1641532e-10,0,0,1,0,-2,0,-2,2,2,2,2,2,2,2,2,2,2,2,2
27200000,-0.021900164,0.022240072,-0.00020138457,0.0,0.0,1.1641532e-10,0,0,1,0,-2,0,-2,2,2,2,2,2,2,2,2,2,2,2,2
27400000,-0.0219938,0.021904914,0.00026151264,0.0,0.0,1.1641532e-10,0,0,1,0,-2,0,-2,2,2,2,2,2,2,2,2,2,2,2,2
27600000,-0.021849036,0.02304915,-6.628372e-05,0.0,0.0,1.1641532e-10,0,0,1,0,-2,0,-2,2,2,2,2,2,2,2,2,2,2,2,2
27800000,-0.02154854,0.022249646,-0.0003958203,0.0,0.0,1.1641532e-10,0,0,1,0,-2,0,-2,2,2,2,2,2,2,2,2,2,2,2,2
28000000,-0.020179447,0.022749482,-6.114937e-05,0.0,0.0,5.820766e-10,0,0,1,0,-2,0,-2,2,2,2,2,2,2,2,2,2,2,2,2
28200000,-0.020660935,0.022740195,-0.00039188328,0.0,0.0,1.1641532e-10,0,0,1,0,-2,0,-2,2,2,2,2,2,2,2,2,2,2,2,2
28400000,-0.021884799,0.0233792,-0.00023322838,0.0,0.0,1.1641532e-10,0,0,1,0,-2,0,-2,2,2,2,2,2,2,2,2,2,2,2,2
28600000,-0.022229828,0.023085786,-0.00014077756,0.0,0.0,1.0477379e-09,0,0,1,0,-2,0,-2,2,2,2,2,2,2,2,2,2,2,2,2
28800000,-0.02164333,0.022322912,-0.00030188466,0.0,0.0,1.1641532e-10,0,0,1,0,-2,0,-2,2,2,2,2,2,2,2,2,2,2,2,2
29000000,-0.021367993,0.023322953,5.3799387e-05,0.0,0.0,5.820766e-10,0,0,1,0,-2,0,-2,2,2,2,2,2,2,2,2,2,2,2,2
29200000,-0.021325884,0.024859453,-1.6038637e-05,0.0,0.0,1.1641532e-10,0,0,1,0,-2,0,-2,2,2,2,2,2,2,2,2,2,2,2,2
29400000,-0.021330284,0.023658693,-7.781304e-05,0.0,0.0,1.1641532e-10,0,0,1,0,-2,0,-2,2,2,2,2,2,2,2,2,2,2,2,2
29600000,-0.021155993,0.023725165,-5.9014506e-05,0.0,0.0,1.1641532e-10,0,0,1,0,-2,0,-2,2,2,2,2,2,2,2,2,2,2,2,2
29800000,-0.02129857,0.025018875,-0.00022447339,0.0,0.0,1.1641532e-10,0,0,1,0,-2,0,-2,2,2,2,2,2,2,2,2,2,2,2,2
30000000,-0.02154689,0.02362263,-0.00036610427,0.0,0.0,1.1641532e-10,0,0,1,0,-2,0,-2,2,2,2,2,2,2,2,2,2,2,2,2
30200000,-0.020875277,0.023524916,-0.00083766045,0.0,0.0,1.1641532e-10,0,0,1,0,-2,0,-2,2,2,2,2,2,2,2,2,2,2,2,2
30400000,-0.021349693,0.023600964,-0.00011075813,0.0,0.0,1.1641532e-10,0,0,1,0,-2,0,-2,2,2,2,2,2,2,2,2,2,2,2,2
30600000,-0.020199077,0.024869243,0.00031824093,0.0,0.0,1.1641532e-10,0,0,1,0,-2,0,-2,2,2,2,2,2,2,2,2,2,2,2,2
30792000,-0.020728795,0.024388777,-8.446278e-05,0.0,0.0,1.1641532e-10,0,0,1,0,-2,0,-2,2,2,2,2,2,2,2,2,2,2,2,2
31000000,-0.019776711,0.02502168,-0.00043018005,0.0,0.0,1.1641532e-10,0,0,1,0,-2,0,-2,2,2,2,2,2,2,2,2,2,2,2,2
31192000,-0.020711668,0.023210425,-6.575033e-06,0.0,0.0,1.1641532e-10,0,0,1,0,-2,0,-2,2,2,2,2,2,2,2,2,2,2,2,2
31400000,-0.020502472,0.023704914,0.0001097741,0.0,0.0,1.1641532e-10,0,0,1,0,-2,0,-2,2,2,2,2,2,2,2,2,2,2,2,2
31600000,-0.018459493,0.025174983,0.00021947655,0.0,0.0,1.1641532e-10,0,0,1,0,-2,0,-2,2,2,2,2,2,2,2,2,2,2,2,2
31800000,-0.018994628,0.023951236,-0.00031564425,0.0,0.0,1.1641532e-10,0,0,1,0,-2,0,-2,2,2,2,2,2,2,2,2,2,2,2,2
32000000,-0.020751746,0.025268303,-2.6712603e-06,0.0,0.0,1.1641532e-10,0,0,1,0,-2,0,-2,2,2,2,2,2,2,2,2,2,2,2,2
32200000,-0.020215362,0.02363374,-0.00065053755,0.0,0.0,1.1641532e-10,0,0,1,0,-2,0,-2,2,2,2,2,2,2,2,2,2,2,2,2
32400000,-0.02048084,0.025068695,-0.00052505767,0.0,0.0,1.1641532e-10,0,0,1,0,-2,0,-2,2,2,2,2,2,2,2,2,2,2,2,2
32600000,-0.019933566,0.024583858,-0.00024457663,0.0,0.0,1.1641532e-10,0,0,1,0,-2,0,-2,2,2,2,2,2,2,2,2,2,2,2,2
32800000,-0.01914377,0.024648868,-0.00032423754,0.0,0.0,1.1641532e-10,0,0,1,0,-2,0,-2,2,2,2,2,2,2,2,2,2,2,2,2
33000000,-0.019924693,0.023745678,-3.591536e-05,0.0,0.0,1.1641532e-10,0,0,1,0,-2,0,-2,2,2,2,2,2,2,2,2,2,2,2,2
33200000,-0.019219348,0.02473694,5.1661442e-05,0.0,0.0,1.1641532e-10,0,0,1,0,-2,0,-2,2,2,2,2,2,2,2,2,2,2,2,2
33392000,-0.018022815,0.025160689,0.00035503117,0.0,0.0,1.1641532e-10,0,0,1,0,-2,0,-2,2,2,2,2,2,2,2,2,2,2,2,2
33600000,-0.018447805,0.025182432,-0.0005528023,0.0,0.0,1.1641532e-10,0,0,1,0,-2,0,-2,2,2,2,2,2,2,2,2,2,2,2,2
33800000,-0.018220436,0.025008911,-0.00047110446,0.0,0.0,1.1641532e-10,0,0,1,0,-2,0,-2,2,2,2,2,2,2,2,2,2,2,2,2
34000000,-0.019522397,0.025494693,-0.000113036716,0.0,0.0,1.0477379e-09,0,0,1,0,-2,0,-2,2,2,2,2,2,2,2,2,2,2,2,2
34200000,-0.019540228,0.026133126,7.3509254e-05,0.0,0.0,1.1641532e-10,0,0,1,0,-2,0,-2,2,2,2,2,2,2,2,2,2,2,2,2
34400000,-0.018467799,0.025558302,9.6778036e-05,0.0,0.0,6.9849193e-10,0,0,1,0,-2,0,-2,2,2,2,2,2,2,2,2,2,2,2,2
34600000,-0.019628918,0.024544826,-0.0006708858,0.0,0.0,1.1641532e-10,0,0,1,0,-2,0,-2,2,2,2,2,2,2,2,2,2,2,2,2
34800000,-0.02008211,0.025391055,0.00026202676,0.0,0.0,1.1641532e-10,0,0,1,0,-2,0,-2,2,2,2,2,2,2,2,2,2,2,2,2
35000000,-0.019110393,0.027501384,-0.000392579,0.0,0.0,1.1641532e-10,0,0,1,0,-2,0,-2,2,2,2,2,2,2,2,2,2,2,2,2
35200000,-0.019605087,0.025677111,0.00054758054,0.0,0.0,-2.3283064e-10,0,0,1,0,-2,0,-2,2,2,2,2,2,2,2,2,2,2,2,2
35400000,-0.019359168,0.026306499,-0.000115850846,0.0,0.0,1.1641532e-10,0,0,1,0,-2,0,-2,2,2,2,2,2,2,2,2,2,2,2,2
35600000,-0.01947465,0.025717683,9.13309e-05,0.0,0.0,-8.1490725e-10,0,0,1,0,-2,0,-2,2,2,2,2,2,2,2,2,2,2,2,2
35800000,-0.019923778,0.026141884,-0.00029974265,0.0,0.0,-2.3283064e-10,0,0,1,0,-2,0,-2,2,2,2,2,2,2,2,2,2,2,2,2
36000000,-0.020106161,0.025953947,-0.00013248567,0.0,0.0,-2.3283064e-10,0,0,1,0,-2,0,-2,2,2,2,2,2,2,2,2,2,2,2,2
36200000,-0.019533234,0.026125189,0.00014696115,0.0,0.0,-2.3283064e-10,0,0,1,0,-2,0,-2,2,2,2,2,2,2,2,2,2,2,2,2
36400000,-0.019925661,0.025645101,-0.00050108327,0.0,0.0,-8.1490725e-10,0,0,1,0,-2,0,-2,2,2,2,2,2,2,2,2,2,2,2,2
36600000,-0.019917108,0.026299646,-0.0003764981,0.0,0.0,1.1641532e-10,0,0,1,0,-2,0,-2,2,2,2,2,2,2,2,2,2,2,2,2
36792000,-0.019977054,0.025673404,-3.4599343e-05,0.0,0.0,-8.1490725e-10,0,0,1,0,-2,0,-2,2,2,2,2,2,2,2,2,2,2,2,2
37000000,-0.018973695,0.025773492,-0.0003367105,0.0,0.0,1.1641532e-10,0,0,1,0,-2,0,-2,2,2,2,2,2,2,2,2,2,2,2,2
37200000,-0.01981082,0.025822386,8.8149e-05,0.0,0.0,1.1641532e-10,0,0,1,0,-2,0,-2,2,2,2,2,2,2,2,2,2,2,2,2
37400000,-0.02027288,0.02630368,-0.00044692142,0.0,0.0,1.9790605e-09,0,0,1,0,-2,0,-2,2,2,2,2,2,2,2,2,2,2,2,2
37600000,-0.020690134,0.025467454,-0.0003082067,0.0,0.0,1.1641532e-10,0,0,1,0,-2,0,-2,2,2,2,2,2,2,2,2,2,2,2,2
37800000,-0.020583881,0.02619891,7.107824e-05,0.0,0.0,5.820766e-10,0,0,1,0,-2,0,-2,2,2,2,2,2,2,2,2,2,2,2,2
38000000,-0.018867664,0.025805935,-0.00010132135,0.0,0.0,1.1641532e-10,0,0,1,0,-2,0,-2,2,2,2,2,2,2,2,2,2,2,2,2
38200000,-0.019536434,0.025008898,0.00012876613,0.0,0.0,5.820766e-10,0,0,1,0,-2,0,-2,2,2,2,2,2,2,2,2,2,2,2,2
38400000,-0.019311009,0.026586637,-0.00031041488,0.0,0.0,1.1641532e-10,0,0,1,0,-2,0,-2,2,2,2,2,2,2,2,2,2,2,2,2
38600000,-0.01930243,0.026252754,-0.0003505082,0.0,0.0,1.1641532e-10,0,0,1,0,-2,0,-2,2,2,2,2,2,2,2,2,2,2,2,2
38800000,-0.019451322,0.025832474,8.6174165e-05,0.0,0.0,1.1641532e-10,0,0,1,0,-2,0,-2,2,2,2,2,2,2,2,2,2,2,2,2
39000000,-0.020319853,0.025909422,-0.00029263276,0.0,0.0,1.1641532e-10,0,0,1,0,-2,0,-2,2,2,2,2,2,2,2,2,2,2,2,2
39200000,-0.02027066,0.025937473,5.9479236e-05,0.0,0.0,1.1641532e-10,0,0,1,0,-2,0,-2,2,2,2,2,2,2,2,2,2,2,2,2
39392000,-0.019916343,0.02561527,-4.0727995e-05,0.0,0.0,1.1641532e-10,0,0,1,0,-2,0,-2,2,2,2,2,2,2,2,2,2,2,2,2
39600000,0.0,0.0,-0.054865588,0.0,0.0,0.0,0,0,1,0,-2,0,0,2,2,2,2,2,2,2,2,2,2,2,2
39800000,-5.5879354e-09,0.0,-0.025221225,0.0,0.0,0.0,0,0,1,0,-2,0,0,2,2,2,2,2,2,2,2,2,2,2,2
40000000,-3.7252903e-09,5.5879354e-09,-7.450581e-09,0.0,0.0,0.0,0,1,1,0,0,0,0,2,2,2,2,2,2,2,2,2,2,2,2
40200000,1.8626451e-09,-3.7252903e-09,-1.4901161e-08,0.0,0.0,-1.4901161e-08,0,1,1,0,0,0,0,2,2,2,2,2,2,2,2,2,2,2,2
40400000,1.1175871e-08,1.8626451e-09,-1.1175871e-08,0.0,0.0,0.0,0,1,1,0,0,0,0,2,2,2,2,2,2,2,2,2,2,2,2
40600000,1.6763806e-08,1.4901161e-08,-2.2351742e-08,0.0,0.0,-2.9802322e-08,0,1,1,0,0,0,0,2,2,2,2,2,2,2,2,2,2,2,2
40800000,-2.0489097e-08,-2.9802322e-08,-7.450581e-09,0.0,0.0,0.0,0,1,1,0,0,0,0,2,2,2,2,2,2,2,2,2,2,2,2
41000000,-1.8626451e-09,-1.8626451e-08,0.0,0.0,0.0,-2.9802322e-08,0,1,1,0,0,0,0,2,2,2,2,2,2,2,2,2,2,2,2
41200000,-1.1175871e-08,-7.450581e-09,-1.4901161e-08,0.0,0.0,-2.9802322e-08,0,1,1,0,0,0,0,2,2,2,2,2,2,2,2,2,2,2,2
41400000,-7.450581e-09,-7.4505806e-08,-2.9802322e-08,0.0,0.0,0.0,0,1,1,0,0,0,0,2,2,2,2,2,2,2,2,2,2,2,2
41600000,-5.2154064e-08,-1.1175871e-08,-3.7252903e-08,0.0,0.0,0.0,0,1,1,0,0,0,0,2,2,2,2,2,2,2,2,2,2,2,2
41800000,-1.3038516e-08,3.259629e-09,7.450581e-09,0.0,0.0,0.0,0,1,1,0,0,0,0,2,2,2,2,2,2,2,2,2,2,2,2
42000000,2.561137e-08,-1.3969839e-08,4.656613e-09,0.0,0.0,0.0,0,1,1,0,0,0,0,2,2,2,2,2,2,2,2,2,2,2,2
42200000,4.5169145e-08,-1.9557774e-08,4.0978193e-08,0.0,0.0,-5.9604645e-08,0,1,1,0,0,0,0,2,2,2,2,2,2,2,2,2,2,2,2
42400000,-5.750917e-08,1.094304e-08,-8.381903e-09,0.0,0.0,0.0,0,1,1,0,0,0,0,2,2,2,2,2,2,2,2,2,2,2,2
42600000,-5.1455572e-08,8.8475645e-09,2.9569492e-08,0.0,0.0,-5.9604645e-08,0,1,1,0,0,0,0,2,2,2,2,2,2,2,2,2,2,2,2
42800000,-1.4581019e-08,1.5366822e-08,-8.8475645e-09,0.0,0.0,0.0,0,1,1,0,0,0,0,2,2,2,2,2,2,2,2,2,2,2,2
43000000,-8.265488e-09,-1.071021e-08,-1.899025e-09,0.0,0.0,0.0,0,1,1,0,0,0,0,2,2,2,2,2,2,2,2,2,2,2,2
43200000,5.0786184e-08,-5.5879354e-09,1.9557774e-08,0.0,0.0,-5.9604645e-08,0,1,1,0,0,0,0,2,2,2,2,2,2,2,2,2,2,2,2
43400000,1.0186341e-08,2.2118911e-09,1.7069397e-08,0.0,0.0,0.0,0,1,1,0,0,0,0,2,2,2,2,2,2,2,2,2,2,2,2
43600000,1.2805685e-08,-8.614734e-09,-1.1001248e-08,0.0,0.0,-5.9604645e-08,0,1,1,0,0,0,0,2,2,2,2,2,2,2,2,2,2,2,2
43800000,-1.3038516e-08,-6.9849193e-10,1.4646503e-08,0.0,0.0,-5.9604645e-08,0,1,1,0,0,0,0,2,2,2,2,2,2,2,2,2,2,2,2
44000000,-1.1874363e-08,-9.546056e-09,1.3016688e-08,0.0,0.0,0.0,0,1,1,0,0,0,0,2,2,2,2,2,2,2,2,2,2,2,2
44200000,-3.8417056e-09,1.9441359e-08,-4.0861778e-08,0.0,0.0,-5.9604645e-08,0,1,1,0,0,0,0,2,2,2,2,2,2,2,2,2,2,2,2
44400000,-8.061761e-09,1.9092113e-08,-2.0489097e-08,0.0,0.0,-5.9604645e-08,0,1,1,0,0,0,0,2,2,2,2,2,2,2,2,2,2,2,2
44600000,3.7252903e-08,-9.080395e-09,-1.9557774e-08,0.0,0.0,0.0,0,1,1,0,0,0,0,2,2,2,2,2,2,2,2,2,2,2,2
44800000,1.51922e-08,-5.005859e-08,-4.076992e-08,0.0,0.0,0.0,0,1,1,0,0,0,0,2,2,2,2,2,2,2,2,2,2,2,2
45000000,7.299241e-08,2.7939677e-09,-3.7893187e-08,0.0,0.0,-5.9604645e-08,0,1,1,0,0,0,0,2,2,2,2,2,2,2,2,2,2,2,2
45200000,-1.9208528e-09,-1.8626451e-09,-9.429641e-09,0.0,0.0,-5.9604645e-08,0,1,1,0,0,0,0,2,2,2,2,2,2,2,2,2,2,2,2
45400000,1.0797521e-08,2.3952452e-08,1.8731953e-08,0.0,0.0,0.0,0,1,1,0,0,0,0,2,2,2,2,2,2,2,2,2,2,2,2
45600000,-6.87578e-09,1.9557774e-08,1.14087015e-08,0.0,0.0,-5.9604645e-08,0,1,1,0,0,0,0,2,2,2,2,2,2,2,2,2,2,2,2
45800000,-4.2986358e-08,-2.0489097e-08,-1.3504177e-08,0.0,0.0,0.0,0,1,1,0,0,0,0,2,2,2,2,2,2,2,2,2,2,2,2
46000000,3.3178367e-09,-2.3283064e-09,-1.4493708e-08,0.0,0.0,0.0,0,1,1,0,0,0,0,2,2,2,2,2,2,2,2,2,2,2,2
46200000,2.8172508e-08,-4.656613e-09,1.990702e-08,0.0,0.0,0.0,0,1,1,0,0,0,0,2,2,2,2,2,2,2,2,2,2,2,2
46400000,-6.525079e-08,-1.0477379e-08,1.4086254e-08,0.0,0.0,-5.9604645e-08,0,1,1,0,0,0,0,2,2,2,2,2,2,2,2,2,2,2,2
46600000,1.05646905e-07,-1.8626451e-09,1.693843e-08,0.0,0.0,0.0,0,1,1,0,0,0,0,2,2,2,2,2,2,2,2,2,2,2,2
46800000,7.497147e-08,9.313226e-10,-1.9499566e-08,0.0,0.0,-5.9604645e-08,0,1,1,0,0,0,0,2,2,2,2,2,2,2,2,2,2,2,2
47000000,-2.712477e-08,-2.7939677e-08,1.7644197e-08,0.0,0.0,0.0,0,1,1,0,0,0,0,2,2,2,2,2,2,2,2,2,2,2,2
47192000,-6.673508e-08,-7.916242e-09,-3.2014214e-09,0.0,0.0,0.0,0,1,1,0,0,0,0,2,2,2,2,2,2,2,2,2,2,2,2
47400000,-2.6702764e-08,9.778887e-09,-1.5013939e-08,0.0,0.0,-5.9604645e-08,0,1,1,0,0,0,0,2,2,2,2,2,2,2,2,2,2,2,2
47600000,-8.1723556e-08,1.3969839e-09,-1.5861588e-08,0.0,0.0,-5.9604645e-08,0,1,1,0,0,0,0,2,2,2,2,2,2,2,2,2,2,2,2
47800000,4.7381036e-08,3.958121e-08,-2.1595042e-08,0.0,0.0,-5.9604645e-08,0,1,1,0,0,0,0,2,2,2,2,2,2,2,2,2,2,2,2
48000000,7.805647e-08,-1.44355e-08,1.3504177e-08,0.0,0.0,0.0,0,1,1,0,0,0,0,2,2,2,2,2,2,2,2,2,2,2,2
48200000,-1.5948899e-08,1.6298145e-09,-2.2351742e-08,0.0,0.0,-5.9604645e-08,0,1,1,0,0,0,0,2,2,2,2,2,2,2,2,2,2,2,2
48400000,3.524474e-08,-9.546056e-09,-3.1377567e-09,0.0,0.0,0.0,0,1,1,0,0,0,0,2,2,2,2,2,2,2,2,2,2,2,2
48600000,1.2980308e-08,1.9557774e-08,1.3213139e-08,0.0,0.0,0.0,0,1,1,0,0,0,0,2,2,2,2,2,2,2,2,2,2,2,2
48800000,-9.6071744e-08,4.8894435e-09,2.4228939e-09,0.0,0.0,-5.9604645e-08,0,1,1,0,0,0,0,2,2,2,2,2,2,2,2,2,2,2,2
49000000,4.6446075e-08,-2.3283064e-08,-1.4959369e-08,0.0,0.0,-5.9604645e-08,0,1,1,0,0,0,0,2,2,2,2,2,2,2,2,2,2,2,2
49200000,5.9430022e-08,-2.6775524e-08,3.085006e-09,0.0,0.0,0.0,0,1,1,0,0,0,0,2,2,2,2,2,2,2,2,2,2,2,2
49400000,3.8999133e-09,0.0,2.27883e-08,0.0,0.0,0.0,0,1,1,0,0,0,0,2,2,2,2,2,2,2,2,2,2,2,2
49600000,4.1851308e-08,1.6996637e-08,2.073648e-09,0.0,0.0,0.0,0,1,1,0,0,0,0,2,2,2,2,2,2,2,2,2,2,2,2
49800000,2.5844201e-08,-7.916242e-09,-5.0495146e-08,0.0,0.0,-5.9604645e-08,0,1,1,0,0,0,0,2,2,2,2,2,2,2,2,2,2,2,2
50000000,8.9232344e-08,-8.1490725e-09,1.8982973e-08,0.0,0.0,0.0,0,1,1,0,0,0,0,2,2,2,2,2,2,2,2,2,2,2,2
50200000,-3.2014214e-09,-1.0244548e-08,1.21071935e-08,0.0,0.0,-5.9604645e-08,0,1,1,0,0,0,0,2,2,2,2,2,2,2,2,2,2,2,2
50400000,-2.5844201e-08,1.3271347e-08,-2.0168955e-08,0.0,0.0,0.0,0,1,1,0,0,0,0,2,2,2,2,2,2,2,2,2,2,2,2
50600000,4.2287866e-08,2.7474016e-08,-1.4053967e-08,0.0,0.0,-5.9604645e-08,0,1,1,0,0,0,0,2,2,2,2,2,2,2,2,2,2,2,2
50800000,3.653986e-08,2.4447218e-08,-1.17579475e-08,0.0,0.0,-1.1920929e-07,0,1,1,0,0,0,0,2,2,2,2,2,2,2,2,2,2,2,2
51000000,3.131572e-08,6.170012e-09,-4.656613e-10,0.0,0.0,0.0,0,1,1,0,0,0,0,2,2,2,2,2,2,2,2,2,2,2,2
51200000,-1.6982085e-08,-1.14087015e-08,-1.7462298e-08,0.0,0.0,0.0,0,1,1,0,0,0,0,2,2,2,2,2,2,2,2,2,2,2,2
51400000,4.9403752e-08,2.3283064e-10,8.090865e-09,0.0,0.0,0.0,0,1,1,0,0,0,0,2,2,2,2,2,2,2,2,2,2,2,2
51600000,4.4092303e-08,-2.0721927e-08,1.1132215e-09,0.0,0.0,-5.9604645e-08,0,1,1,0,0,0,0,2,2,2,2,2,2,2,2,2,2,2,2
51800000,-4.4121407e-08,3.3760443e-09,1.535227e-08,0.0,0.0,-1.1920929e-07,0,1,1,0,0,0,0,2,2,2,2,2,2,2,2,2,2,2,2
52000000,-4.5227353e-08,1.7695129e-08,-5.529728e-09,0.0,0.0,-5.9604645e-08,0,1,1,0,0,0,0,2,2,2,2,2,2,2,2,2,2,2,2
52200000,2.9358489e-08,-1.4202669e-08,-2.7066562e-09,0.0,0.0,-5.9604645e-08,0,1,1,0,0,0,0,2,2,2,2,2,2,2,2,2,2,2,2
52400000,5.8324076e-08,1.6996637e-08,-1.4944817e-08,0.0,0.0,0.0,0,1,1,0,0,0,0,2,2,2,2,2,2,2,2,2,2,2,2
52600000,3.085006e-08,9.778887e-09,-3.106834e-09,0.0,0.0,-5.9604645e-08,0,1,1,0,0,0,0,2,2,2,2,2,2,2,2,2,2,2,2
52800000,2.6143425e-08,8.1490725e-09,9.400537e-09,0.0,0.0,0.0,0,1,1,0,0,0,0,2,2,2,2,2,2,2,2,2,2,2,2
53000000,2.7008355e-08,-1.2572855e-08,-7.246854e-09,0.0,0.0,0.0,0,1,1,0,0,0,0,2,2,2,2,2,2,2,2,2,2,2,2
53200000,-1.7462298e-09,-5.098991e-08,3.3527613e-08,0.0,0.0,-5.9604645e-08,0,1,1,0,0,0,0,2,2,2,2,2,2,2,2,2,2,2,2
53392000,-6.769551e-08,1.8277206e-08,-1.816079e-08,0.0,0.0,-5.9604645e-08,0,1,1,0,0,0,0,2,2,2,2,2,2,2,2,2,2,2,2
53592000,3.0646333e-08,2.4447218e-09,5.0313247e-09,0.0,0.0,0.0,0,1,1,0,0,0,0,2,2,2,2,2,2,2,2,2,2,2,2
53800000,3.5041012e-08,-2.7008355e-08,-6.8102963e-09,0.0,0.0,0.0,0,1,1,0,0,0,0,2,2,2,2,2,2,2,2,2,2,2,2
54000000,-1.5599653e-08,-3.0733645e-08,2.3646862e-08,0.0,0.0,0.0,0,1,1,0,0,0,0,2,2,2,2,2,2,2,2,2,2,2,2
54200000,-2.764864e-09,2.8172508e-08,2.6018824e-08,0.0,0.0,0.0,0,1,1,0,0,0,0,2,2,2,2,2,2,2,2,2,2,2,2
54400000,1.5133992e-08,2.7939677e-08,4.2753527e-08,0.0,0.0,0.0,0,1,1,0,0,0,0,2,2,2,2,2,2,2,2,2,2,2,2
54600000,-2.0256266e-08,-1.6763806e-08,2.4709152e-08,0.0,0.0,-5.9604645e-08,0,1,1,0,0,0,0,2,2,2,2,2,2,2,2,2,2,2,2
54800000,6.344635e-09,-3.7252903e-09,-8.527422e-09,0.0,0.0,-5.9604645e-08,0,1,1,0,0,0,0,2,2,2,2,2,2,2,2,2,2,2,2
55000000,3.5110133e-08,-6.2864274e-09,-1.693843e-08,0.0,0.0,0.0,0,1,1,0,0,0,0,2,2,2,2,2,2,2,2,2,2,2,2
55200000,-3.1810487e-08,-3.1432137e-08,-3.812602e-09,0.0,0.0,-5.9604645e-08,0,1,1,0,0,0,0,2,2,2,2,2,2,2,2,2,2,2,2
55400000,-1.6967533e-08,4.8195943e-08,-1.3707904e-08,0.0,0.0,-5.9604645e-08,0,1,1,0,0,0,0,2,2,2,2,2,2,2,2,2,2,2,2
55600000,8.684583e-08,3.0733645e-08,6.9558155e-09,0.0,0.0,-5.9604645e-08,0,1,1,0,0,0,0,2,2,2,2,2,2,2,2,2,2,2,2
55800000,-4.7220965e-08,3.259629e-09,-1.36788e-08,0.0,0.0,0.0,0,1,1,0,0,0,0,2,2,2,2,2,2,2,2,2,2,2,2
56000000,-3.6641723e-08,7.3341653e-09,1.15833245e-08,0.0,0.0,-5.9604645e-08,0,1,1,0,0,0,0,2,2,2,2,2,2,2,2,2,2,2,2
56200000,1.6269041e-08,1.3038516e-08,2.3646862e-09,0.0,0.0,0.0,0,1,1,0,0,0,0,2,2,2,2,2,2,2,2,2,2,2,2
56400000,5.820766e-10,1.0593794e-08,-3.083551e-08,0.0,0.0,-5.9604645e-08,0,1,1,0,0,0,0,2,2,2,2,2,2,2,2,2,2,2,2
56600000,3.2032403e-08,-9.313226e-10,-1.3213139e-08,0.0,0.0,0.0,0,1,1,0,0,0,0,2,2,2,2,2,2,2,2,2,2,2,2
56800000,2.7692295e-08,-2.910383e-08,3.2421667e-08,0.0,0.0,0.0,0,1,1,0,0,0,0,2,2,2,2,2,2,2,2,2,2,2,2
57000000,1.02620106e-07,2.3283064e-08,-6.548362e-10,0.0,0.0,-5.9604645e-08,0,1,1,0,0,0,0,2,2,2,2,2,2,2,2,2,2,2,2
57200000,-2.4680048e-08,-8.1490725e-09,-1.0302756e-08,0.0,0.0,0.0,0,1,1,0,0,0,0,2,2,2,2,2,2,2,2,2,2,2,2
57400000,-2.7226633e-08,-2.3283064e-10,2.1842425e-08,0.0,0.0,-5.9604645e-08,0,1,1,0,0,0,0,2,2,2,2,2,2,2,2,2,2,2,2
57592000,5.1688403e-08,2.2584572e-08,-1.9521394e-08,0.0,0.0,-5.9604645e-08,0,1,1,0,0,0,0,2,2,2,2,2,2,2,2,2,2,2,2
57800000,3.943569e-09,-2.910383e-08,-2.0099833e-08,0.0,0.0,0.0,0,1,1,0,0,0,0,2,2,2,2,2,2,2,2,2,2,2,2
58000000,1.839362e-08,-1.2340024e-08,-9.022187e-09,0.0,0.0,-5.9604645e-08,0,1,1,0,0,0,0,2,2,2,2,2,2,2,2,2,2,2,2
58200000,2.5029294e-09,1.5483238e-08,-2.910383e-10,0.0,0.0,0.0,0,1,1,0,0,0,0,2,2,2,2,2,2,2,2,2,2,2,2
58400000,-2.3283064e-08,2.3748726e-08,2.9278453e-08,0.0,0.0,-5.9604645e-08,0,1,1,0,0,0,0,2,2,2,2,2,2,2,2,2,2,2,2
58600000,3.3614924e-09,-1.3853423e-08,-1.0535587e-08,0.0,0.0,-5.9604645e-08,0,1,1,0,0,0,0,2,2,2,2,2,2,2,2,2,2,2,2
58800000,2.2526365e-08,4.48199e-08,-1.6880222e-08,0.0,0.0,-5.9604645e-08,0,1,1,0,0,0,0,2,2,2,2,2,2,2,2,2,2,2,2
59000000,9.604264e-09,3.8882717e-08,-2.5320332e-09,0.0,0.0,0.0,0,1,1,0,0,0,0,2,2,2,2,2,2,2,2,2,2,2,2
59200000,6.245682e-08,1.3504177e-08,-1.2412784e-08,0.0,0.0,0.0,0,1,1,0,0,0,0,2,2,2,2,2,2,2,2,2,2,2,2
59400000,-1.4639227e-08,4.4237822e-09,-1.6603735e-08,0.0,0.0,0.0,0,1,1,0,0,0,0,2,2,2,2,2,2,2,2,2,2,2,2
59600000,3.8417056e-09,-1.6647391e-08,-1.2863893e-08,0.0,0.0,-5.9604645e-08,0,1,1,0,0,0,0,2,2,2,2,2,2,2,2,2,2,2,2
59800000,-3.6874553e-08,1.1874363e-08,-1.6589183e-09,0.0,0.0,0.0,0,1,1,0,0,0,0,2,2,2,2,2,2,2,2,2,2,2,2
60000000,-6.938353e-08,-3.0733645e-08,2.4738256e-09,0.0,0.0,0.0,0,1,1,0,0,0,0,2,2,2,2,2,2,2,2,2,2,2,2
60200000,-6.2864274e-09,-6.2864274e-09,8.731149e-11,0.0,0.0,0.0,0,1,1,0,0,0,0,2,2,2,2,2,2,2,2,2,2,2,2
60400000,-5.7334546e-09,-3.259629e-08,-2.3770554e-08,0.0,0.0,-5.9604645e-08,0,1,1,0,0,0,0,2,2,2,2,2,2,2,2,2,2,2,2
60600000,-1.9499566e-08,3.4924597e-10,1.2456439e-08,0.0,0.0,0.0,0,1,1,0,0,0,0,2,2,2,2,2,2,2,2,2,2,2,2
60800000,-2.3865141e-08,-1.9092113e-08,3.1854142e-08,0.0,0.0,0.0,0,1,1,0,0,0,0,2,2,2,2,2,2,2,2,2,2,2,2
60992000,-4.4019544e-09,4.8894435e-09,-3.6525307e-08,0.0,0.0,0.0,0,1,1,0,0,0,0,2,2,2,2,2,2,2,2,2,2,2,2
61200000,-9.5926225e-08,-1.2340024e-08,1.6472768e-08,0.0,0.0,0.0,0,1,1,0,0,0,0,2,2,2,2,2,2,2,2,2,2,2,2
61400000,6.3562766e-08,8.1490725e-09,7.770723e-09,0.0,0.0,0.0,0,1,1,0,0,0,0,2,2,2,2,2,2,2,2,2,2,2,2
61600000,7.4598574e-08,6.4028427e-09,1.2369128e-08,0.0,0.0,0.0,0,1,1,0,0,0,0,2,2,2,2,2,2,2,2,2,2,2,2
61800000,-5.995389e-09,-2.142042e-08,1.2048986e-08,0.0,0.0,0.0,0,1,1,0,0,0,0,2,2,2,2,2,2,2,2,2,2,2,2
62000000,-1.1816155e-08,-1.8626451e-09,-3.929017e-09,0.0,0.0,-5.9604645e-08,0,1,1,0,0,0,0,2,2,2,2,2,2,2,2,2,2,2,2
62192000,2.3428584e-08,-1.1175871e-08,-6.2427716e-09,0.0,0.0,-5.9604645e-08,0,1,1,0,0,0,0,2,2,2,2,2,2,2,2,2,2,2,2
62400000,-1.2194505e-08,3.4924597e-09,1.2019882e-08,0.0,0.0,-5.9604645e-08,0,1,1,0,0,0,0,2,2,2,2,2,2,2,2,2,2,2,2
62600000,-3.1432137e-09,-2.7939677e-09,2.509205e-08,0.0,0.0,0.0,0,1,1,0,0,0,0,2,2,2,2,2,2,2,2,2,2,2,2
62800000,-3.6961865e-09,2.4330802e-08,2.3152097e-08,0.0,0.0,0.0,0,1,1,0,0,0,0,2,2,2,2,2,2,2,2,2,2,2,2
63000000,2.773595e-08,-2.6077032e-08,-1.839544e-08,0.0,0.0,0.0,0,1,1,0,0,0,0,2,2,2,2,2,2,2,2,2,2,2,2
63200000,-2.5247573e-09,-4.1211024e-08,5.3732947e-09,0.0,0.0,0.0,0,1,1,0,0,0,0,2,2,2,2,2,2,2,2,2,2,2,2
63400000,-7.4040145e-08,-2.561137e-09,1.1801603e-08,0.0,0.0,-1.1920929e-07,0,1,1,0,0,0,0,2,2,2,2,2,2,2,2,2,2,2,2
63600000,3.1548552e-08,-1.1816155e-08,-2.3603207e-08,0.0,0.0,0.0,0,1,1,0,0,0,0,2,2,2,2,2,2,2,2,2,2,2,2
63800000,5.448237e-08,-2.0489097e-08,2.4563633e-08,0.0,0.0,0.0,0,1,1,0,0,0,0,2,2,2,2,2,2,2,2,2,2,2,2
64000000,6.443588e-08,-1.0244548e-08,-1.0739313e-08,0.0,0.0,0.0,0,1,1,0,0,0,0,2,2,2,2,2,2,2,2,2,2,2,2
64200000,6.519258e-09,-9.313226e-09,2.6522684e-08,0.0,0.0,-5.9604645e-08,0,1,1,0,0,0,0,2,2,2,2,2,2,2,2,2,2,2,2
64400000,2.9991497e-08,-3.585592e-08,2.377783e-08,0.0,0.0,0.0,0,1,1,0,0,0,0,2,2,2,2,2,2,2,2,2,2,2,2
64600000,2.4330802e-08,-1.1641532e-08,-7.3050614e-09,0.0,0.0,0.0,0,1,1,0,0,0,0,2,2,2,2,2,2,2,2,2,2,2,2
64800000,-8.35862e-08,-1.14087015e-08,4.5547495e-09,0.0,0.0,-5.9604645e-08,0,1,1,0,0,0,0,2,2,2,2,2,2,2,2,2,2,2,2
65000000,9.080395e-08,-7.21775e-09,-1.3722456e-08,0.0,0.0,-5.9604645e-08,0,1,1,0,0,0,0,2,2,2,2,2,2,2,2,2,2,2,2
65200000,-9.755604e-08,2.0954758e-08,2.8318027e-08,0.0,0.0,0.0,0,1,1,0,0,0,0,2,2,2,2,2,2,2,2,2,2,2,2
65400000,9.604264e-09,1.9324943e-08,-4.161484e-08,0.0,0.0,0.0,0,1,1,0,0,0,0,2,2,2,2,2,2,2,2,2,2,2,2
65600000,-2.788147e-08,-1.46683306e-08,-2.05182e-08,0.0,0.0,0.0,0,1,1,0,0,0,0,2,2,2,2,2,2,2,2,2,2,2,2
65800000,-3.2538082e-08,9.778887e-09,2.73576e-08,0.0,0.0,0.0,0,1,1,0,0,0,0,2,2,2,2,2,2,2,2,2,2,2,2
66000000,-5.2852556e-08,-1.816079e-08,3.9304723e-08,0.0,0.0,0.0,0,1,1,0,0,0,0,2,2,2,2,2,2,2,2,2,2,2,2
66200000,-5.9546437e-08,-9.546056e-09,3.8708095e-09,0.0,0.0,-5.9604645e-08,0,1,1,0,0,0,0,2,2,2,2,2,2,2,2,2,2,2,2
66400000,-1.3911631e-08,1.46683306e-08,1.70985e-08,0.0,0.0,0.0,0,1,1,0,0,0,0,2,2,2,2,2,2,2,2,2,2,2,2
66600000,4.3248292e-08,2.0721927e-08,6.548362e-09,0.0,0.0,0.0,0,1,1,0,0,0,0,2,2,2,2,2,2,2,2,2,2,2,2
66800000,-1.3015324e-08,1.6298145e-08,1.6532795e-08,0.0,0.0,-5.9604645e-08,0,1,1,0,0,0,0,2,2,2,2,2,2,2,2,2,2,2,2
67000000,-7.392373e-09,-4.8894435e-08,3.6379788e-08,0.0,0.0,0.0,0,1,1,0,0,0,0,2,2,2,2,2,2,2,2,2,2,2,2
67200000,-3.5506673e-08,-3.585592e-08,2.890738e-08,0.0,0.0,0.0,0,1,1,0,0,0,0,2,2,2,2,2,2,2,2,2,2,2,2
67400000,5.3085387e-08,9.313226e-10,-6.868504e-09,0.0,0.0,-5.9604645e-08,0,1,1,0,0,0,0,2,2,2,2,2,2,2,2,2,2,2,2
67600000,6.9267116e-09,-4.0745363e-09,3.6961865e-08,0.0,0.0,-5.9604645e-08,0,1,1,0,0,0,0,2,2,2,2,2,2,2,2,2,2,2,2
67800000,-5.948823e-08,-6.9849193e-10,1.2541932e-08,0.0,0.0,-1.1920929e-07,0,1,1,0,0,0,0,2,2,2,2,2,2,2,2,2,2,2,2
68000000,-4.551839e-08,2.7939677e-09,8.440111e-10,0.0,0.0,-5.9604645e-08,0,1,1,0,0,0,0,2,2,2,2,2,2,2,2,2,2,2,2
68200000,9.9345925e-08,1.5599653e-08,-2.561137e-09,0.0,0.0,-5.9604645e-08,0,1,1,0,0,0,0,2,2,2,2,2,2,2,2,2,2,2,2
68400000,4.6449713e-08,2.7241185e-08,-1.6400008e-08,0.0,0.0,0.0,0,1,1,0,0,0,0,2,2,2,2,2,2,2,2,2,2,2,2
68600000,5.988113e-08,-2.7939677e-09,9.604264e-09,0.0,0.0,0.0,0,1,1,0,0,0,0,2,2,2,2,2,2,2,2,2,2,2,2
68800000,-6.2485924e-08,-3.7252903e-09,2.2118911e-09,0.0,0.0,0.0,0,1,1,0,0,0,0,2,2,2,2,2,2,2,2,2,2,2,2
69000000,-5.721813e-08,-3.061723e-08,-1.830631e-08,0.0,0.0,-1.1920929e-07,0,1,1,0,0,0,0,2,2,2,2,2,2,2,2,2,2,2,2
69200000,-3.061723e-08,3.1432137e-08,5.0640665e-09,0.0,0.0,-5.9604645e-08,0,1,1,0,0,0,0,2,2,2,2,2,2,2,2,2,2,2,2
69400000,-3.2770913e-08,2.514571e-08,5.820766e-09,0.0,0.0,-5.9604645e-08,0,1,1,0,0,0,0,2,2,2,2,2,2,2,2,2,2,2,2
69600000,-3.5914127e-08,3.9115548e-08,2.0445441e-08,0.0,0.0,-5.9604645e-08,0,1,1,0,0,0,0,2,2,2,2,2,2,2,2,2,2,2,2
69800000,-5.7945726e-08,7.450581e-09,2.1755113e-08,0.0,0.0,-5.9604645e-08,0,1,1,0,0,0,0,2,2,2,2,2,2,2,2,2,2,2,2
70000000,1.7811544e-08,1.1175871e-08,-2.1318556e-09,0.0,0.0,0.0,0,1,1,0,0,0,0,2,2,2,2,2,2,2,2,2,2,2,2
70200000,-3.3003744e-08,1.8859282e-08,-4.1909516e-09,0.0,0.0,-5.9604645e-08,0,1,1,0,0,0,0,2,2,2,2,2,2,2,2,2,2,2,2
70400000,-1.6501872e-08,1.5133992e-08,4.2069587e-08,0.0,0.0,-5.9604645e-08,0,1,1,0,0,0,0,2,2,2,2,2,2,2,2,2,2,2,2
70600000,9.604264e-09,2.2468157e-08,1.3184035e-08,0.0,0.0,-5.9604645e-08,0,1,1,0,0,0,0,2,2,2,2,2,2,2,2,2,2,2,2
70800000,1.2478267e-09,3.0035153e-08,-1.6916601e-08,0.0,0.0,0.0,0,1,1,0,0,0,0,2,2,2,2,2,2,2,2,2,2,2,2
71000000,-1.7695129e-08,-2.142042e-08,1.4639227e-08,0.0,0.0,-5.9604645e-08,0,1,1,0,0,0,0,2,2,2,2,2,2,2,2,2,2,2,2
71200000,-1.6043487e-09,-3.0966476e-08,4.802132e-10,0.0,0.0,0.0,0,1,1,0,0,0,0,2,2,2,2,2,2,2,2,2,2,2,2
71400000,2.1253072e-08,2.910383e-08,2.8405339e-08,0.0,0.0,0.0,0,1,1,0,0,0,0,2,2,2,2,2,2,2,2,2,2,2,2
71592000,2.2380846e-08,6.519258e-09,-1.306762e-08,0.0,0.0,0.0,0,1,1,0,0,0,0,2,2,2,2,2,2,2,2,2,2,2,2
71800000,-3.4517143e-08,2.0489097e-08,-2.568413e-09,0.0,0.0,-5.9604645e-08,0,1,1,0,0,0,0,2,2,2,2,2,2,2,2,2,2,2,2
72000000,-4.780304e-09,-3.5157427e-08,-1.36788e-09,0.0,0.0,-5.9604645e-08,0,1,1,0,0,0,0,2,2,2,2,2,2,2,2,2,2,2,2
72192000,-2.8172508e-08,-5.820766e-10,1.4988473e-09,0.0,0.0,0.0,0,1,1,0,0,0,0,2,2,2,2,2,2,2,2,2,2,2,2
72400000,2.211982e-08,2.2118911e-08,9.19681e-09,0.0,0.0,-5.9604645e-08,0,1,1,0,0,0,0,2,2,2,2,2,2,2,2,2,2,2,2
72600000,9.4412826e-08,3.2712705e-08,-5.9517333e-09,0.0,0.0,0.0,0,1,1,0,0,0,0,2,2,2,2,2,2,2,2,2,2,2,2
72800000,3.608875e-08,-2.6077032e-08,2.8063369e-08,0.0,0.0,-5.9604645e-08,0,1,1,0,0,0,0,2,2,2,2,2,2,2,2,2,2,2,2
73000000,-5.7043508e-09,3.8417056e-09,-2.0612788e-08,0.0,0.0,0.0,0,1,1,0,0,0,0,2,2,2,2,2,2,2,2,2,2,2,2
73200000,6.200571e-08,-2.3981556e-08,-1.4872057e-08,0.0,0.0,-5.9604645e-08,0,1,1,0,0,0,0,2,2,2,2,2,2,2,2,2,2,2,2
73400000,-6.984919e-08,-2.561137e-09,2.8812792e-09,0.0,0.0,-5.9604645e-08,0,1,1,0,0,0,0,2,2,2,2,2,2,2,2,2,2,2,2
73600000,-2.6426278e-08,-3.8708095e-09,1.0149961e-08,0.0,0.0,0.0,0,1,1,0,0,0,0,2,2,2,2,2,2,2,2,2,2,2,2
73800000,-3.715104e-08,1.3271347e-08,-1.9113031e-09,0.0,0.0,0.0,0,1,1,0,0,0,0,2,2,2,2,2,2,2,2,2,2,2,2
74000000,-5.763195e-08,2.165325e-08,1.0605618e-08,0.0,0.0,-5.9604645e-08,0,1,1,0,0,0,0,2,2,2,2,2,2,2,2,2,2,2,2
74200000,1.4319085e-08,-2.0023435e-08,-3.2989192e-08,0.0,0.0,-5.9604645e-08,0,1,1,0,0,0,0,2,2,2,2,2,2,2,2,2,2,2,2
74400000,4.5867637e-08,-2.2584572e-08,-1.8182618e-08,0.0,0.0,0.0,0,1,1,0,0,0,0,2,2,2,2,2,2,2,2,2,2,2,2
74592000,1.8626451e-08,-2.2118911e-09,-9.982614e-09,0.0,0.0,0.0,0,1,1,0,0,0,0,2,2,2,2,2,2,2,2,2,2,2,2
74800000,-6.641494e-08,1.9324943e-08,-1.5337719e-08,0.0,0.0,-5.9604645e-08,0,1,1,0,0,0,0,2,2,2,2,2,2,2,2,2,2,2,2
75000000,-6.4232154e-08,2.2584572e-08,-1.7578714e-08,0.0,0.0,-5.9604645e-08,0,1,1,0,0,0,0,2,2,2,2,2,2,2,2,2,2,2,2
75200000,-7.6252036e-08,-1.14087015e-08,1.1350494e-08,0.0,0.0,0.0,0,1,1,0,0,0,0,2,2,2,2,2,2,2,2,2,2,2,2
75400000,2.7939677e-09,2.9220246e-08,-1.132139e-08,0.0,0.0,0.0,0,1,1,0,0,0,0,2,2,2,2,2,2,2,2,2,2,2,2
75600000,3.8271537e-09,-1.7462298e-08,-2.5436748e-08,0.0,0.0,-5.9604645e-08,0,1,1,0,0,0,0,2,2,2,2,2,2,2,2,2,2,2,2
75800000,1.4202669e-08,1.44355e-08,-1.2369128e-08,0.0,0.0,0.0,0,1,1,0,0,0,0,2,2,2,2,2,2,2,2,2,2,2,2
75992000,-1.5264959e-08,-1.7054845e-08,6.4610504e-09,0.0,0.0,0.0,0,1,1,0,0,0,0,2,2,2,2,2,2,2,2,2,2,2,2
76200000,-2.0954758e-09,-1.9441359e-08,-2.4869223e-08,0.0,0.0,-5.9604645e-08,0,1,1,0,0,0,0,2,2,2,2,2,2,2,2,2,2,2,2
76400000,1.1059456e-09,4.0745363e-09,-3.5506673e-08,0.0,0.0,0.0,0,1,1,0,0,0,0,2,2,2,2,2,2,2,2,2,2,2,2
76600000,4.4412445e-08,3.7020072e-08,-1.846638e-08,0.0,0.0,-5.9604645e-08,0,1,1,0,0,0,0,2,2,2,2,2,2,2,2,2,2,2,2
76800000,-7.0940587e-09,4.656613e-10,3.2232492e-08,0.0,0.0,-5.9604645e-08,0,1,1,0,0,0,0,2,2,2,2,2,2,2,2,2,2,2,2
77000000,-6.2340405e-08,-1.792796e-08,-6.91216e-11,0.0,0.0,-5.9604645e-08,0,1,1,0,0,0,0,2,2,2,2,2,2,2,2,2,2,2,2
77200000,2.8594513e-08,-1.5366822e-08,-5.820766e-09,0.0,0.0,0.0,0,1,1,0,0,0,0,2,2,2,2,2,2,2,2,2,2,2,2
77400000,4.2535248e-08,2.3283064e-09,2.339948e-08,0.0,0.0,-5.9604645e-08,0,1,1,0,0,0,0,2,2,2,2,2,2,2,2,2,2,2,2
77600000,-8.8941306e-08,-2.339948e-08,1.7433194e-08,0.0,0.0,-5.9604645e-08,0,1,1,0,0,0,0,2,2,2,2,2,2,2,2,2,2,2,2
77800000,1.8888386e-08,-3.282912e-08,-1.4235411e-08,0.0,0.0,0.0,0,1,1,0,0,0,0,2,2,2,2,2,2,2,2,2,2,2,2
78000000,4.9418304e-08,2.3515895e-08,-1.6225385e-08,0.0,0.0,-5.9604645e-08,0,1,1,0,0,0,0,2,2,2,2,2,2,2,2,2,2,2,2
78200000,6.6298526e-08,-3.3760443e-08,-1.6822014e-08,0.0,0.0,-5.9604645e-08,0,1,1,0,0,0,0,2,2,2,2,2,2,2,2,2,2,2,2
78400000,-2.73576e-09,-1.5599653e-08,1.2335022e-08,0.0,0.0,-5.9604645e-08,0,1,1,0,0,0,0,2,2,2,2,2,2,2,2,2,2,2,2
78600000,-8.65839e-09,6.519258e-09,-1.2034434e-08,0.0,0.0,0.0,0,1,1,0,0,0,0,2,2,2,2,2,2,2,2,2,2,2,2
78792000,6.8277586e-08,-1.9790605e-08,2.5436748e-08,0.0,0.0,-5.9604645e-08,0,1,1,0,0,0,0,2,2,2,2,2,2,2,2,2,2,2,2
79000000,1.5454134e-08,-1.0477379e-08,-3.76167e-09,0.0,0.0,-5.9604645e-08,0,1,1,0,0,0,0,2,2,2,2,2,2,2,2,2,2,2,2
79200000,-5.0407834e-08,-3.1664968e-08,-1.5599653e-08,0.0,0.0,-5.9604645e-08,0,1,1,0,0,0,0,2,2,2,2,2,2,2,2,2,2,2,2
79400000,-2.0314474e-08,8.265488e-09,-2.5538611e-08,0.0,0.0,0.0,0,1,1,0,0,0,0,2,2,2,2,2,2,2,2,2,2,2,2
79600000,-2.7532224e-08,1.3969839e-08,-6.7520887e-09,0.0,0.0,0.0,0,1,1,0,0,0,0,2,2,2,2,2,2,2,2,2,2,2,2
79800000,-5.5297278e-08,3.213063e-08,-1.4275429e-08,0.0,0.0,0.0,0,1,1,0,0,0,0,2,2,2,2,2,2,2,2,2,2,2,2
80000000,-3.585592e-08,-8.8475645e-09,-3.060609e-08,0.0,0.0,0.0,0,1,1,0,0,0,0,2,2,2,2,2,2,2,2,2,2,2,2
80200000,-3.5157427e-08,-7.683411e-09,1.9063009e-08,0.0,0.0,0.0,0,1,1,0,0,0,0,2,2,2,2,2,2,2,2,2,2,2,2
80400000,1.2805685e-08,-1.8626451e-08,-8.4983185e-09,0.0,0.0,-5.9604645e-08,0,1,1,0,0,0,0,2,2,2,2,2,2,2,2,2,2,2,2
80600000,1.5483238e-08,1.1641532e-09,-7.872586e-09,0.0,0.0,0.0,0,1,1,0,0,0,0,2,2,2,2,2,2,2,2,2,2,2,2
80800000,-4.17931e-08,7.916242e-09,1.36496965e-08,0.0,0.0,0.0,0,1,1,0,0,0,0,2,2,2,2,2,2,2,2,2,2,2,2
81000000,-7.2293915e-08,-1.071021e-08,-9.313226e-09,0.0,0.0,-5.9604645e-08,0,1,1,0,0,0,0,2,2,2,2,2,2,2,2,2,2,2,2
81200000,-5.005859e-08,4.656613e-09,3.688183e-08,0.0,0.0,5.9604645e-08,0,1,1,0,0,0,0,2,2,2,2,2,2,2,2,2,2,2,2
81400000,3.389141e-08,5.122274e-09,-1.094304e-08,0.0,0.0,-5.9604645e-08,0,1,1,0,0,0,0,2,2,2,2,2,2,2,2,2,2,2,2
81600000,6.717892e-08,-1.6065314e-08,1.1466909e-08,0.0,0.0,5.9604645e-08,0,1,1,0,0,0,0,2,2,2,2,2,2,2,2,2,2,2,2
81800000,2.872548e-08,-2.0954758e-09,-6.1263563e-09,0.0,0.0,-1.1920929e-07,0,1,1,0,0,0,0,2,2,2,2,2,2,2,2,2,2,2,2
82000000,-5.372567e-08,-7.683411e-09,1.8189894e-08,0.0,0.0,-5.9604645e-08,0,1,1,0,0,0,0,2,2,2,2,2,2,2,2,2,2,2,2
82200000,-3.221794e-08,3.236346e-08,7.916242e-09,0.0,0.0,0.0,0,1,1,0,0,0,0,2,2,2,2,2,2,2,2,2,2,2,2
82400000,-1.7011189e-08,-3.9115548e-08,3.186142e-08,0.0,0.0,-5.9604645e-08,0,1,1,0,0,0,0,2,2,2,2,2,2,2,2,2,2,2,2
82600000,2.7750502e-08,-4.4470653e-08,5.5988494e-09,0.0,0.0,-5.9604645e-08,0,1,1,0,0,0,0,2,2,2,2,2,2,2,2,2,2,2,2
82800000,1.231092e-08,-1.839362e-08,-3.848527e-09,0.0,0.0,-5.9604645e-08,0,1,1,0,0,0,0,2,2,2,2,2,2,2,2,2,2,2,2
83000000,-1.5366822e-08,-1.4551915e-08,1.17579475e-08,0.0,0.0,0.0,0,1,1,0,0,0,0,2,2,2,2,2,2,2,2,2,2,2,2
83200000,1.754961e-08,-1.0477379e-08,3.2247044e-08,0.0,0.0,-5.9604645e-08,0,1,1,0,0,0,0,2,2,2,2,2,2,2,2,2,2,2,2
83400000,2.4330802e-08,9.313226e-09,1.6807462e-08,0.0,0.0,-5.9604645e-08,0,1,1,0,0,0,0,2,2,2,2,2,2,2,2,2,2,2,2
83600000,2.6775524e-09,-1.3969839e-09,1.3264071e-08,0.0,0.0,0.0,0,1,1,0,0,0,0,2,2,2,2,2,2,2,2,2,2,2,2
83800000,1.4202669e-08,3.4924597e-10,-2.0809239e-09,0.0,0.0,-1.1920929e-07,0,1,1,0,0,0,0,2,2,2,2,2,2,2,2,2,2,2,2
84000000,-1.2980308e-08,1.3620593e-08,-1.6298145e-09,0.0,0.0,-5.9604645e-08,0,1,1,0,0,0,0,2,2,2,2,2,2,2,2,2,2,2,2
84200000,3.3338438e-08,-2.5320332e-09,-1.6691047e-08,0.0,0.0,-5.9604645e-08,0,1,1,0,0,0,0,2,2,2,2,2,2,2,2,2,2,2,2
84400000,2.4650944e-08,1.5133992e-08,3.1279342e-08,0.0,0.0,0.0,0,1,1,0,0,0,0,2,2,2,2,2,2,2,2,2,2,2,2
84600000,-6.91507e-08,-1.9092113e-08,-1.8175342e-08,0.0,0.0,-5.9604645e-08,0,1,1,0,0,0,0,2,2,2,2,2,2,2,2,2,2,2,2
84800000,3.2548996e-08,6.0535967e-09,1.830631e-08,0.0,0.0,0.0,0,1,1,0,0,0,0,2,2,2,2,2,2,2,2,2,2,2,2
85000000,1.14087015e-08,5.2386895e-08,2.5029294e-09,0.0,0.0,0.0,0,1,1,0,0,0,0,2,2,2,2,2,2,2,2,2,2,2,2
85200000,-7.016206e-08,-1.2747478e-08,-4.269532e-08,0.0,0.0,0.0,0,1,1,0,0,0,0,2,2,2,2,2,2,2,2,2,2,2,2
85400000,1.3795216e-08,2.066372e-08,3.3396645e-08,0.0,0.0,0.0,0,1,1,0,0,0,0,2,2,2,2,2,2,2,2,2,2,2,2
85592000,4.656613e-08,4.656613e-09,-1.504668e-08,0.0,0.0,5.9604645e-08,0,1,1,0,0,0,0,2,2,2,2,2,2,2,2,2,2,2,2
85800000,-2.9220246e-08,2.0489097e-08,-1.0342774e-08,0.0,0.0,0.0,0,1,1,0,0,0,0,2,2,2,2,2,2,2,2,2,2,2,2
86000000,3.2014214e-09,1.9557774e-08,5.355105e-09,0.0,0.0,0.0,0,1,1,0,0,0,0,2,2,2,2,2,2,2,2,2,2,2,2
86192000,-4.492904e-09,1.2223609e-08,-1.0438953e-08,0.0,0.0,-5.9604645e-08,0,1,1,0,0,0,0,2,2,2,2,2,2,2,2,2,2,2,2
86400000,1.8742867e-08,2.4097972e-08,-9.516953e-09,0.0,0.0,-5.9604645e-08,0,1,1,0,0,0,0,2,2,2,2,2,2,2,2,2,2,2,2
86600000,-5.9371814e-09,-2.3050234e-08,3.5797711e-09,0.0,0.0,-5.9604645e-08,0,1,1,0,0,0,0,2,2,2,2,2,2,2,2,2,2,2,2
86792000,-1.5483238e-08,-2.7241185e-08,5.0786184e-08,0.0,0.0,-5.9604645e-08,0,1,1,0,0,0,0,2,2,2,2,2,2,2,2,2,2,2,2
87000000,-2.7706847e-08,3.0267984e-08,2.8754584e-08,0.0,0.0,-5.9604645e-08,0,1,1,0,0,0,0,2,2,2,2,2,2,2,2,2,2,2,2
87200000,2.8201612e-08,-4.353933e-08,-3.2800017e-08,0.0,0.0,-5.9604645e-08,0,1,1,0,0,0,0,2,2,2,2,2,2,2,2,2,2,2,2
87400000,5.4598786e-08,-2.5844201e-08,-2.1536835e-08,0.0,0.0,0.0,0,1,1,0,0,0,0,2,2,2,2,2,2,2,2,2,2,2,2
87600000,3.8417056e-08,-1.3620593e-08,2.3515895e-08,0.0,0.0,-5.9604645e-08,0,1,1,0,0,0,0,2,2,2,2,2,2,2,2,2,2,2,2
87800000,-1.1030352e-08,-5.47152e-09,-1.625449e-08,0.0,0.0,0.0,0,1,1,0,0,0,0,2,2,2,2,2,2,2,2,2,2,2,2
88000000,-4.067988e-08,-1.6298145e-09,2.5742338e-08,0.0,0.0,-5.9604645e-08,0,1,1,0,0,0,0,2,2,2,2,2,2,2,2,2,2,2,2
88200000,1.7083948e-08,4.2142347e-08,-2.3370376e-08,0.0,0.0,-5.9604645e-08,0,1,1,0,0,0,0,2,2,2,2,2,2,2,2,2,2,2,2
88400000,-9.825453e-08,2.0954758e-08,-2.5815098e-08,0.0,0.0,-5.9604645e-08,0,1,1,0,0,0,0,2,2,2,2,2,2,2,2,2,2,2,2
88600000,3.0413503e-08,-2.0954758e-09,3.434252e-09,0.0,0.0,0.0,0,1,1,0,0,0,0,2,2,2,2,2,2,2,2,2,2,2,2
88800000,-4.307367e-08,3.5157427e-08,-4.2491592e-09,0.0,0.0,0.0,0,1,1,0,0,0,0,2,2,2,2,2,2,2,2,2,2,2,2
89000000,-2.287561e-08,-6.868504e-09,-2.5167537e-08,0.0,0.0,-5.9604645e-08,0,1,1,0,0,0,0,2,2,2,2,2,2,2,2,2,2,2,2
89200000,-1.2369128e-08,-2.7241185e-08,-8.076313e-09,0.0,0.0,-5.9604645e-08,0,1,1,0,0,0,0,2,2,2,2,2,2,2,2,2,2,2,2
89400000,7.159542e-08,-6.519258e-09,-2.3657776e-08,0.0,0.0,-5.9604645e-08,0,1,1,0,0,0,0,2,2,2,2,2,2,2,2,2,2,2,2
89592000,8.837378e-08,3.0267984e-09,3.0267984e-09,0.0,0.0,-5.9604645e-08,0,1,1,0,0,0,0,2,2,2,2,2,2,2,2,2,2,2,2
89800000,4.2247848e-08,9.778887e-09,2.2992026e-09,0.0,0.0,-5.9604645e-08,0,1,1,0,0,0,0,2,2,2,2,2,2,2,2,2,2,2,2
90000000,-1.5366822e-08,2.73576e-08,-4.3946784e-09,0.0,0.0,-5.9604645e-08,0,1,1,0,0,0,0,2,2,2,2,2,2,2,2,2,2,2,2
90200000,-7.756171e-09,4.0512532e-08,1.3795216e-08,0.0,0.0,0.0,0,1,1,0,0,0,0,2,2,2,2,2,2,2,2,2,2,2,2
90400000,-1.504668e-08,8.061761e-09,1.8568244e-08,0.0,0.0,-5.9604645e-08,0,1,1,0,0,0,0,2,2,2,2,2,2,2,2,2,2,2,2
90600000,4.6915375e-08,2.8521754e-08,3.0675437e-08,0.0,0.0,0.0,0,1,1,0,0,0,0,2,2,2,2,2,2,2,2,2,2,2,2
90800000,-2.4789188e-08,2.9802322e-08,1.1990778e-08,0.0,0.0,-5.9604645e-08,0,1,1,0,0,0,0,2,2,2,2,2,2,2,2,2,2,2,2
91000000,3.1257514e-08,-1.3271347e-08,-1.96178e-08,0.0,0.0,0.0,0,1,1,0,0,0,0,2,2,2,2,2,2,2,2,2,2,2,2
91200000,2.8405339e-08,0.0,-2.4185283e-08,0.0,0.0,0.0,0,1,1,0,0,0,0,2,2,2,2,2,2,2,2,2,2,2,2
91400000,-1.6472768e-08,-1.21071935e-08,-4.69754e-09,0.0,0.0,0.0,0,1,1,0,0,0,0,2,2,2,2,2,2,2,2,2,2,2,2
91600000,-6.99074e-08,-2.3283064e-08,7.9744495e-09,0.0,0.0,0.0,0,1,1,0,0,0,0,2,2,2,2,2,2,2,2,2,2,2,2
91800000,2.8812792e-09,6.0535967e-09,8.032657e-09,0.0,0.0,0.0,0,1,1,0,0,0,0,2,2,2,2,2,2,2,2,2,2,2,2
92000000,-4.4412445e-08,2.537854e-08,1.0948327e-08,0.0,0.0,0.0,0,1,1,0,0,0,0,2,2,2,2,2,2,2,2,2,2,2,2
92200000,-6.194023e-08,1.5948899e-08,3.1883246e-08,0.0,0.0,-5.9604645e-08,0,1,1,0,0,0,0,2,2,2,2,2,2,2,2,2,2,2,2
92400000,1.0477379e-08,-5.378388e-08,-9.6197255e-09,0.0,0.0,-5.9604645e-08,0,1,1,0,0,0,0,2,2,2,2,2,2,2,2,2,2,2,2
92600000,-4.109461e-08,2.7939677e-09,-6.830305e-09,0.0,0.0,0.0,0,1,1,0,0,0,0,2,2,2,2,2,2,2,2,2,2,2,2
92800000,-1.9790605e-09,2.7008355e-08,-3.6670826e-09,0.0,0.0,-1.1920929e-07,0,1,1,0,0,0,0,2,2,2,2,2,2,2,2,2,2,2,2
93000000,2.4907422e-08,-3.958121e-09,-3.063178e-08,0.0,0.0,-5.9604645e-08,0,1,1,0,0,0,0,2,2,2,2,2,2,2,2,2,2,2,2
93200000,-7.869676e-08,-8.8475645e-09,1.8146238e-08,0.0,0.0,-5.9604645e-08,0,1,1,0,0,0,0,2,2,2,2,2,2,2,2,2,2,2,2
93400000,2.2351742e-08,-2.6775524e-08,-7.4360287e-09,0.0,0.0,0.0,0,1,1,0,0,0,0,2,2,2,2,2,2,2,2,2,2,2,2
93600000,-7.610652e-08,-3.0035153e-08,6.693881e-09,0.0,0.0,0.0,0,1,1,0,0,0,0,2,2,2,2,2,2,2,2,2,2,2,2
93800000,-4.8894435e-09,1.5366822e-08,-4.976755e-09,0.0,0.0,0.0,0,1,1,0,0,0,0,2,2,2,2,2,2,2,2,2,2,2,2
94000000,-1.46683306e-08,-3.1664968e-08,-3.97813e-09,0.0,0.0,-5.9604645e-08,0,1,1,0,0,0,0,2,2,2,2,2,2,2,2,2,2,2,2
94200000,1.5599653e-08,1.6763806e-08,1.1641532e-10,0.0,0.0,-1.1920929e-07,0,1,1,0,0,0,0,2,2,2,2,2,2,2,2,2,2,2,2
94400000,3.3417564e-08,-2.5262125e-08,6.5774657e-09,0.0,0.0,-5.9604645e-08,0,1,1,0,0,0,0,2,2,2,2,2,2,2,2,2,2,2,2
94600000,-1.5716068e-09,-2.4097972e-08,3.0791853e-08,0.0,0.0,-5.9604645e-08,0,1,1,0,0,0,0,2,2,2,2,2,2,2,2,2,2,2,2
94800000,4.48199e-08,2.1304004e-08,-7.392373e-09,0.0,0.0,-5.9604645e-08,0,1,1,0,0,0,0,2,2,2,2,2,2,2,2,2,2,2,2
95000000,-5.6286808e-08,3.8417056e-08,-1.8626451e-09,0.0,0.0,-1.1920929e-07,0,1,1,0,0,0,0,2,2,2,2,2,2,2,2,2,2,2,2
95200000,4.5110937e-08,1.3038516e-08,-2.4185283e-08,0.0,0.0,0.0,0,1,1,0,0,0,0,2,2,2,2,2,2,2,2,2,2,2,2
95400000,4.1618478e-08,-2.4447218e-08,1.8626451e-08,0.0,0.0,0.0,0,1,1,0,0,0,0,2,2,2,2,2,2,2,2,2,2,2,2
95600000,5.9459126e-08,1.8626451e-09,-9.851647e-09,0.0,0.0,-5.9604645e-08,0,1,1,0,0,0,0,2,2,2,2,2,2,2,2,2,2,2,2
95800000,2.764864e-09,-8.381903e-09,-2.4039764e-08,0.0,0.0,-5.9604645e-08,0,1,1,0,0,0,0,2,2,2,2,2,2,2,2,2,2,2,2
95992000,5.6810677e-08,2.7939677e-09,6.9703674e-09,0.0,0.0,0.0,0,1,1,0,0,0,0,2,2,2,2,2,2,2,2,2,2,2,2
96200000,5.0116796e-08,5.5879354e-09,1.4493708e-08,0.0,0.0,0.0,0,1,1,0,0,0,0,2,2,2,2,2,2,2,2,2,2,2,2
96400000,-2.5494955e-08,-4.656613e-09,-4.1029125e-08,0.0,0.0,-5.9604645e-08,0,1,1,0,0,0,0,2,2,2,2,2,2,2,2,2,2,2,2
96600000,-4.1909516e-08,3.282912e-08,2.6833732e-08,0.0,0.0,0.0,0,1,1,0,0,0,0,2,2,2,2,2,2,2,2,2,2,2,2
96800000,8.4750354e-08,-1.1525117e-08,-7.625204e-09,0.0,0.0,-5.9604645e-08,0,1,1,0,0,0,0,2,2,2,2,2,2,2,2,2,2,2,2
97000000,4.3888576e-08,9.546056e-09,3.259629e-09,0.0,0.0,-5.9604645e-08,0,1,1,0,0,0,0,2,2,2,2,2,2,2,2,2,2,2,2
97200000,-4.924368e-08,-1.7462298e-08,3.3702236e-08,0.0,0.0,-5.9604645e-08,0,1,1,0,0,0,0,2,2,2,2,2,2,2,2,2,2,2,2
97400000,8.869392e-09,1.7462298e-08,-2.3080247e-08,0.0,0.0,0.0,0,1,1,0,0,0,0,2,2,2,2,2,2,2,2,2,2,2,2
97600000,-1.0684016e-07,-9.313226e-09,-1.2674718e-08,0.0,0.0,-5.9604645e-08,0,1,1,0,0,0,0,2,2,2,2,2,2,2,2,2,2,2,2
97800000,4.831236e-08,-6.9849193e-10,-3.783498e-10,0.0,0.0,0.0,0,1,1,0,0,0,0,2,2,2,2,2,2,2,2,2,2,2,2
98000000,6.7520887e-09,-1.8626451e-08,3.3993274e-08,0.0,0.0,0.0,0,1,1,0,0,0,0,2,2,2,2,2,2,2,2,2,2,2,2
98200000,4.0745363e-10,3.0267984e-09,-1.3358658e-08,0.0,0.0,-5.9604645e-08,0,1,1,0,0,0,0,2,2,2,2,2,2,2,2,2,2,2,2
98400000,3.0500814e-08,-1.839362e-08,-2.0372681e-09,0.0,0.0,0.0,0,1,1,0,0,0,0,2,2,2,2,2,2,2,2,2,2,2,2
98600000,-1.2398232e-08,-3.4924597e-10,-3.517198e-08,0.0,0.0,0.0,0,1,1,0,0,0,0,2,2,2,2,2,2,2,2,2,2,2,2
98800000,-1.2177043e-07,5.820766e-09,1.853914e-08,0.0,0.0,0.0,0,1,1,0,0,0,0,2,2,2,2,2,2,2,2,2,2,2,2
99000000,1.094304e-08,2.3283064e-09,-1.9063009e-08,0.0,0.0,-5.9604645e-08,0,1,1,0,0,0,0,2,2,2,2,2,2,2,2,2,2,2,2
99200000,3.8926373e-08,-1.9092113e-08,1.778244e-08,0.0,0.0,-5.9604645e-08,0,1,1,0,0,0,0,2,2,2,2,2,2,2,2,2,2,2,2
99400000,-4.656613e-09,8.381903e-09,-1.6497324e-08,0.0,0.0,0.0,0,1,1,0,0,0,0,2,2,2,2,2,2,2,2,2,2,2,2
99600000,-7.147901e-08,-2.3981556e-08,-2.514571e-08,0.0,0.0,-5.9604645e-08,0,1,1,0,0,0,0,2,2,2,2,2,2,2,2,2,2,2,2
99800000,-5.448237e-08,-1.2572855e-08,-4.656613e-10,0.0,0.0,0.0,0,1,1,0,0,0,0,2,2,2,2,2,2,2,2,2,2,2,2
100000000,-6.7520887e-09,-1.792796e-08,5.9517333e-09,0.0,0.0,0.0,0,1,1,0,0,0,0,2,2,2,2,2,2,2,2,2,2,2,2
100200000,1.5133992e-09,-3.0966476e-08,3.550349e-08,0.0,0.0,0.0,0,1,1,0,0,0,0,2,2,2,2,2,2,2,2,2,2,2,2
100400000,-4.656613e-10,1.6298145e-09,-1.6210834e-08,0.0,0.0,0.0,0,1,1,0,0,0,0,2,2,2,2,2,2,2,2,2,2,2,2
100600000,4.656613e-09,4.8894435e-09,-1.3220415e-08,0.0,0.0,0.0,0,1,1,0,0,0,0,2,2,2,2,2,2,2,2,2,2,2,2
100800000,6.391201e-08,5.122274e-09,-1.0837539e-08,0.0,0.0,-5.9604645e-08,0,1,1,0,0,0,0,2,2,2,2,2,2,2,2,2,2,2,2
101000000,-3.7252903e-08,-1.5366822e-08,-4.627509e-09,0.0,0.0,-5.9604645e-08,0,1,1,0,0,0,0,2,2,2,2,2,2,2,2,2,2,2,2
101200000,3.1432137e-08,2.3283064e-08,-9.57516e-09,0.0,0.0,0.0,0,1,1,0,0,0,0,2,2,2,2,2,2,2,2,2,2,2,2
101400000,-3.1199306e-08,-1.1175871e-08,-7.21775e-09,0.0,0.0,-5.9604645e-08,0,1,1,0,0,0,0,2,2,2,2,2,2,2,2,2,2,2,2
101600000,-2.6309863e-08,-1.3969839e-09,-2.764864e-09,0.0,0.0,0.0,0,1,1,0,0,0,0,2,2,2,2,2,2,2,2,2,2,2,2
101800000,2.2584572e-08,1.3504177e-08,-1.2259989e-08,0.0,0.0,-1.1920929e-07,0,1,1,0,0,0,0,2,2,2,2,2,2,2,2,2,2,2,2
102000000,6.2864274e-09,-2.6775524e-08,-2.4592737e-08,0.0,0.0,-5.9604645e-08,0,1,1,0,0,0,0,2,2,2,2,2,2,2,2,2,2,2,2
102200000,4.3422915e-08,-3.632158e-08,1.6880222e-09,0.0,0.0,-5.9604645e-08,0,1,1,0,0,0,0,2,2,2,2,2,2,2,2,2,2,2,2
102400000,3.7252903e-08,-3.7252903e-09,1.0128133e-08,0.0,0.0,-5.9604645e-08,0,1,1,0,0,0,0,2,2,2,2,2,2,2,2,2,2,2,2
102600000,1.4901161e-08,-7.450581e-09,-1.0506483e-08,0.0,0.0,0.0,0,1,1,0,0,0,0,2,2,2,2,2,2,2,2,2,2,2,2
102800000,5.5879354e-08,1.8626451e-08,5.3987605e-09,0.0,0.0,0.0,0,1,1,0,0,0,0,2,2,2,2,2,2,2,2,2,2,2,2
103000000,-2.2351742e-08,7.450581e-09,-1.12413545e-08,0.0,0.0,-2.9802322e-08,0,1,1,0,0,0,0,2,2,2,2,2,2,2,2,2,2,2,2
103192000,5.2154064e-08,0.0,3.7107384e-09,0.0,0.0,2.9802322e-08,0,1,1,0,0,0,0,2,2,2,2,2,2,2,2,2,2,2,2
103400000,2.9802322e-08,7.450581e-09,-1.3707904e-08,0.0,0.0,-7.450581e-09,0,1,1,0,0,0,0,2,2,2,2,2,2,2,2,2,2,2,2
103600000,0.0,0.0,8.1490725e-10,0.0,0.0,-7.450581e-09,0,1,1,0,0,0,0,2,2,2,2,2,2,2,2,2,2,2,2
103800000,7.450581e-09,-1.4901161e-08,-5.4133125e-09,0.0,0.0,0.0,0,1,1,0,0,0,0,2,2,2,2,2,2,2,2,2,2,2,2
104000000,-0.090427384,0.07939966,0.00014954589,0.0,0.0,1.9790605e-09,0,0,1,0,-2,0,-2,2,2,2,2,2,2,2,2,2,2,2,2
104200000,-0.08985725,0.07862338,-0.0012106693,0.0,0.0,1.9790605e-09,0,0,1,0,-2,0,-2,2,2,2,2,2,2,2,2,2,2,2,2
104400000,-0.090996526,0.08079843,-0.00031163087,0.0,0.0,1.1641532e-10,0,0,1,0,-2,0,-2,2,2,2,2,2,2,2,2,2,2,2,2
104600000,-0.09083088,0.078883685,-0.00034703247,0.0,0.0,1.9790605e-09,0,0,1,0,-2,0,-2,2,2,2,2,2,2,2,2,2,2,2,2
104800000,-0.090664454,0.079738915,-0.00085538754,0.0,0.0,1.9790605e-09,0,0,1,0,-2,0,-2,2,2,2,2,2,2,2,2,2,2,2,2
104992000,-0.090136856,0.079466365,-0.00057394465,0.0,0.0,1.9790605e-09,0,0,1,0,-2,0,-2,2,2,2,2,2,2,2,2,2,2,2,2
105200000,-0.090637416,0.0792281,-7.8831494e-05,0.0,0.0,1.1641532e-10,0,0,1,0,-2,0,-2,2,2,2,2,2,2,2,2,2,2,2,2
105400000,-0.09128069,0.08030928,-0.0005021707,0.0,0.0,1.9790605e-09,0,0,1,0,-2,0,-2,2,2,2,2,2,2,2,2,2,2,2,2
105600000,-0.09047256,0.080616325,-0.00054265227,0.0,0.0,-1.7462298e-09,0,0,1,0,-2,0,-2,2,2,2,2,2,2,2,2,2,2,2,2
105800000,-0.0901277,0.07999142,-0.000567124,0.0,0.0,1.9790605e-09,0,0,1,0,-2,0,-2,2,2,2,2,2,2,2,2,2,2,2,2
106000000,-0.030473953,0.025931882,0.00018112747,0.0,0.0,1.1641532e-10,0,0,1,0,-2,0,-2,2,2,2,2,2,2,2,2,2,2,2,2
106200000,-0.030075138,0.02642991,-0.00024258175,0.0,0.0,-8.1490725e-10,0,0,1,0,-2,0,-2,2,2,2,2,2,2,2,2,2,2,2,2
106400000,-0.030842263,0.026139852,-9.902756e-05,0.0,0.0,-8.1490725e-10,0,0,1,0,-2,0,-2,2,2,2,2,2,2,2,2,2,2,2,2
106600000,-0.029319443,0.026118092,-0.00040641724,0.0,0.0,-1.2805685e-09,0,0,1,0,-2,0,-2,2,2,2,2,2,2,2,2,2,2,2,2
106800000,-0.03050044,0.026357964,-0.00037106642,0.0,0.0,-1.2805685e-09,0,0,1,0,-2,0,-2,2,2,2,2,2,2,2,2,2,2,2,2
