timestamp,timestamp_sample,gyro_device_id,gyro_bias[0],gyro_bias[1],gyro_bias[2],gyro_bias_limit,gyro_bias_variance[0],gyro_bias_variance[1],gyro_bias_variance[2],accel_device_id,accel_bias[0],accel_bias[1],accel_bias[2],accel_bias_limit,accel_bias_variance[0],accel_bias_variance[1],accel_bias_variance[2],mag_device_id,mag_bias[0],mag_bias[1],mag_bias[2],mag_bias_limit,mag_bias_variance[0],mag_bias_variance[1],mag_bias_variance[2],gyro_bias_valid,gyro_bias_stable,accel_bias_valid,accel_bias_stable,mag_bias_valid,mag_bias_stable
960000,880000,1310988,-0.00014581303,0.0011970443,-1.4636623e-05,0.15,0.012601224,0.012604347,0.012613119,1310988,0.0,0.0,0.0,0.4,0.050452486,0.050452486,0.050452486,197388,0.0,0.0,0.0,0.5,0.0,0.0,0.0,1,0,1,0,1,0
1168000,1088000,1310988,-0.0005270469,0.004821289,-5.3815573e-05,0.15,0.013154477,0.013172233,0.013223372,1310988,0.0,0.0,0.0,0.4,0.052893713,0.052893713,0.052893713,197388,0.0,0.0,0.0,0.5,0.0,0.0,0.0,1,0,1,0,1,0
1376000,1296000,1310988,-0.0015519591,0.015664108,-0.00017181074,0.15,0.013435404,0.013506083,0.013723823,1310988,0.0,0.0,0.0,0.4,0.054896362,0.054896362,0.054896362,197388,0.0,0.0,0.0,0.5,0.0,0.0,0.0,1,0,1,0,1,0
1584000,1504000,1310988,-0.0035486233,0.04082749,-0.00045570996,0.15,0.013235406,0.013429986,0.014128513,1310988,0.0,0.0,0.0,0.4,0.056517027,0.056517027,0.056517027,197388,0.0,0.0,0.0,0.5,0.0,0.0,0.0,1,0,1,0,1,0
1792000,1712000,1310988,-0.0063759238,0.08567944,-0.0009889952,0.15,0.012352925,0.012713789,0.014452338,1310988,0.0,0.0,0.0,0.4,0.05781442,0.05781442,0.05781442,197388,0.0,0.0,0.0,0.5,0.0,0.0,0.0,1,0,1,0,1,0
2000000,1920000,1310988,-0.009687212,0.14551997,-0.0017237872,0.15,0.010854195,0.011292788,0.014709497,1310988,0.0,0.0,0.0,0.4,0.058844164,0.058844164,0.058844164,197388,0.0,0.0,0.0,0.5,0.0,0.0,0.0,1,0,1,0,1,0
2208000,2128000,1310988,-0.0133406175,0.20357652,-0.0025127612,0.15,0.009112664,0.009430904,0.014908335,1310988,0.0,0.0,-0.00031022716,0.4,0.059655968,0.059655968,0.059655838,197388,0.0,0.0,0.0,0.5,0.0,0.0,0.0,1,0,1,0,1,0
2216000,2136000,1310988,-0.013343689,0.15003455,-0.0025133397,0.15,0.00911686,0.009435248,0.014915203,1310988,0.0,0.0,-0.0003102986,0.4,0.05968344,0.05968344,0.05968331,197388,0.0,0.0,0.0,0.5,0.0,0.0,0.0,1,0,1,0,1,0
2416000,2336000,1310988,-0.016372051,0.19017233,-0.0031377294,0.15,0.0075066164,0.007622611,0.015042269,1310988,0.0,0.0,-0.00077252527,0.4,0.060292594,0.060292594,0.06029107,197388,0.0,0.0,0.0,0.5,0.0,0.0,0.0,1,0,1,0,1,0
2424000,2344000,1310988,-0.01637497,0.15002675,-0.0031382886,0.15,0.007509294,0.0076253293,0.015047636,1310988,0.0,0.0,-0.000772663,0.4,0.060314097,0.060314097,0.060312573,197388,0.0,0.0,0.0,0.5,0.0,0.0,0.0,1,0,1,0,1,0
2624000,2544000,1310988,-0.017480582,0.1689595,-0.0034050923,0.15,0.0061964192,0.006127679,0.015084892,1310988,0.0,0.0,-0.0011392187,0.4,0.06078983,0.06078983,0.060778733,197388,0.0,0.0,0.0,0.5,0.0,0.0,0.0,1,0,1,0,1,0
2632000,2552000,1310988,-0.017482992,0.15002067,-0.0034055617,0.15,0.0061981273,0.0061293677,0.015089051,1310988,0.0,0.0,-0.0011393757,0.4,0.060806584,0.060806584,0.060795482,197388,0.0,0.0,0.0,0.5,0.0,0.0,0.0,1,0,1,0,1,0
2832000,2752000,1310988,-0.016493492,0.15286894,-0.0029845245,0.15,0.0051900446,0.004983055,0.015002126,1310988,0.0,0.0,-0.0016396536,0.4,0.061176933,0.061176933,0.06114441,197388,0.0,0.0,0.0,0.5,0.0,0.0,0.0,1,0,1,0,1,0
2840000,2760000,1310988,-0.016495248,0.15001597,-0.002984842,0.15,0.005191149,0.0049841157,0.01500532,1310988,0.0,0.0,-0.0016398282,0.4,0.061189953,0.061189953,0.061157424,197388,0.0,0.0,0.0,0.5,0.0,0.0,0.0,1,0,1,0,1,0
3040000,2960000,1310988,-0.014160986,0.1430326,-0.0013113928,0.15,0.0044395872,0.0041111037,0.014775357,1310988,0.0,0.0,-0.001643677,0.4,0.061477523,0.061477523,0.06144484,197388,0.0,0.0,0.0,0.5,0.0,0.0,0.0,1,0,1,0,1,0
3248000,3168000,1310988,-0.011685929,0.13094787,0.002038359,0.15,0.003888436,0.003429635,0.01442318,1310988,0.0,0.0,-0.0016467887,0.4,0.061710518,0.061710518,0.061677713,197388,0.0,0.0,0.0,0.5,0.0,0.0,0.0,1,0,1,0,1,0
3456000,3376000,1310988,-0.010076744,0.11615963,0.00708403,0.15,0.00348246,0.0028818208,0.014001033,1310988,0.0,0.0,-0.0016491932,0.4,0.061890863,0.061890863,0.06185796,197388,0.0,0.0,0.0,0.5,0.0,0.0,0.0,1,0,1,0,1,0
3664000,3584000,1310988,-0.009990337,0.10034206,0.013383982,0.15,0.0031726875,0.0024365727,0.013580647,1310988,0.0,0.0,-0.0016510491,0.4,0.062030237,0.062030237,0.06199726,197388,0.0,0.0,0.0,0.5,0.0,0.0,0.0,1,0,1,0,1,0
3872000,3792000,1310988,-0.011555505,0.08477052,0.020298481,0.15,0.0029183484,0.0020717534,0.013223452,1310988,0.0,0.0,-0.0016559375,0.4,0.062137872,0.062137872,0.062104836,197388,0.0,0.0,0.0,0.5,0.0,0.0,0.0,1,0,1,0,1,0
4080000,4000000,1310988,-0.014449085,0.07018977,0.027298648,0.15,0.0026904412,0.0017712626,0.0129643865,1310988,0.0,0.0,-0.0020314883,0.4,0.062221006,0.062221006,0.062187683,197388,0.0,0.0,0.0,0.5,0.0,0.0,0.0,1,0,1,0,1,0
4288000,4208000,1310988,-0.01809821,0.056875862,0.03389314,0.15,0.0024705534,0.0015239296,0.012810439,1310988,0.0,0.0,-0.0033347188,0.4,0.062285084,0.062285084,0.06224806,197388,0.0,0.0,0.0,0.5,0.0,0.0,0.0,1,0,1,0,1,0
4496000,4416000,1310988,-0.021805273,0.04507718,0.03965915,0.15,0.0022488816,0.0013165724,0.012742692,1310988,0.0,0.0,-0.0057867016,0.4,0.0623345,0.0623345,0.062277153,197388,0.0,0.0,0.0,0.5,0.0,0.0,0.0,1,0,1,0,1,0
4704000,4624000,1310988,-0.024931666,0.03467632,0.0440492,0.15,0.0020212007,0.0011402975,0.012721362,1310988,0.0,0.0,-0.009185462,0.4,0.06237256,0.06237256,0.062270798,197388,0.0,0.0,0.0,0.5,0.0,0.0,0.0,1,0,1,0,1,0
4840000,4760000,1310988,-0.024960177,0.034847412,0.044183414,0.15,0.0020218168,0.0011390686,0.012724512,1310988,0.0,0.0,-0.010272676,0.4,0.062392615,0.062392615,0.06222228,197388,0.0,0.0,0.0,0.5,0.0,0.0,0.0,1,0,1,0,1,0
4912000,4832000,1310988,-0.026995363,0.025573175,0.046505045,0.15,0.0017868642,0.0009853342,0.012688544,1310988,0.0,0.0,-0.0137546025,0.4,0.06240192,0.06240192,0.06218072,197388,0.0,0.0,0.0,0.5,0.0,0.0,0.0,1,0,1,0,1,0
5016000,4936000,1310988,-0.027025973,0.025688583,0.04662541,0.15,0.0017871566,0.0009846536,0.012690078,1310988,0.0,0.0,-0.014902657,0.4,0.062413972,0.062413972,0.062102932,197388,0.0,0.0,0.0,0.5,0.0,0.0,0.0,1,0,1,0,1,0
5120000,5040000,1310988,-0.027699213,0.01749375,0.04636184,0.15,0.00154828,0.0008458623,0.012576944,1310988,0.0,0.0,-0.018683596,0.4,0.062424544,0.062424544,0.062035844,197388,0.0,0.0,0.0,0.5,0.0,0.0,0.0,1,0,1,0,1,0
5136000,5056000,1310988,-0.027723417,0.01756495,0.046453103,0.15,0.0015482797,0.0008455467,0.0125767,1310988,0.0,0.0,-0.019684147,0.4,0.062426057,0.062426057,0.061970584,197388,0.0,0.0,0.0,0.5,0.0,0.0,0.0,1,0,1,0,1,0
5256000,5176000,1310988,-0.027763586,0.017673502,0.04659711,0.15,0.0015484462,0.0008449538,0.012577535,1310988,0.0,0.0,-0.021294797,0.4,0.062436458,0.062436458,0.061814107,197388,0.0,0.0,0.0,0.5,0.0,0.0,0.0,1,0,1,0,1,0
5328000,5248000,1310988,-0.027081657,0.010406305,0.043467123,0.15,0.0013103565,0.0007171685,0.012319825,1310988,0.0,0.0,-0.025183612,0.4,0.062441994,0.062441994,0.06169738,197388,0.0,0.0,0.0,0.5,0.0,0.0,0.0,1,0,1,0,1,0
5376000,5296000,1310988,-0.02710567,0.010460546,0.043552093,0.15,0.0013103761,0.0007169268,0.012319819,1310988,0.0,0.0,-0.026273333,0.4,0.062445406,0.062445406,0.06158618,197388,0.0,0.0,0.0,0.5,0.0,0.0,0.0,1,0,1,0,1,0
5440000,5360000,1310988,-0.027129196,0.010511651,0.043633834,0.15,0.0013104063,0.0007166757,0.012319907,1310988,0.0,0.0,-0.027333623,0.4,0.062449656,0.062449656,0.061459467,197388,0.0,0.0,0.0,0.5,0.0,0.0,0.0,1,0,1,0,1,0
5496000,5416000,1310988,-0.027152874,0.010562002,0.043715507,0.15,0.0013104137,0.0007164032,0.012319782,1310988,0.0,0.0,-0.028408546,0.4,0.062453113,0.062453113,0.06131894,197388,0.0,0.0,0.0,0.5,0.0,0.0,0.0,1,0,1,0,1,0
5536000,5456000,1310988,-0.025355482,0.004138988,0.037825827,0.15,0.0010803837,0.0005986136,0.011872872,1310988,0.0,0.0,-0.030828545,0.4,0.062455438,0.062455438,0.061304454,197388,0.0,0.0,0.0,0.5,0.0,0.0,0.0,1,0,1,0,1,0
5560000,5480000,1310988,-0.0253834,0.004194635,0.037925072,0.15,0.0010803522,0.0005984051,0.011872427,1310988,0.0,0.0,-0.03234039,0.4,0.06245677,0.06245677,0.061142128,197388,0.0,0.0,0.0,0.5,0.0,0.0,0.0,1,0,1,0,1,0
5744000,5664000,1310988,-0.02298634,-0.0012407321,0.030248765,0.15,0.0008670704,0.0004913995,0.011231581,1310988,0.0,0.0,-0.034609146,0.4,0.06246579,0.06246579,0.061127193,197388,0.0,0.0,0.0,0.5,0.0,0.0,0.0,1,0,1,0,1,0
5920000,5840000,1310988,-0.023008369,-0.001210244,0.030320711,0.15,0.0008671117,0.00049133267,0.0112321805,1310988,0.0,0.0,-0.035961144,0.4,0.06247265,0.06247265,0.06089913,197388,0.0,0.0,0.0,0.5,0.0,0.0,0.0,1,0,1,0,1,0
5952000,5872000,1310988,-0.020490944,-0.0056149513,0.021986032,0.15,0.00067829754,0.00039718844,0.01043371,1310988,0.0,0.0,-0.036920633,0.4,0.06247374,0.06247374,0.060895544,197388,0.0,0.0,0.0,0.5,0.0,0.0,0.0,1,0,1,0,1,0
5976000,5896000,1310988,-0.020503482,-0.0055963197,0.022029826,0.15,0.0006782983,0.0003971757,0.010433744,1310988,0.0,0.0,-0.037949674,0.4,0.06247453,0.06247453,0.06084175,197388,0.0,0.0,0.0,0.5,0.0,0.0,0.0,1,0,1,0,1,0
6040000,5960000,1310988,-0.020518089,-0.0055751195,0.022080326,0.15,0.0006783083,0.00039716155,0.010433927,1310988,0.0,0.0,-0.039131563,0.4,0.062476534,0.062476534,0.060759444,197388,0.0,0.0,0.0,0.5,0.0,0.0,0.0,1,0,1,0,1,0
6096000,6016000,1310988,-0.020540211,-0.0055428273,0.022157282,0.15,0.0006783095,0.00039713545,0.010433991,1310988,0.0,0.0,-0.04093873,0.4,0.06247815,0.06247815,0.060646288,197388,0.0,0.0,0.0,0.5,0.0,0.0,0.0,1,0,1,0,1,0
6160000,6080000,1310988,-0.018286569,-0.008882141,0.014333975,0.15,0.0005192627,0.00031742806,0.009548196,1310988,0.0,0.0,-0.043176733,0.4,0.06247986,0.06247986,0.06049009,197388,0.0,0.0,0.0,0.5,0.0,0.0,0.0,1,0,1,0,1,0
6208000,6128000,1310988,-0.018324899,-0.008823034,0.014471659,0.15,0.00051913084,0.00031709205,0.009546531,1310988,0.0,0.0,-0.04732146,0.4,0.062481068,0.062481068,0.05881222,197388,0.0,0.0,0.0,0.5,0.0,0.0,0.0,1,0,1,0,1,0
6216000,6136000,1310988,-0.018337386,-0.008803744,0.014516586,0.15,0.0005191241,0.00031707296,0.009546452,1310988,0.0,0.0,-0.048674688,0.4,0.06248126,0.06248126,0.058713607,197388,0.0,0.0,0.0,0.5,0.0,0.0,0.0,1,0,1,0,1,0
6280000,6200000,1310988,-0.01835437,-0.008778099,0.014577108,0.15,0.00051912485,0.0003170528,0.009546522,1310988,0.0,0.0,-0.05049658,0.4,0.06248273,0.06248273,0.058574125,197388,0.0,0.0,0.0,0.5,0.0,0.0,0.0,1,0,1,0,1,0
6336000,6256000,1310988,-0.018372104,-0.008751418,0.014640356,0.15,0.0005191199,0.0003170234,0.009546508,1310988,0.0,0.0,-0.052404847,0.4,0.06248394,0.06248394,0.05839257,197388,0.0,0.0,0.0,0.5,0.0,0.0,0.0,1,0,1,0,1,0
6368000,6288000,1310988,-0.016509522,-0.011180684,0.007863834,0.15,0.00039108985,0.00025202802,0.00864711,1310988,0.0,0.0,-0.05253636,0.4,0.062484577,0.062484577,0.058392085,197388,0.0,0.0,0.0,0.5,0.0,0.0,0.0,1,0,1,0,1,0
6400000,6320000,1310988,-0.016525706,-0.011154451,0.007922264,0.15,0.00039108284,0.00025200084,0.008647051,1310988,0.0,0.0,-0.054879293,0.4,0.062485218,0.062485218,0.0581543,197388,0.0,0.0,0.0,0.5,0.0,0.0,0.0,1,0,1,0,1,0
6408000,6328000,1310988,-0.016567726,-0.011085949,0.008074573,0.15,0.00039097908,0.00025172278,0.008645694,1310988,0.0,0.0,-0.060990714,0.4,0.062485367,0.062485367,0.05593698,197388,0.0,0.0,0.0,0.5,0.0,0.0,0.0,1,0,1,0,1,0
6456000,6376000,1310988,-0.016583929,-0.011059955,0.008132925,0.15,0.0003909768,0.00025170523,0.008645709,1310988,0.0,0.0,-0.06333419,0.4,0.062486243,0.062486243,0.055764478,197388,0.0,0.0,0.0,0.5,0.0,0.0,0.0,1,0,1,0,1,0
6520000,6440000,1310988,-0.016599128,-0.011035848,0.008187488,0.15,0.0003909734,0.00025168242,0.008645719,1310988,0.0,0.0,-0.06553093,0.4,0.062487327,0.062487327,0.055537302,197388,0.0,0.0,0.0,0.5,0.0,0.0,0.0,1,0,1,0,1,0
6576000,6496000,1310988,-0.015180539,-0.012650582,0.0028211363,0.15,0.00029166802,0.00019997958,0.007788863,1310988,0.0,0.0,-0.0686028,0.4,0.062488228,0.062488228,0.055256154,197388,0.0,0.0,0.0,0.5,0.0,0.0,0.0,1,0,1,0,1,0
6608000,6528000,1310988,-0.01194992,-0.014605632,-0.010987047,0.15,4.139616e-05,4.4629847e-05,0.004485922,1310988,0.00016860633,0.00015097069,-0.22278827,0.4,0.062487733,0.062488053,0.019220153,197388,0.0,0.0,0.0,0.5,0.0,0.0,0.0,1,0,1,0,1,0
6784000,6704000,1310988,-0.011761104,-0.014265131,-0.012215367,0.15,2.7929518e-05,3.6129295e-05,0.0037825142,1310988,0.0005487711,-0.00010056612,-0.22299737,0.4,0.062478986,0.06247855,0.019208528,197388,0.0,0.0,0.0,0.5,0.0025000002,0.0025000002,0.0025000002,1,0,1,0,1,0
6792000,6712000,1310988,-0.010503365,-0.013832335,-0.0020654728,0.15,2.3527327e-05,2.6810616e-05,0.00030690455,1310988,0.0007154494,-0.00020134155,-0.22348437,0.4,0.06247902,0.06247811,0.019205797,197388,0.0,0.0,0.0,0.5,0.0025000002,0.0025000002,0.0025000002,1,0,1,0,1,0
6992000,6912000,1310988,-0.00966825,-0.013104378,-0.0009892284,0.15,2.1196205e-05,2.3728417e-05,0.00012990145,1310988,0.0008686888,-0.00019716959,-0.224113,0.4,0.062481046,0.062480137,0.019197395,197388,0.0,0.0,0.0,0.5,0.0025000002,0.0025000002,0.0025000002,1,0,1,0,1,0
7208000,7128000,1310988,-0.009028193,-0.012492943,-0.0009077253,0.15,1.9320834e-05,2.138708e-05,8.2320665e-05,1310988,-0.004587117,0.0046473467,-0.22389345,0.4,0.059261918,0.05924066,0.0190461,197388,0.0,0.0,0.0,0.5,0.0025000002,0.0025000002,0.0025000002,1,0,1,0,1,0
7592000,7512000,1310988,-0.0079514235,-0.011538819,-0.00070102606,0.15,1.6444239e-05,1.791289e-05,4.750504e-05,1310988,-0.00425016,0.0044620493,-0.2245044,0.4,0.05926371,0.059240706,0.01904429,197388,0.0,0.0,0.0,0.5,0.0025000002,0.0025000002,0.0025000002,1,0,1,0,1,0
7608000,7528000,1310988,-0.007927395,-0.0115188025,-0.00069911283,0.15,1.642426e-05,1.789042e-05,4.7498743e-05,1310988,-0.01819224,0.021428335,-0.22297235,0.4,0.05183485,0.05159385,0.018611083,197388,0.0,0.0,0.0,0.5,0.0025000002,0.0025000002,0.0025000002,1,0,1,0,1,0
7992000,7912000,1310988,-0.007116471,-0.010708203,-0.0006849886,0.15,1.4309888e-05,1.540992e-05,3.3371773e-05,1310988,-0.017305978,0.021041833,-0.22367863,0.4,0.051833514,0.05158411,0.018609142,197388,0.0,0.0,0.0,0.5,0.0025000002,0.0025000002,0.0025000002,1,0,1,0,1,0
8008000,7928000,1310988,-0.0070881112,-0.010666121,-0.00068884954,0.15,1.426416e-05,1.5360198e-05,3.3371598e-05,1310988,-0.037334874,0.036619946,-0.22085617,0.4,0.04272942,0.041867804,0.01779459,197388,0.0,0.0,0.0,0.5,0.0025000002,0.0025000002,0.0025000002,1,0,1,0,1,0
8192000,8112000,1310988,-0.006752188,-0.010345938,-0.0007177626,0.15,1.3406527e-05,1.4370354e-05,2.9044875e-05,1310988,-0.03652852,0.03606689,-0.221116,0.4,0.042723965,0.041850228,0.017793989,197388,0.0,0.0,0.0,0.5,0.0025000002,0.0025000002,0.0025000002,1,0,1,0,1,0
8392000,8312000,1310988,-0.006458375,-0.010045294,-0.00070610887,0.15,1.2647415e-05,1.3501749e-05,2.5708028e-05,1310988,-0.035837892,0.035273813,-0.22156404,0.4,0.042719223,0.041836258,0.017789343,197388,0.0,0.0,0.0,0.5,0.0025000002,0.0025000002,0.0025000002,1,0,1,0,1,0
8408000,8328000,1310988,-0.006409837,-0.010005229,-0.0007094891,0.15,1.2578643e-05,1.3428943e-05,2.570784e-05,1310988,-0.050766077,0.054172624,-0.22027966,0.4,0.034879524,0.033148866,0.016569102,197388,0.0,0.0,0.0,0.5,0.0025000002,0.0025000002,0.0025000002,1,0,1,0,1,0
8592000,8512000,1310988,-0.0060994984,-0.009735762,-0.00069953955,0.15,1.1908837e-05,1.2668313e-05,2.3061479e-05,1310988,-0.049621034,0.053037707,-0.22058278,0.4,0.034866527,0.033125464,0.01656733,197388,0.0,0.0,0.0,0.5,0.0025000002,0.0025000002,0.0025000002,1,0,1,0,1,0
8792000,8712000,1310988,-0.0058397306,-0.009536117,-0.0006371087,0.15,1.13075e-05,1.1990038e-05,2.0902455e-05,1310988,-0.048814688,0.05189302,-0.22103278,0.4,0.034854785,0.03310045,0.016560331,197388,0.0,0.0,0.0,0.5,0.0025000002,0.0025000002,0.0025000002,1,0,1,0,1,0
8808000,8728000,1310988,-0.0057933256,-0.009472409,-0.0006420496,0.15,1.1222026e-05,1.190073e-05,2.090226e-05,1310988,-0.0661821,0.06651953,-0.21277943,0.4,0.02924728,0.026710873,0.014996266,197388,0.0,0.0,0.0,0.5,0.0025000002,0.0025000002,0.0025000002,1,0,1,0,1,0
8992000,8912000,1310988,-0.00557013,-0.0092683695,-0.0006181702,0.15,1.0686903e-05,1.13007e-05,1.9110123e-05,1310988,-0.06492409,0.06536652,-0.21310504,0.4,0.02922508,0.02667176,0.014991409,197388,0.0,0.0,0.0,0.5,0.0025000002,0.0025000002,0.0025000002,1,0,1,0,1,0
9192000,9112000,1310988,-0.0053932066,-0.0090660285,-0.000580017,0.15,1.0201036e-05,1.0758832e-05,1.7598692e-05,1310988,-0.06370414,0.06439132,-0.21361698,0.4,0.02920501,0.026637442,0.01497763,197388,0.0,0.0,0.0,0.5,0.0025000002,0.0025000002,0.0025000002,1,0,1,0,1,0
9208000,9128000,1310988,-0.0053558894,-0.009011035,-0.00058394426,0.15,1.0101782e-05,1.0655343e-05,1.75985e-05,1310988,-0.07472861,0.07333354,-0.20827584,0.4,0.025510041,0.02236019,0.013210404,197388,0.0,0.0,0.0,0.5,0.0025000002,0.0025000002,0.0025000002,1,0,1,0,1,0
9392000,9312000,1310988,-0.0051661828,-0.008876005,-0.00055716466,0.15,9.666888e-06,1.017261e-05,1.6312095e-05,1310988,-0.0736425,0.072009884,-0.20866138,0.4,0.025479505,0.022318278,0.013203604,197388,0.0,0.0,0.0,0.5,0.0025000002,0.0025000002,0.0025000002,1,0,1,0,1,0
9592000,9512000,1310988,-0.005003712,-0.008722439,-0.00048924587,0.15,9.268284e-06,9.732139e-06,1.5194645e-05,1310988,-0.07246935,0.07064705,-0.20933789,0.4,0.025451478,0.022275686,0.013177796,197388,0.0,0.0,0.0,0.5,0.0025000002,0.0025000002,0.0025000002,1,0,1,0,1,0
9608000,9528000,1310988,-0.0049361875,-0.008678803,-0.0004932437,0.15,9.155068e-06,9.613697e-06,1.5194441e-05,1310988,-0.07919636,0.082039766,-0.2027905,0.4,0.023093132,0.01952862,0.011369135,197388,0.0,0.0,0.0,0.5,0.0025000002,0.0025000002,0.0025000002,1,0,1,0,1,0
9792000,9712000,1310988,-0.004794561,-0.008523694,-0.00047625744,0.15,8.7969665e-06,9.219587e-06,1.42182125e-05,1310988,-0.07769092,0.08075252,-0.20331122,0.4,0.023055313,0.01947544,0.011357552,197388,0.0,0.0,0.0,0.5,0.0025000002,0.0025000002,0.0025000002,1,0,1,0,1,0
9992000,9912000,1310988,-0.0046515004,-0.008399245,-0.00047302115,0.15,8.466162e-06,8.856853e-06,1.3358088e-05,1310988,-0.07650178,0.07931996,-0.20385225,0.4,0.023020476,0.019426942,0.011333747,197388,0.0,0.0,0.0,0.5,0.0025000002,0.0025000002,0.0025000002,1,0,1,0,1,0
10008000,9928000,1310988,-0.0045698816,-0.008330664,-0.00047863607,0.15,8.337276e-06,8.721415e-06,1.3357855e-05,1310988,-0.084049955,0.089614615,-0.19756089,0.4,0.021534286,0.017695425,0.009610201,197388,0.0,0.0,0.0,0.5,0.0025000002,0.0025000002,0.0025000002,1,0,1,0,1,0
10192000,10112000,1310988,-0.0044365963,-0.008251771,-0.00046185715,0.15,8.039697e-06,8.396296e-06,1.2593992e-05,1310988,-0.08313526,0.08826799,-0.19810662,0.4,0.021490833,0.0176379,0.009594019,197388,0.0,0.0,0.0,0.5,0.0025000002,0.0025000002,0.0025000002,1,0,1,0,1,0
10392000,10312000,1310988,-0.004337934,-0.008136763,-0.00047499235,0.15,7.762937e-06,8.094837e-06,1.1916931e-05,1310988,-0.0818366,0.08709631,-0.19867179,0.4,0.021450581,0.017587913,0.009564378,197388,0.0,0.0,0.0,0.5,0.0025000002,0.0025000002,0.0025000002,1,0,1,0,1,0
10408000,10328000,1310988,-0.0042684283,-0.00807476,-0.00047743952,0.15,7.616146e-06,7.940024e-06,1.1910908e-05,1310988,-0.08672841,0.09366367,-0.19276625,0.4,0.020524783,0.016510367,0.00802805,197388,0.0,0.0,0.0,0.5,0.0025000002,0.0025000002,0.0025000002,1,0,1,0,1,0
10592000,10512000,1310988,-0.0041681286,-0.0079703415,-0.00045143458,0.15,7.3674373e-06,7.670041e-06,1.1302407e-05,1310988,-0.08534764,0.092490785,-0.19313878,0.4,0.020477267,0.016452724,0.00801162,197388,0.0,0.0,0.0,0.5,0.0025000002,0.0025000002,0.0025000002,1,0,1,0,1,0
10792000,10712000,1310988,-0.00407085,-0.007904161,-0.00045609887,0.15,7.1346967e-06,7.4180675e-06,1.0746985e-05,1310988,-0.08448848,0.091289185,-0.19398129,0.4,0.020432781,0.016396033,0.007970393,197388,0.0,0.0,0.0,0.5,0.0025000002,0.0025000002,0.0025000002,1,0,1,0,1,0
10808000,10728000,1310988,-0.004007336,-0.007823387,-0.0004617353,0.15,6.968481e-06,7.2423127e-06,1.07466585e-05,1310988,-0.08906014,0.09575074,-0.18897519,0.4,0.019865792,0.01574324,0.0066559054,197388,0.0,0.0,0.0,0.5,0.0025000002,0.0025000002,0.0025000002,1,0,1,0,1,0
10992000,10912000,1310988,-0.0038936494,-0.0077364016,-0.00043819775,0.15,6.7600004e-06,7.0173546e-06,1.0241739e-05,1310988,-0.0877978,0.09402978,-0.18934166,0.4,0.01981548,0.015680678,0.006636758,197388,0.0,0.0,0.0,0.5,0.0025000002,0.0025000002,0.0025000002,1,0,1,0,1,0
11192000,11112000,1310988,-0.0038252492,-0.0076770764,-0.0004187028,0.15,6.56388e-06,6.806184e-06,9.7865e-06,1310988,-0.086937495,0.093014896,-0.18970402,0.4,0.019768277,0.015624309,0.006606326,197388,0.0,0.0,0.0,0.5,0.0025000002,0.0025000002,0.0025000002,1,0,1,0,1,0
11208000,11128000,1310988,-0.0037423286,-0.007595605,-0.00042612283,0.15,6.377358e-06,6.608765e-06,9.780487e-06,1310988,-0.09011257,0.09726133,-0.1816488,0.4,0.019431807,0.015239128,0.005501263,197388,0.0,0.0,0.0,0.5,0.0025000002,0.0025000002,0.0025000002,1,0,1,0,1,0
11392000,11312000,1310988,-0.0036709404,-0.0075120186,-0.00043103314,0.15,6.202611e-06,6.421239e-06,9.363543e-06,1310988,-0.08876242,0.096057214,-0.18217179,0.4,0.01938017,0.015178233,0.005480724,197388,0.0,0.0,0.0,0.5,0.0025000002,0.0025000002,0.0025000002,1,0,1,0,1,0
11592000,11512000,1310988,-0.0036088428,-0.007458038,-0.00040558906,0.15,6.037388e-06,6.2442778e-06,8.974864e-06,1310988,-0.08790814,0.09501824,-0.18273197,0.4,0.019331347,0.015118622,0.005449774,197388,0.0,0.0,0.0,0.5,0.0025000002,0.0025000002,0.0025000002,1,0,1,0,1,0
11608000,11528000,1310988,-0.003523213,-0.0073715146,-0.0004120395,0.15,5.830722e-06,6.0255993e-06,8.97444e-06,1310988,-0.09034836,0.09793782,-0.18030596,0.4,0.019142682,0.014906665,0.0045525366,197388,0.0,0.0,0.0,0.5,0.0025000002,0.0025000002,0.0025000002,1,0,1,0,1,0
11792000,11712000,1310988,-0.0034628292,-0.0073241005,-0.00041405193,0.15,5.684568e-06,5.869604e-06,8.615477e-06,1310988,-0.08953801,0.09669804,-0.1807014,0.4,0.019090854,0.0148442285,0.0045341817,197388,0.0,0.0,0.0,0.5,0.0025000002,0.0025000002,0.0025000002,1,0,1,0,1,0
11992000,11912000,1310988,-0.00341,-0.0072478727,-0.00042093487,0.15,5.5457667e-06,5.7216857e-06,8.28316e-06,1310988,-0.088185266,0.09574127,-0.18130486,0.4,0.01904166,0.014785026,0.004496226,197388,0.0,0.0,0.0,0.5,0.0025000002,0.0025000002,0.0025000002,1,0,1,0,1,0
12008000,11928000,1310988,-0.0032886204,-0.007145784,-0.00042914075,0.15,5.3201447e-06,5.4832976e-06,8.282701e-06,1310988,-0.09001165,0.09841222,-0.17842366,0.4,0.018945184,0.0146779185,0.0037728434,197388,0.0,0.0,0.0,0.5,0.0025000002,0.0025000002,0.0025000002,1,0,1,0,1,0
12192000,12112000,1310988,-0.003225882,-0.007093947,-0.0004097827,0.15,5.1984653e-06,5.3540934e-06,7.9738875e-06,1310988,-0.08902702,0.09716372,-0.17870444,0.4,0.018894376,0.014617371,0.0037547157,197388,0.0,0.0,0.0,0.5,0.0025000002,0.0025000002,0.0025000002,1,0,1,0,1,0
12208000,12128000,1310988,-0.0031480233,-0.007026837,-0.00041513517,0.15,5.0172903e-06,5.162929e-06,7.973545e-06,1310988,-0.089827545,0.09844121,-0.17567165,0.4,0.018846884,0.014565014,0.0032316775,197388,0.0,0.0,0.0,0.5,0.0025000002,0.0025000002,0.0025000002,1,0,1,0,1,0
12392000,12312000,1310988,-0.0030989656,-0.0070088683,-0.00042745477,0.15,4.909108e-06,5.0484023e-06,7.69141e-06,1310988,-0.089500695,0.09722783,-0.17590117,0.4,0.018796049,0.014506251,0.0032179633,197388,0.0,0.0,0.0,0.5,0.0025000002,0.0025000002,0.0025000002,1,0,1,0,1,0
12592000,12512000,1310988,-0.0030562885,-0.0069894046,-0.0004018782,0.15,4.8056727e-06,4.9390346e-06,7.4228806e-06,1310988,-0.089126155,0.096345946,-0.17619798,0.4,0.018747417,0.014448598,0.0031985806,197388,0.0,0.0,0.0,0.5,0.0025000002,0.0025000002,0.0025000002,1,0,1,0,1,0
12608000,12528000,1310988,-0.0029786052,-0.0069231177,-0.00040710118,0.15,4.5873953e-06,4.7091185e-06,7.422461e-06,1310988,-0.089450605,0.09705113,-0.17294723,0.4,0.0187269,0.014426281,0.0027520685,197388,0.0,0.0,0.0,0.5,0.0025000002,0.0025000002,0.0025000002,1,0,1,0,1,0
12792000,12712000,1310988,-0.0029498332,-0.0068812845,-0.00039312744,0.15,4.4970284e-06,4.6139094e-06,7.1709574e-06,1310988,-0.088504225,0.09666806,-0.17322233,0.4,0.018678945,0.014369771,0.0027390446,197388,0.0,0.0,0.0,0.5,0.0025000002,0.0025000002,0.0025000002,1,0,1,0,1,0
12808000,12728000,1310988,-0.0028772135,-0.0068126926,-0.0003981879,0.15,4.311849e-06,4.4191943e-06,7.1706313e-06,1310988,-0.08859521,0.096999586,-0.17097017,0.4,0.01866843,0.01435784,0.0023990257,197388,0.0,0.0,0.0,0.5,0.0025000002,0.0025000002,0.0025000002,1,0,1,0,1,0
12992000,12912000,1310988,-0.0028378277,-0.006789509,-0.00039673096,0.15,4.232089e-06,4.3354225e-06,6.934659e-06,1310988,-0.08810852,0.09592886,-0.17118056,0.4,0.018621827,0.0143031655,0.0023883963,197388,0.0,0.0,0.0,0.5,0.0025000002,0.0025000002,0.0025000002,1,0,1,0,1,0
13192000,13112000,1310988,-0.002807004,-0.006753112,-0.00038880866,0.15,4.1554053e-06,4.254946e-06,6.7128917e-06,1310988,-0.08727445,0.095301785,-0.17156246,0.4,0.018576989,0.014250621,0.0023738232,197388,0.0,0.0,0.0,0.5,0.0025000002,0.0025000002,0.0025000002,1,0,1,0,1,0
13208000,13128000,1310988,-0.002719439,-0.0066745416,-0.00039466645,0.15,3.9323354e-06,4.0209966e-06,6.712483e-06,1310988,-0.08701162,0.09513757,-0.17001966,0.4,0.01856876,0.014239714,0.0020756207,197388,0.0,0.0,0.0,0.5,0.0025000002,0.0025000002,0.0025000002,1,0,1,0,1,0
13392000,13312000,1310988,-0.0026908144,-0.0066503785,-0.00038236415,0.15,3.866143e-06,3.951777e-06,6.508877e-06,1310988,-0.086466156,0.09436214,-0.1703509,0.4,0.018525958,0.0141907735,0.0020652488,197388,0.0,0.0,0.0,0.5,0.0025000002,0.0025000002,0.0025000002,1,0,1,0,1,0
13608000,13528000,1310988,-0.002572433,-0.006529323,-0.0003981071,0.15,3.5556945e-06,3.6271892e-06,6.3112607e-06,1310988,-0.08520639,0.09310401,-0.17036471,0.4,0.018469313,0.014121759,0.0017890171,197388,0.0,0.0,0.0,0.5,0.0025000002,0.0025000002,0.0025000002,1,0,1,0,1,0
13792000,13712000,1310988,-0.0025385204,-0.006516988,-0.00038782094,0.15,3.501744e-06,3.5710407e-06,6.1247265e-06,1310988,-0.08493939,0.09214127,-0.17051928,0.4,0.018430585,0.014076646,0.001778342,197388,0.0,0.0,0.0,0.5,0.0025000002,0.0025000002,0.0025000002,1,0,1,0,1,0
14008000,13928000,1310988,-0.002421977,-0.006448538,-0.00039283905,0.15,3.1932102e-06,3.2496478e-06,5.9477325e-06,1310988,-0.08382322,0.0908465,-0.16859744,0.4,0.018364642,0.013996062,0.0015417101,197388,0.0,0.0,0.0,0.5,0.0025000002,0.0025000002,0.0025000002,1,0,1,0,1,0
14208000,14128000,1310988,-0.002321086,-0.0063617597,-0.00037895286,0.15,2.9468101e-06,2.9937617e-06,5.779851e-06,1310988,-0.08247609,0.0892969,-0.16759062,0.4,0.018299198,0.013916492,0.0013643823,197388,0.0,0.0,0.0,0.5,0.0025000002,0.0025000002,0.0025000002,1,0,1,0,1,0
14592000,14512000,1310988,-0.0022895162,-0.006324898,-0.00038698918,0.15,2.8744685e-06,2.9190849e-06,5.4748066e-06,1310988,-0.0814747,0.08844134,-0.16820298,0.4,0.018236505,0.013844638,0.001346611,197388,0.0,0.0,0.0,0.5,0.0025000002,0.0025000002,0.0025000002,1,0,1,0,1,0
14608000,14528000,1310988,-0.0021882192,-0.0062743165,-0.0003920282,0.15,2.6565942e-06,2.693395e-06,5.47445e-06,1310988,-0.08065673,0.08689566,-0.16745546,0.4,0.018188272,0.013784559,0.0011963515,197388,0.0,0.0,0.0,0.5,0.0025000002,0.0025000002,0.0025000002,1,0,1,0,1,0
14808000,14728000,1310988,-0.0020780214,-0.006203624,-0.00038624843,0.15,2.4503884e-06,2.48048e-06,5.3300187e-06,1310988,-0.07923825,0.08470037,-0.16701268,0.4,0.01811222,0.013693022,0.001072622,197388,0.0,0.0,0.0,0.5,0.0025000002,0.0025000002,0.0025000002,1,0,1,0,1,0
15208000,15128000,1310988,-0.0019857464,-0.00611741,-0.00038412868,0.15,2.2118938e-06,2.2350082e-06,5.061106e-06,1310988,-0.07746819,0.08256306,-0.16656893,0.4,0.017995182,0.013554799,0.0009521396,197388,0.0,0.0,0.0,0.5,0.0025000002,0.0025000002,0.0025000002,1,0,1,0,1,0
15592000,15512000,1310988,-0.0019602943,-0.006085049,-0.00036254857,0.15,2.1721632e-06,2.1944334e-06,4.8209326e-06,1310988,-0.07650695,0.08183993,-0.1668526,0.4,0.017951485,0.013504916,0.0009382629,197388,0.0,0.0,0.0,0.5,0.0025000002,0.0025000002,0.0025000002,1,0,1,0,1,0
15608000,15528000,1310988,-0.0018887451,-0.006024514,-0.0003668501,0.15,1.9820138e-06,1.9990514e-06,4.8206634e-06,1310988,-0.07520159,0.08032512,-0.16559705,0.4,0.01786946,0.013407467,0.00084590836,197388,0.0,0.0,0.0,0.5,0.0025000002,0.0025000002,0.0025000002,1,0,1,0,1,0
16008000,15928000,1310988,-0.001798673,-0.0059607616,-0.00034968127,0.15,1.7680605e-06,1.78009e-06,4.595254e-06,1310988,-0.07355926,0.077996224,-0.16524945,0.4,0.017737651,0.013254388,0.00078124576,197388,0.0,0.0,0.0,0.5,0.0025000002,0.0025000002,0.0025000002,1,0,1,0,1,0
16408000,16328000,1310988,-0.0017514167,-0.0059036775,-0.00035084173,0.15,1.5740612e-06,1.5820777e-06,4.392808e-06,1310988,-0.07200069,0.07678152,-0.16527706,0.4,0.017604334,0.013101271,0.00078124576,197388,0.0,0.0,0.0,0.5,0.0025000002,0.0025000002,0.0025000002,1,0,1,0,1,0
16808000,16728000,1310988,-0.0017031977,-0.00585732,-0.00034256032,0.15,1.4013316e-06,1.406228e-06,4.2009447e-06,1310988,-0.07074224,0.07539643,-0.16478236,0.4,0.017472005,0.012950875,0.00078124576,197388,0.0,0.0,0.0,0.5,0.0025000002,0.0025000002,0.0025000002,1,0,1,0,1,0
17208000,17128000,1310988,-0.0016416187,-0.00582937,-0.00031869893,0.15,1.2492899e-06,1.2518025e-06,4.0280943e-06,1310988,-0.06993941,0.07361132,-0.16433145,0.4,0.017343128,0.012806359,0.00078124576,197388,0.0,0.0,0.0,0.5,0.0025000002,0.0025000002,0.0025000002,1,0,1,0,1,0
17608000,17528000,1310988,-0.0015935821,-0.0057916166,-0.00033343,0.15,1.1164187e-06,1.117132e-06,3.8626536e-06,1310988,-0.068844244,0.07196048,-0.16396013,0.4,0.017218454,0.0126683265,0.00078124576,197388,0.0,0.0,0.0,0.5,0.0025000002,0.0025000002,0.0025000002,1,0,1,0,1,0
17808000,17728000,1310988,-0.0015464489,-0.0057387403,-0.00033565424,0.15,1.0219452e-06,1.0214784e-06,3.7841282e-06,1310988,-0.067228176,0.07053106,-0.16350026,0.4,0.017125849,0.01256696,0.00078124576,197388,0.0,0.0,0.0,0.5,0.0025000002,0.0025000002,0.0025000002,1,0,1,0,1,0
18208000,18128000,1310988,-0.0015193056,-0.0057265214,-0.00033134487,0.15,9.295734e-07,9.2820767e-07,3.6399197e-06,1310988,-0.06681344,0.06953169,-0.16343996,0.4,0.01702493,0.012456899,0.00078124576,197388,0.0,0.0,0.0,0.5,0.0025000002,0.0025000002,0.0025000002,1,0,1,0,1,0
18608000,18528000,1310988,-0.0014791066,-0.0057100425,-0.00032616526,0.15,8.4494445e-07,8.429276e-07,3.500296e-06,1310988,-0.06627617,0.06809145,-0.16331355,0.4,0.016925901,0.012349238,0.00078124576,197388,0.0,0.0,0.0,0.5,0.0025000002,0.0025000002,0.0025000002,1,0,1,0,1,0
19408000,19328000,1310988,-0.0014405195,-0.005674801,-0.00032001126,0.15,7.0087856e-07,6.981232e-07,3.2509577e-06,1310988,-0.065078236,0.06679932,-0.1625524,0.4,0.016738702,0.0121494755,0.00078124576,197388,0.0,0.0,0.0,0.5,0.0025000002,0.0025000002,0.0025000002,1,0,1,0,1,0
20008000,19928000,1310988,-0.0014264995,-0.0056466525,-0.00028904792,0.15,5.9636545e-07,5.9330455e-07,3.0840783e-06,1310988,-0.06410954,0.06635402,-0.16118744,0.4,0.016587952,0.011991133,0.00078124576,197388,0.0,0.0,0.0,0.5,0.0025000002,0.0025000002,0.0025000002,1,0,1,0,1,0
20608000,20528000,1310988,-0.0014164964,-0.0056238524,-0.0002818567,0.15,5.2105827e-07,5.1791545e-07,2.9265832e-06,1310988,-0.063281916,0.065857515,-0.16025122,0.4,0.016467178,0.011866157,0.00078124576,197388,0.0,0.0,0.0,0.5,0.0025000002,0.0025000002,0.0025000002,1,0,1,0,1,0
21208000,21128000,1310988,-0.0014011718,-0.0056056925,-0.0002756636,0.15,4.631093e-07,4.5993926e-07,2.786002e-06,1310988,-0.062590465,0.065166935,-0.15970771,0.4,0.01636417,0.011762828,0.00078124576,197388,0.0,0.0,0.0,0.5,0.0025000002,0.0025000002,0.0025000002,1,0,1,0,1,0
22008000,21928000,1310988,-0.0013792178,-0.0055849785,-0.00028088028,0.15,4.1361045e-07,4.1048418e-07,2.6137236e-06,1310988,-0.061761558,0.06423248,-0.15917926,0.4,0.016265502,0.011666854,0.00078124576,197388,0.0,0.0,0.0,0.5,0.0025000002,0.0025000002,0.0025000002,1,0,1,0,1,0
22808000,22728000,1310988,-0.0013618219,-0.005566948,-0.00028972578,0.15,3.698488e-07,3.6683562e-07,2.457977e-06,1310988,-0.061064724,0.06346083,-0.15822442,0.4,0.016172143,0.01157908,0.00078124576,197388,0.0,0.0,0.0,0.5,0.0025000002,0.0025000002,0.0025000002,1,0,1,0,1,0
23208000,23128000,1310988,-0.0013549452,-0.0055472413,-0.00029508196,0.15,3.5071525e-07,3.47785e-07,2.383475e-06,1310988,-0.060244735,0.06316791,-0.15749285,0.4,0.016130762,0.011539819,0.00078124576,197388,0.0,0.0,0.0,0.5,0.0025000002,0.0025000002,0.0025000002,1,0,1,0,1,0
23408000,23328000,1310988,-0.0013447194,-0.005529422,-0.00029149113,0.15,3.3524697e-07,3.323692e-07,2.3516893e-06,1310988,-0.05951236,0.06274164,-0.15656163,0.4,0.016098566,0.011509667,0.00078124576,197388,0.0,0.0,0.0,0.5,0.0025000002,0.0025000002,0.0025000002,1,0,1,0,1,0
23808000,23728000,1310988,-0.0013311467,-0.005516925,-0.00029780815,0.15,3.2135713e-07,3.1855794e-07,2.2821268e-06,1310988,-0.059025377,0.062121112,-0.15594427,0.4,0.016067108,0.011479489,0.00078124576,197388,0.0,0.0,0.0,0.5,0.0025000002,0.0025000002,0.0025000002,1,0,1,0,1,0
24608000,24528000,1310988,-0.0013239312,-0.005510853,-0.00029063466,0.15,2.9606318e-07,2.934479e-07,2.155996e-06,1310988,-0.058852997,0.06182399,-0.15473804,0.4,0.016008412,0.0114240935,0.00078124576,197388,0.0,0.0,0.0,0.5,0.0025000002,0.0025000002,0.0025000002,1,0,1,0,1,0
25208000,25128000,1310988,-0.0013233226,-0.0054906565,-0.0002800627,0.15,2.7667383e-07,2.7421646e-07,2.0693874e-06,1310988,-0.057998374,0.061769187,-0.1537978,0.4,0.015963735,0.011382533,0.00078124576,197388,0.0,0.0,0.0,0.5,0.0025000002,0.0025000002,0.0025000002,1,0,1,0,1,0
25408000,25328000,1310988,-0.0013189706,-0.005483033,-0.00027367735,0.15,2.684887e-07,2.6609618e-07,2.0404284e-06,1310988,-0.05768749,0.06156031,-0.1527058,0.4,0.015945703,0.01136596,0.00078124576,197388,0.0,0.0,0.0,0.5,0.0025000002,0.0025000002,0.0025000002,1,0,1,0,1,0
26208000,26128000,1310988,-0.001306399,-0.0054634903,-0.00027476385,0.15,2.5449518e-07,2.522531e-07,1.934199e-06,1310988,-0.056927968,0.06099971,-0.15124612,0.4,0.015909957,0.011332752,0.00078124576,197388,0.0,0.0,0.0,0.5,0.0025000002,0.0025000002,0.0025000002,1,0,1,0,1,0
26608000,26528000,1310988,-0.0012992697,-0.0054528513,-0.00027781766,0.15,2.477984e-07,2.4563022e-07,1.8823772e-06,1310988,-0.05651967,0.060696132,-0.150239,0.4,0.015893236,0.01131736,0.00078124576,197388,0.0,0.0,0.0,0.5,0.0025000002,0.0025000002,0.0025000002,1,0,1,0,1,0
27208000,27128000,1310988,-0.0012854979,-0.0054310807,-0.0002869545,0.15,2.3646064e-07,2.3439532e-07,1.8120229e-06,1310988,-0.05567572,0.060102902,-0.1485065,0.4,0.01586663,0.011293156,0.00078124576,197388,0.0,0.0,0.0,0.5,0.0025000002,0.0025000002,0.0025000002,1,0,1,0,1,0
27808000,27728000,1310988,-0.0012698721,-0.0054086256,-0.0002870744,0.15,2.27355e-07,2.2536416e-07,1.7421005e-06,1310988,-0.05479897,0.059466626,-0.14652361,0.4,0.015845027,0.011273545,0.00078124576,197388,0.0,0.0,0.0,0.5,0.0025000002,0.0025000002,0.0025000002,1,0,1,0,1,0
28208000,28128000,1310988,-0.0012599924,-0.005402533,-0.00028132024,0.15,2.2331096e-07,2.2135788e-07,1.7011886e-06,1310988,-0.054593746,0.05905846,-0.14552213,0.4,0.015834667,0.011264016,0.00078124576,197388,0.0,0.0,0.0,0.5,0.0025000002,0.0025000002,0.0025000002,1,0,1,0,1,0
28608000,28528000,1310988,-0.0012494561,-0.0053937812,-0.0002803319,0.15,2.1931115e-07,2.1740097e-07,1.6583762e-06,1310988,-0.054271575,0.05867106,-0.14436199,0.4,0.015824504,0.0112549225,0.00078124576,197388,0.0,0.0,0.0,0.5,0.0025000002,0.0025000002,0.0025000002,1,0,1,0,1,0
29008000,28928000,1310988,-0.0012391185,-0.0053839427,-0.00027908184,0.15,2.1544524e-07,2.1357943e-07,1.6205046e-06,1310988,-0.05391442,0.05827671,-0.1432147,0.4,0.01581488,0.011246446,0.00078124576,197388,0.0,0.0,0.0,0.5,0.0025000002,0.0025000002,0.0025000002,1,0,1,0,1,0
29408000,29328000,1310988,-0.0012272861,-0.0053718225,-0.00027845334,0.15,2.1175246e-07,2.0994024e-07,1.5806727e-06,1310988,-0.05348504,0.057848558,-0.14167537,0.4,0.015805833,0.0112385135,0.00078124576,197388,0.0,0.0,0.0,0.5,0.0025000002,0.0025000002,0.0025000002,1,0,1,0,1,0
29808000,29728000,1310988,-0.0012216668,-0.0053624585,-0.0002846589,0.15,2.0826633e-07,2.0651625e-07,1.5422486e-06,1310988,-0.0531265,0.057601262,-0.14040689,0.4,0.015797205,0.011231142,0.00078124576,197388,0.0,0.0,0.0,0.5,0.0025000002,0.0025000002,0.0025000002,1,0,1,0,1,0
30208000,30128000,1310988,-0.0012120819,-0.005352246,-0.00027952142,0.15,2.0500366e-07,2.0332132e-07,1.5084323e-06,1310988,-0.052780848,0.05723377,-0.13906792,0.4,0.01578887,0.011224305,0.00078124576,197388,0.0,0.0,0.0,0.5,0.0025000002,0.0025000002,0.0025000002,1,0,1,0,1,0
30608000,30528000,1310988,-0.0012070902,-0.0053468244,-0.0002706954,0.15,2.0195176e-07,2.0035492e-07,1.4726185e-06,1310988,-0.05257502,0.05700752,-0.13750286,0.4,0.01578083,0.011217981,0.00078124576,197388,0.0,0.0,0.0,0.5,0.0025000002,0.0025000002,0.0025000002,1,0,1,0,1,0
31008000,30928000,1310988,-0.0012049589,-0.0053351615,-0.00026389846,0.15,1.9911542e-07,1.9760868e-07,1.4380264e-06,1310988,-0.052153286,0.056907855,-0.13611339,0.4,0.015773272,0.011212142,0.00078124576,197388,0.0,0.0,0.0,0.5,0.0025000002,0.0025000002,0.0025000002,1,0,1,0,1,0
31808000,31728000,1310988,-0.001199031,-0.005313813,-0.00027478984,0.15,1.9403703e-07,1.927316e-07,1.3753375e-06,1310988,-0.051398076,0.0566924,-0.1339753,0.4,0.015758807,0.01120179,0.00078124576,197388,0.0,0.0,0.0,0.5,0.0025000002,0.0025000002,0.0025000002,1,0,1,0,1,0
32208000,32128000,1310988,-0.0011957238,-0.0053102085,-0.0002624712,0.15,1.9176825e-07,1.9056921e-07,1.3470259e-06,1310988,-0.0512531,0.0565394,-0.13229235,0.4,0.015751932,0.011197197,0.00078124576,197388,0.0,0.0,0.0,0.5,0.0025000002,0.0025000002,0.0025000002,1,0,1,0,1,0
33008000,32928000,1310988,-0.00119716,-0.00528915,-0.00026971303,0.15,1.876804e-07,1.8671396e-07,1.2902547e-06,1310988,-0.050464366,0.056528408,-0.13062203,0.4,0.015738888,0.011189016,0.00078124576,197388,0.0,0.0,0.0,0.5,0.0025000002,0.0025000002,0.0025000002,1,0,1,0,1,0
33408000,33328000,1310988,-0.0012028334,-0.0052783866,-0.00026463738,0.15,1.8583997e-07,1.8499334e-07,1.2618093e-06,1310988,-0.049960844,0.05664933,-0.12906484,0.4,0.015732469,0.0111853285,0.00078124576,197388,0.0,0.0,0.0,0.5,0.0025000002,0.0025000002,0.0025000002,1,0,1,0,1,0
33808000,33728000,1310988,-0.0012061818,-0.0052687014,-0.00025879566,0.15,1.8412108e-07,1.8339213e-07,1.2342878e-06,1310988,-0.049540572,0.05670485,-0.12775579,0.4,0.015726285,0.011181872,0.00078124576,197388,0.0,0.0,0.0,0.5,0.0025000002,0.0025000002,0.0025000002,1,0,1,0,1,0
34008000,33928000,1310988,-0.0012114453,-0.005260282,-0.00025866245,0.15,1.8178046e-07,1.8114304e-07,1.2208584e-06,1310988,-0.049128145,0.05682539,-0.12630948,0.4,0.01572122,0.011179204,0.00078124576,197388,0.0,0.0,0.0,0.5,0.0025000002,0.0025000002,0.0025000002,1,0,1,0,1,0
34408000,34328000,1310988,-0.0012110164,-0.005250794,-0.00024961666,0.15,1.807662e-07,1.8022797e-07,1.1973538e-06,1310988,-0.04881647,0.05679698,-0.12512344,0.4,0.015715862,0.011176383,0.00078124576,197388,0.0,0.0,0.0,0.5,0.0025000002,0.0025000002,0.0025000002,1,0,1,0,1,0
35008000,34928000,1310988,-0.0012169507,-0.0052335886,-0.00024981052,0.15,1.7823257e-07,1.7785916e-07,1.1595031e-06,1310988,-0.048121646,0.056926265,-0.12387476,0.4,0.015706489,0.011171674,0.00078124576,197388,0.0,0.0,0.0,0.5,0.0025000002,0.0025000002,0.0025000002,1,0,1,0,1,0
35472000,35392000,1310988,-0.00122109,-0.0052254386,-0.00025370865,0.15,1.7795337e-07,1.7766388e-07,1.1357524e-06,1310988,-0.047757853,0.057015087,-0.12293225,0.4,0.015701497,0.011169225,0.00078124576,197388,0.0,0.0,0.0,0.5,0.0025000002,0.0025000002,0.0025000002,1,0,1,0,1,0
35808000,35728000,1310988,-0.0012206163,-0.0052137543,-0.00025111355,0.15,1.7656068e-07,1.7634892e-07,1.1142721e-06,1310988,-0.04734289,0.056981973,-0.12179037,0.4,0.015696598,0.011166788,0.00078124576,197388,0.0,0.0,0.0,0.5,0.0025000002,0.0025000002,0.0025000002,1,0,1,0,1,0
36608000,36528000,1310988,-0.0012304801,-0.0051935557,-0.0002510812,0.15,1.7468439e-07,1.7461285e-07,1.0717448e-06,1310988,-0.04653809,0.057198904,-0.12028417,0.4,0.015687466,0.011162108,0.00078124576,197388,0.0,0.0,0.0,0.5,0.0025000002,0.0025000002,0.0025000002,1,0,1,0,1,0
37208000,37128000,1310988,-0.0012385438,-0.005179549,-0.00025328458,0.15,1.7244031e-07,1.7246643e-07,1.0421222e-06,1310988,-0.045983337,0.057382796,-0.11935241,0.4,0.01568047,0.011158408,0.00078124576,197388,0.0,0.0,0.0,0.5,0.0025000002,0.0025000002,0.0025000002,1,1,1,0,1,0
38008000,37928000,1310988,-0.0012414287,-0.0051598116,-0.00024390398,0.15,1.7123836e-07,1.7134819e-07,1.001586e-06,1310988,-0.045406446,0.057428237,-0.11823887,0.4,0.015674608,0.011154822,0.00078124576,197388,0.0,0.0,0.0,0.5,0.0025000002,0.0025000002,0.0025000002,1,1,1,0,1,0
38608000,38528000,1310988,-0.0012427369,-0.005141546,-0.00022381119,0.15,1.6903057e-07,1.6918987e-07,9.750232e-07,1310988,-0.044962507,0.05743464,-0.11683378,0.4,0.01567069,0.011151975,0.00078124576,197388,0.0,0.0,0.0,0.5,0.0025000002,0.0025000002,0.0025000002,1,1,1,0,1,0
39008000,38928000,1310988,-0.0012439709,-0.005132226,-0.00022182363,0.15,1.6878876e-07,1.6897067e-07,9.564778e-07,1310988,-0.04473011,0.05745392,-0.115387745,0.4,0.01566913,0.011150714,0.00078124576,197388,0.0,0.0,0.0,0.5,0.0025000002,0.0025000002,0.0025000002,1,1,1,0,1,0
39608000,39528000,1310988,-0.0012438126,-0.00511339,-0.00021995406,0.15,1.6749198e-07,1.6770525e-07,9.3182206e-07,1310988,-0.044331565,0.057463277,-0.11329438,0.4,0.015666753,0.011148732,0.00078124576,197388,0.0,0.0,0.0,0.5,0.0025000002,0.0025000002,0.0025000002,1,1,1,0,1,0
40208000,40128000,1310988,-0.0012415494,-0.005101256,-0.00021561013,0.15,1.6646665e-07,1.6669583e-07,9.082115e-07,1310988,-0.044132296,0.057423256,-0.111684285,0.4,0.015665192,0.011147074,0.00078124576,197388,0.0,0.0,0.0,0.5,0.0025000002,0.0025000002,0.0025000002,1,1,1,0,1,0
41008000,40928000,1310988,-0.0012453634,-0.005088773,-0.00020951044,0.15,1.666569e-07,1.6689414e-07,8.89351e-07,1310988,-0.043922007,0.057485364,-0.109757386,0.4,0.015663981,0.011145794,0.00078124576,197388,0.0,0.0,0.0,0.5,0.0025000002,0.0025000002,0.0025000002,1,0,1,0,1,0
41208000,41128000,1310988,-0.0012457852,-0.0050831647,-0.00020769348,0.15,1.6552303e-07,1.6575747e-07,8.867441e-07,1310988,-0.043822184,0.057497717,-0.108082354,0.4,0.015663542,0.011145282,0.00078124576,197388,0.0,0.0,0.0,0.5,0.0025000002,0.0025000002,0.0025000002,1,0,1,0,1,0
41608000,41528000,1310988,-0.0012494058,-0.0050771176,-0.00021412763,0.15,1.6578102e-07,1.6601228e-07,8.7737135e-07,1310988,-0.043712266,0.057557836,-0.10686375,0.4,0.015663192,0.011144773,0.00078124576,197388,0.0,0.0,0.0,0.5,0.0025000002,0.0025000002,0.0025000002,1,0,1,0,1,0
42008000,41928000,1310988,-0.0012532554,-0.0050666467,-0.00021051693,0.15,1.657911e-07,1.6607082e-07,8.6803095e-07,1310988,-0.043162238,0.057646044,-0.1060086,0.4,0.015655851,0.011141628,0.00078124576,197388,0.0,0.0,0.0,0.5,0.0025000002,0.0025000002,0.0025000002,1,0,1,0,1,0
42608000,42528000,1310988,-0.0012443463,-0.005066761,-0.0002113595,0.15,1.6466397e-07,1.6522053e-07,8.5612635e-07,1310988,-0.04341294,0.057005305,-0.10346933,0.4,0.015552147,0.0111093465,0.00078124576,197388,0.0,0.0,0.0,0.5,0.0025000002,0.0025000002,0.0025000002,1,0,1,0,1,0
43008000,42928000,1310988,-0.0012357829,-0.0050647827,-0.00021380196,0.15,1.6472009e-07,1.6537709e-07,8.469008e-07,1310988,-0.04387547,0.056395613,-0.10181855,0.4,0.015505859,0.01108379,0.00078124576,197388,0.0,0.0,0.0,0.5,0.0025000002,0.0025000002,0.0025000002,1,0,1,0,1,0
43408000,43328000,1310988,-0.0012238682,-0.0050573265,-0.00021394661,0.15,1.647451e-07,1.6541367e-07,8.3978193e-07,1310988,-0.044947177,0.05527985,-0.0998462,0.4,0.015456091,0.011051409,0.00078124576,197388,0.0,0.0,0.0,0.5,0.0025000002,0.0025000002,0.0025000002,1,0,1,0,1,0
43808000,43728000,1310988,-0.001208795,-0.005054904,-0.0002140173,0.15,1.6475447e-07,1.6535286e-07,8.3063566e-07,1310988,-0.047174953,0.05477353,-0.097769044,0.4,0.015386036,0.011011548,0.00078124576,197388,0.0,0.0,0.0,0.5,0.0025000002,0.0025000002,0.0025000002,1,0,1,0,1,0
44152000,44072000,1310988,-0.0012088683,-0.005054967,-0.00021661098,0.15,1.6750239e-07,1.6810317e-07,8.293006e-07,1310988,-0.04717128,0.054776773,-0.09765363,0.4,0.015386057,0.011011564,0.00078124576,197388,0.0017161499,-0.00026176835,0.0003337765,0.5,0.0009492637,0.0015160652,0.0014994032,1,0,1,0,1,0
44208000,44128000,1310988,-0.0011971816,-0.005049266,-0.000216153,0.15,1.6530977e-07,1.6571255e-07,8.297068e-07,1310988,-0.05041366,0.055525124,-0.09563555,0.4,0.015182766,0.010929949,0.00078124576,197388,0.0017161499,-0.00026176835,0.0003337765,0.5,0.0009492637,0.0015160652,0.0014994032,1,0,1,0,1,0
44296000,44216000,1310988,-0.0011971795,-0.0050492687,-0.00021615306,0.15,1.6601379e-07,1.6641654e-07,8.304108e-07,1310988,-0.05041339,0.05552497,-0.095609166,0.4,0.015182774,0.010929955,0.0007812475,197388,0.00032476155,-0.0002367376,0.0003234702,0.5,0.0005945101,0.001396505,0.0013877166,1,0,1,0,1,0
44608000,44528000,1310988,-0.0011863926,-0.0050431564,-0.00021708725,0.15,1.6680012e-07,1.6696218e-07,8.3284266e-07,1310988,-0.056576923,0.059609402,-0.09364693,0.4,0.014372071,0.010551456,0.00078124576,197388,0.00074624195,-2.0015661e-05,0.00047714892,0.5,0.0005030517,0.0013689873,0.0013623183,1,0,1,0,1,0
45008000,44928000,1310988,-0.0011802124,-0.005038476,-0.00021836768,0.15,1.6905501e-07,1.6907723e-07,8.3593477e-07,1310988,-0.063450836,0.064622,-0.091610126,0.4,0.013015236,0.009823949,0.00078124576,197388,0.00074624195,-2.0015661e-05,0.00047714892,0.5,0.0005030517,0.0013689873,0.0013623183,1,0,1,0,1,0
45408000,45328000,1310988,-0.0011773655,-0.0050359596,-0.0002198094,0.15,1.7180773e-07,1.7178692e-07,8.3899255e-07,1310988,-0.068645455,0.06932431,-0.09006625,0.4,0.011595012,0.008950345,0.00078124576,197388,0.00074624195,-2.0015661e-05,0.00047714892,0.5,0.0005030517,0.0013689873,0.0013623183,1,0,1,0,1,0
45808000,45728000,1310988,-0.0011766902,-0.00503509,-0.00022074336,0.15,1.7478327e-07,1.7475655e-07,8.4203816e-07,1310988,-0.0714814,0.071915604,-0.08823378,0.4,0.010455166,0.008154463,0.00078124576,197388,0.00074624195,-2.0015661e-05,0.00047714892,0.5,0.0005030517,0.0013689873,0.0013623183,1,0,1,0,1,0
46208000,46128000,1310988,-0.0011765148,-0.0050350376,-0.00022128633,0.15,1.7782443e-07,1.777978e-07,8.4509446e-07,1310988,-0.07064266,0.07256715,-0.086477116,0.4,0.009650415,0.0075317253,0.00078124576,197388,0.00074624195,-2.0015661e-05,0.00047714892,0.5,0.0005030517,0.0013689873,0.0013623183,1,0,1,0,1,0
46608000,46528000,1310988,-0.0011760426,-0.005035009,-0.00022051878,0.15,1.8087958e-07,1.808522e-07,8.4813803e-07,1310988,-0.06912348,0.07115342,-0.084724545,0.4,0.00910801,0.0070785424,0.00078124576,197388,0.00074624195,-2.0015661e-05,0.00047714892,0.5,0.0005030517,0.0013689873,0.0013623183,1,0,1,0,1,0
47008000,46928000,1310988,-0.0011757072,-0.0050352793,-0.00022050996,0.15,1.8394509e-07,1.83916e-07,8.511904e-07,1310988,-0.0691992,0.069721356,-0.083529375,0.4,0.008744116,0.0067578745,0.00078124576,197388,0.00074624195,-2.0015661e-05,0.00047714892,0.5,0.0005030517,0.0013689873,0.0013623183,1,0,1,0,1,0
47408000,47328000,1310988,-0.0011750438,-0.005035052,-0.00022011081,0.15,1.8702943e-07,1.869982e-07,8.542053e-07,1310988,-0.06738909,0.06860764,-0.08174569,0.4,0.0084977,0.0065320595,0.00078124576,197388,0.00074624195,-2.0015661e-05,0.00047714892,0.5,0.0005030517,0.0013689873,0.0013623183,1,0,1,0,1,0
47808000,47728000,1310988,-0.0011745277,-0.005035213,-0.0002197683,0.15,1.9013902e-07,1.9010544e-07,8.571906e-07,1310988,-0.066638604,0.067596234,-0.07971923,0.4,0.008329744,0.006372007,0.00078124576,197388,0.00074624195,-2.0015661e-05,0.00047714892,0.5,0.0005030517,0.0013689873,0.0013623183,1,0,1,0,1,0
48208000,48128000,1310988,-0.0011740159,-0.0050354055,-0.00021877888,0.15,1.9327403e-07,1.9323836e-07,8.601817e-07,1310988,-0.06580639,0.06647659,-0.07803911,0.4,0.008212741,0.006257207,0.00078124576,197388,0.00074624195,-2.0015661e-05,0.00047714892,0.5,0.0005030517,0.0013689873,0.0013623183,1,0,1,0,1,0
48408000,48328000,1310988,-0.0011738805,-0.005035461,-0.00021885772,0.15,1.9482447e-07,1.9478719e-07,8.616384e-07,1310988,-0.06545577,0.0661988,-0.07688939,0.4,0.008137999,0.0061825067,0.00078124576,197388,0.00074624195,-2.0015661e-05,0.00047714892,0.5,0.0005030517,0.0013689873,0.0013623183,1,0,1,0,1,0
48808000,48728000,1310988,-0.0011736309,-0.005035754,-0.00021872524,0.15,1.9798632e-07,1.9794821e-07,8.645335e-07,1310988,-0.0648124,0.06583303,-0.07527327,0.4,0.008080786,0.0061236164,0.00078124576,197388,0.00074624195,-2.0015661e-05,0.00047714892,0.5,0.0005030517,0.0013689873,0.0013623183,1,0,1,0,1,0
49208000,49128000,1310988,-0.0011733617,-0.005036442,-0.00021718575,0.15,2.0114327e-07,2.011053e-07,8.6743603e-07,1310988,-0.06400091,0.065402776,-0.07417991,0.4,0.008037608,0.006078131,0.00078124576,197388,0.00074624195,-2.0015661e-05,0.00047714892,0.5,0.0005030517,0.0013689873,0.0013623183,1,0,1,0,1,0
49408000,49328000,1310988,-0.0011731976,-0.0050369776,-0.00021628707,0.15,2.0269886e-07,2.0266145e-07,8.688346e-07,1310988,-0.06353332,0.065204434,-0.07304083,0.4,0.008008062,0.006046411,0.00078124576,197388,0.00074624195,-2.0015661e-05,0.00047714892,0.5,0.0005030517,0.0013689873,0.0013623183,1,0,1,0,1,0
49808000,49728000,1310988,-0.0011727196,-0.005037919,-0.00021587443,0.15,2.058115e-07,2.0577602e-07,8.715989e-07,1310988,-0.06299788,0.06517819,-0.07164019,0.4,0.007984438,0.006020761,0.00078124576,197388,0.00074624195,-2.0015661e-05,0.00047714892,0.5,0.0005030517,0.0013689873,0.0013623183,1,0,1,0,1,0
50208000,50128000,1310988,-0.001172073,-0.0050388607,-0.00021478356,0.15,2.0884828e-07,2.0881573e-07,8.743838e-07,1310988,-0.06265377,0.06525302,-0.069880135,0.4,0.0079657445,0.0060005,0.00078124576,197388,0.00074624195,-2.0015661e-05,0.00047714892,0.5,0.0005030517,0.0013689873,0.0013623183,1,0,1,0,1,0
50608000,50528000,1310988,-0.0011709004,-0.0050401916,-0.00021369812,0.15,2.1177297e-07,2.1174446e-07,8.770272e-07,1310988,-0.06228579,0.06536542,-0.06843811,0.4,0.007950965,0.0059846225,0.00078124576,197388,0.00074624195,-2.0015661e-05,0.00047714892,0.5,0.0005030517,0.0013689873,0.0013623183,1,0,1,0,1,0
51008000,50928000,1310988,-0.0011698073,-0.0050410507,-0.00021397881,0.15,2.145465e-07,2.1452327e-07,8.795949e-07,1310988,-0.06209063,0.06548512,-0.06728015,0.4,0.007939316,0.0059722993,0.00078124576,197388,0.00074624195,-2.0015661e-05,0.00047714892,0.5,0.0005030517,0.0013689873,0.0013623183,1,0,1,0,1,0
51408000,51328000,1310988,-0.0011685392,-0.0050419304,-0.00021333674,0.15,2.1712668e-07,2.171096e-07,8.822056e-07,1310988,-0.061927527,0.06559132,-0.06568671,0.4,0.007929981,0.00596287,0.00078124576,197388,0.00074624195,-2.0015661e-05,0.00047714892,0.5,0.0005030517,0.0013689873,0.0013623183,1,0,1,0,1,0
51808000,51728000,1310988,-0.0011678012,-0.0050443555,-0.00021322873,0.15,2.1947193e-07,2.1946201e-07,8.846246e-07,1310988,-0.061714757,0.06555907,-0.06349107,0.4,0.0079223,0.005955667,0.00078124576,197388,0.00074624195,-2.0015661e-05,0.00047714892,0.5,0.0005030517,0.0013689873,0.0013623183,1,0,1,0,1,0
52008000,51928000,1310988,-0.0011674763,-0.0050469534,-0.00021346257,0.15,2.2023089e-07,2.2022762e-07,8.857978e-07,1310988,-0.061562143,0.06548199,-0.062350158,0.4,0.007916501,0.0059504886,0.00078124576,197388,0.00074624195,-2.0015661e-05,0.00047714892,0.5,0.0005030517,0.0013689873,0.0013623183,1,0,1,0,1,0
52408000,52328000,1310988,-0.001165544,-0.0050481944,-0.00021432835,0.15,2.2227103e-07,2.2227444e-07,8.882414e-07,1310988,-0.061424468,0.065537676,-0.060979802,0.4,0.00791138,0.0059462804,0.00078124576,197388,0.00074624195,-2.0015661e-05,0.00047714892,0.5,0.0005030517,0.0013689873,0.0013623183,1,0,1,0,1,0
52608000,52528000,1310988,-0.0011637668,-0.0050483937,-0.00021357821,0.15,2.2271487e-07,2.227234e-07,8.89353e-07,1310988,-0.061334822,0.0655996,-0.059458807,0.4,0.007907394,0.0059431433,0.00078124576,197388,0.00074624195,-2.0015661e-05,0.00047714892,0.5,0.0005030517,0.0013689873,0.0013623183,1,0,1,0,1,0
53008000,52928000,1310988,-0.0011636444,-0.005050113,-0.0002127342,0.15,2.2434968e-07,2.2436232e-07,8.9151126e-07,1310988,-0.061285768,0.06556894,-0.058185097,0.4,0.007903832,0.0059405556,0.00078124576,197388,0.00074624195,-2.0015661e-05,0.00047714892,0.5,0.0005030517,0.0013689873,0.0013623183,1,0,1,0,1,0
53408000,53328000,1310988,-0.0011616979,-0.0050489423,-0.00021350032,0.15,2.2553776e-07,2.2555398e-07,8.937628e-07,1310988,-0.06121281,0.06563718,-0.05672064,0.4,0.007900671,0.005938412,0.00078124576,197388,0.00074624195,-2.0015661e-05,0.00047714892,0.5,0.0005030517,0.0013689873,0.0013623183,1,0,1,0,1,0
53808000,53728000,1310988,-0.0011600766,-0.0050517847,-0.00021483364,0.15,2.2626374e-07,2.2628403e-07,8.9573075e-07,1310988,-0.061135914,0.065591745,-0.05527232,0.4,0.007897899,0.005936541,0.00078124576,197388,0.00074624195,-2.0015661e-05,0.00047714892,0.5,0.0005030517,0.0013689873,0.0013623183,1,0,1,0,1,0
54008000,53928000,1310988,-0.0011615753,-0.005053938,-0.00021508799,0.15,2.2552945e-07,2.2555305e-07,8.966685e-07,1310988,-0.061160505,0.06555731,-0.05407372,0.4,0.007895548,0.0059349714,0.00078124576,197388,0.00074624195,-2.0015661e-05,0.00047714892,0.5,0.0005030517,0.0013689873,0.0013623183,1,0,1,0,1,0
54408000,54328000,1310988,-0.0011585305,-0.0050553004,-0.00021605527,0.15,2.2587098e-07,2.2589799e-07,8.9846856e-07,1310988,-0.06106476,0.065529406,-0.052548036,0.4,0.007893319,0.00593344,0.00078124576,197388,0.00074624195,-2.0015661e-05,0.00047714892,0.5,0.0005030517,0.0013689873,0.0013623183,1,0,1,0,1,0
54808000,54728000,1310988,-0.0011581361,-0.005056789,-0.00021483109,0.15,2.2569981e-07,2.2572948e-07,9.004106e-07,1310988,-0.061053135,0.0655045,-0.051375266,0.4,0.007891198,0.0059318547,0.00078124576,197388,0.00074624195,-2.0015661e-05,0.00047714892,0.5,0.0005030517,0.0013689873,0.0013623183,1,0,1,0,1,0
55008000,54928000,1310988,-0.0011559477,-0.005059971,-0.00021527248,0.15,2.2418384e-07,2.2421473e-07,9.0121046e-07,1310988,-0.061025303,0.065439865,-0.049789254,0.4,0.00788931,0.0059303804,0.00078124576,197388,0.00074624195,-2.0015661e-05,0.00047714892,0.5,0.0005030517,0.0013689873,0.0013623183,1,0,1,0,1,0
55408000,55328000,1310988,-0.001154497,-0.005059552,-0.00021584581,0.15,2.2371664e-07,2.2374797e-07,9.027358e-07,1310988,-0.060977142,0.06543455,-0.048431784,0.4,0.007887455,0.005928791,0.00078124576,197388,0.00074624195,-2.0015661e-05,0.00047714892,0.5,0.0005030517,0.0013689873,0.0013623183,1,0,1,0,1,0
55808000,55728000,1310988,-0.0011496881,-0.0050638733,-0.0002160114,0.15,2.2274689e-07,2.2277649e-07,9.044391e-07,1310988,-0.06094728,0.065312825,-0.04715788,0.4,0.007885609,0.0059270207,0.00078124576,197388,0.00074624195,-2.0015661e-05,0.00047714892,0.5,0.0005030517,0.0013689873,0.0013623183,1,0,1,0,1,0
56208000,56128000,1310988,-0.0011473001,-0.005069602,-0.00021420998,0.15,2.21341e-07,2.2136751e-07,9.057253e-07,1310988,-0.060987163,0.06521333,-0.04551111,0.4,0.007883653,0.005925041,0.00078124576,197388,0.00074624195,-2.0015661e-05,0.00047714892,0.5,0.0005030517,0.0013689873,0.0013623183,1,0,1,0,1,0
56608000,56528000,1310988,-0.0011445407,-0.005072958,-0.00021314716,0.15,2.1958249e-07,2.1960237e-07,9.0688263e-07,1310988,-0.060991332,0.06513056,-0.044229873,0.4,0.007881753,0.0059229108,0.00078124576,197388,0.00074624195,-2.0015661e-05,0.00047714892,0.5,0.0005030517,0.0013689873,0.0013623183,1,0,1,0,1,0
57008000,56928000,1310988,-0.0011430739,-0.0050731506,-0.0002140259,0.15,2.1754616e-07,2.1755459e-07,9.082763e-07,1310988,-0.06096366,0.06510762,-0.04291161,0.4,0.007879987,0.0059206337,0.00078124576,197388,0.00074624195,-2.0015661e-05,0.00047714892,0.5,0.0005030517,0.0013689873,0.0013623183,1,0,1,0,1,0
57408000,57328000,1310988,-0.0011457106,-0.005077195,-0.00021344975,0.15,2.153058e-07,2.1530022e-07,9.091813e-07,1310988,-0.061031137,0.06513379,-0.041563194,0.4,0.00787834,0.0059182392,0.00078124576,197388,0.00074624195,-2.0015661e-05,0.00047714892,0.5,0.0005030517,0.0013689873,0.0013623183,1,0,1,0,1,0
57808000,57728000,1310988,-0.001140708,-0.00507425,-0.00021277701,0.15,2.1293006e-07,2.1291011e-07,9.099368e-07,1310988,-0.060938243,0.06505623,-0.040053826,0.4,0.007876718,0.005915787,0.00078124576,197388,0.00074624195,-2.0015661e-05,0.00047714892,0.5,0.0005030517,0.0013689873,0.0013623183,1,0,1,0,1,0
58208000,58128000,1310988,-0.001137281,-0.005072217,-0.0002162008,0.15,2.1047563e-07,2.1044237e-07,9.1098116e-07,1310988,-0.06087293,0.06500649,-0.03869012,0.4,0.00787507,0.00591331,0.00078124576,197388,0.00074624195,-2.0015661e-05,0.00047714892,0.5,0.0005030517,0.0013689873,0.0013623183,1,0,1,0,1,0
58408000,58328000,1310988,-0.0011324763,-0.005074396,-0.00021679662,0.15,2.0730644e-07,2.0726236e-07,9.112329e-07,1310988,-0.060876474,0.06489965,-0.03738728,0.4,0.007873583,0.005911166,0.00078124576,197388,0.00074624195,-2.0015661e-05,0.00047714892,0.5,0.0005030517,0.0013689873,0.0013623183,1,0,1,0,1,0
58808000,58728000,1310988,-0.0011315546,-0.005074545,-0.00021522275,0.15,2.0548494e-07,2.0542974e-07,9.1210353e-07,1310988,-0.06086293,0.064881444,-0.036339667,0.4,0.007872098,0.005909081,0.00078124576,197388,0.00074624195,-2.0015661e-05,0.00047714892,0.5,0.0005030517,0.0013689873,0.0013623183,1,0,1,0,1,0
59608000,59528000,1310988,-0.0011270344,-0.005072492,-0.00020934403,0.15,2.0136684e-07,2.0128792e-07,9.124608e-07,1310988,-0.060787987,0.06479142,-0.034134645,0.4,0.007869012,0.0059047723,0.00078124576,197388,0.00074624195,-2.0015661e-05,0.00047714892,0.5,0.0005030517,0.0013689873,0.0013623183,1,0,1,0,1,0
60008000,59928000,1310988,-0.0011229431,-0.005073178,-0.00021062118,0.15,1.992087e-07,1.9911744e-07,9.1294714e-07,1310988,-0.06077579,0.06471378,-0.03270508,0.4,0.007867497,0.0059026144,0.00078124576,197388,0.00074624195,-2.0015661e-05,0.00047714892,0.5,0.0005030517,0.0013689873,0.0013623183,1,0,1,0,1,0
60208000,60128000,1310988,-0.0011240307,-0.005069252,-0.0002095882,0.15,1.9630433e-07,1.9620263e-07,9.1286074e-07,1310988,-0.0606973,0.064743176,-0.031652924,0.4,0.007866208,0.0059007835,0.00078124576,197388,0.00074624195,-2.0015661e-05,0.00047714892,0.5,0.0005030517,0.0013689873,0.0013623183,1,0,1,0,1,0
60608000,60528000,1310988,-0.0011269646,-0.005071563,-0.00021242125,0.15,1.9480106e-07,1.9468823e-07,9.1316053e-07,1310988,-0.06071919,0.06480871,-0.030489465,0.4,0.007865103,0.005899051,0.00078124576,197388,0.00074624195,-2.0015661e-05,0.00047714892,0.5,0.0005030517,0.0013689873,0.0013623183,1,0,1,0,1,0
61408000,61328000,1310988,-0.001126385,-0.0050690877,-0.00021189301,0.15,1.9145982e-07,1.9132622e-07,9.121158e-07,1310988,-0.06066952,0.06480493,-0.029224144,0.4,0.007862949,0.0058955797,0.00078124576,197388,0.00074624195,-2.0015661e-05,0.00047714892,0.5,0.0005030517,0.0013689873,0.0013623183,1,0,1,0,1,0
62208000,62128000,1310988,-0.0011433664,-0.0050664237,-0.00021715641,0.15,1.8804728e-07,1.8789719e-07,9.1107563e-07,1310988,-0.060584296,0.06514815,-0.027480043,0.4,0.007860903,0.0058921743,0.00078124576,197388,0.00074624195,-2.0015661e-05,0.00047714892,0.5,0.0005030517,0.0013689873,0.0013623183,1,0,1,0,1,0
62608000,62528000,1310988,-0.0011489386,-0.0050650304,-0.0002167876,0.15,1.8641467e-07,1.8625884e-07,9.106954e-07,1310988,-0.0605383,0.06526138,-0.026461612,0.4,0.007859912,0.0058905957,0.00078124576,197388,0.00074624195,-2.0015661e-05,0.00047714892,0.5,0.0005030517,0.0013689873,0.0013623183,1,0,1,0,1,0
63408000,63328000,1310988,-0.0011699039,-0.00506067,-0.00021556468,0.15,1.833959e-07,1.8323298e-07,9.0878535e-07,1310988,-0.060361024,0.06564376,-0.024607701,0.4,0.00785794,0.005887794,0.00078124576,197388,0.00074624195,-2.0015661e-05,0.00047714892,0.5,0.0005030517,0.0013689873,0.0013623183,1,0,1,0,1,0
63808000,63728000,1310988,-0.001177563,-0.0050585736,-0.00021185997,0.15,1.8202371e-07,1.8185791e-07,9.072002e-07,1310988,-0.06028102,0.065778926,-0.023487387,0.4,0.007856915,0.005886568,0.00078124576,197388,0.00074624195,-2.0015661e-05,0.00047714892,0.5,0.0005030517,0.0013689873,0.0013623183,1,0,1,0,1,0
64608000,64528000,1310988,-0.0011953847,-0.0050542876,-0.0002122863,0.15,1.7955962e-07,1.7938733e-07,9.043632e-07,1310988,-0.06009779,0.066082716,-0.021433385,0.4,0.007854833,0.005884455,0.00078124576,197388,0.00074624195,-2.0015661e-05,0.00047714892,0.5,0.0005030517,0.0013689873,0.0013623183,1,0,1,0,1,0
65408000,65328000,1310988,-0.0012133563,-0.005051364,-0.00021228052,0.15,1.7744138e-07,1.7726154e-07,9.0093204e-07,1310988,-0.059933305,0.066359,-0.01970931,0.4,0.007852951,0.005882736,0.00078124576,197388,0.00074624195,-2.0015661e-05,0.00047714892,0.5,0.0005030517,0.0013689873,0.0013623183,1,0,1,0,1,0
66208000,66128000,1310988,-0.0012246382,-0.005046271,-0.00020427142,0.15,1.7562013e-07,1.7543164e-07,8.9691804e-07,1310988,-0.059800774,0.066510774,-0.017932853,0.4,0.007851404,0.005881293,0.00078124576,197388,0.00074624195,-2.0015661e-05,0.00047714892,0.5,0.0005030517,0.0013689873,0.0013623183,1,0,1,0,1,0
67008000,66928000,1310988,-0.001239345,-0.005040496,-0.00019811068,0.15,1.7405225e-07,1.7385463e-07,8.923475e-07,1310988,-0.05967091,0.06669127,-0.016291823,0.4,0.00785045,0.0058801086,0.00078124576,197388,0.00074624195,-2.0015661e-05,0.00047714892,0.5,0.0005030517,0.0013689873,0.0013623183,1,0,1,0,1,0
68008000,67928000,1310988,-0.0012485894,-0.00503769,-0.00019013711,0.15,1.742922e-07,1.7408989e-07,8.855981e-07,1310988,-0.059605837,0.066783905,-0.015666049,0.4,0.007849779,0.0058791176,0.0007812475,197388,0.00074624195,-2.0015661e-05,0.00047714892,0.5,0.0005030517,0.0013689873,0.0013623183,1,0,1,0,1,0
68608000,68528000,1310988,-0.0012584665,-0.0050403182,-0.00018607672,0.15,1.7150681e-07,1.7130506e-07,8.8045084e-07,1310988,-0.05960833,0.0669033,-0.014401879,0.4,0.007849263,0.0058782496,0.00078124576,197388,0.00074624195,-2.0015661e-05,0.00047714892,0.5,0.0005030517,0.0013689873,0.0013623183,1,0,1,0,1,0
69608000,69528000,1310988,-0.001269055,-0.0050516785,-0.00018273668,0.15,1.7206558e-07,1.718725e-07,8.723051e-07,1310988,-0.05967202,0.06703398,-0.013657313,0.4,0.007849012,0.005877544,0.00078124634,197388,0.00074624195,-2.0015661e-05,0.00047714892,0.5,0.0005030517,0.0013689873,0.0013623183,1,0,1,0,1,0
70208000,70128000,1310988,-0.0012757217,-0.005054636,-0.00017697841,0.15,1.6955534e-07,1.6937247e-07,8.675309e-07,1310988,-0.059654005,0.06707712,-0.014698733,0.4,0.007848853,0.005876892,0.00078124576,197388,0.00074624195,-2.0015661e-05,0.00047714892,0.5,0.0005030517,0.0013689873,0.0013623183,1,0,1,0,1,0
71208000,71128000,1310988,-0.0012743819,-0.0050662262,-0.00015292382,0.15,1.7033875e-07,1.7017139e-07,8.582067e-07,1310988,-0.05969638,0.06703559,-0.015106818,0.4,0.007848706,0.005876233,0.0007812492,197388,0.00074624195,-2.0015661e-05,0.00047714892,0.5,0.0005030517,0.0013689873,0.0013623183,1,1,1,0,1,0
71808000,71728000,1310988,-0.001267281,-0.005070712,-0.00014795746,0.15,1.6802753e-07,1.6787746e-07,8.515022e-07,1310988,-0.059691496,0.06696741,-0.016153654,0.4,0.007848602,0.0058756666,0.00078124576,197388,0.00074624195,-2.0015661e-05,0.00047714892,0.5,0.0005030517,0.0013689873,0.0013623183,1,1,1,0,1,0
72608000,72528000,1310988,-0.0012636351,-0.0050781183,-0.00013588795,0.15,1.673957e-07,1.6726467e-07,8.4348216e-07,1310988,-0.05964772,0.06693535,-0.017667957,0.4,0.007848486,0.0058752173,0.00078124576,197388,0.00074624195,-2.0015661e-05,0.00047714892,0.5,0.0005030517,0.0013689873,0.0013623183,1,1,1,0,1,0
73608000,73528000,1310988,-0.0012584816,-0.005076714,-0.00012264159,0.15,1.6844025e-07,1.6833216e-07,8.325944e-07,1310988,-0.059586458,0.06688544,-0.018423015,0.4,0.007848342,0.005874873,0.0007812492,197388,0.00074624195,-2.0015661e-05,0.00047714892,0.5,0.0005030517,0.0013689873,0.0013623183,1,1,1,0,1,0
74408000,74328000,1310988,-0.0012622692,-0.005077218,-0.000107787484,0.15,1.654936e-07,1.6541368e-07,8.237528e-07,1310988,-0.05954885,0.06688785,-0.020016486,0.4,0.0078481715,0.0058745015,0.00078124576,197388,0.00074624195,-2.0015661e-05,0.00047714892,0.5,0.0005030517,0.0013689873,0.0013623183,1,1,1,0,1,0
75008000,74928000,1310988,-0.0012586225,-0.005076311,-9.771555e-05,0.15,1.6485286e-07,1.6478764e-07,8.1725636e-07,1310988,-0.05952163,0.06683304,-0.021262309,0.4,0.00784813,0.0058742827,0.00078124576,197388,0.00074624195,-2.0015661e-05,0.00047714892,0.5,0.0005030517,0.0013689873,0.0013623183,1,1,1,0,1,0
76008000,75928000,1310988,-0.0012659399,-0.005070168,-8.510185e-05,0.15,1.6470412e-07,1.6466146e-07,8.0511245e-07,1310988,-0.05950551,0.06683982,-0.021847267,0.4,0.007848139,0.0058739544,0.00078124576,197388,0.00074624195,-2.0015661e-05,0.00047714892,0.5,0.0005030517,0.0013689873,0.0013623183,1,1,1,0,1,0
77008000,76928000,1310988,-0.0012668945,-0.005064715,-7.883967e-05,0.15,1.6375476e-07,1.6372022e-07,7.9255784e-07,1310988,-0.059478987,0.0668219,-0.022919513,0.4,0.007848098,0.0058737355,0.00078124576,197388,0.00074624195,-2.0015661e-05,0.00047714892,0.5,0.0005030517,0.0013689873,0.0013623183,1,1,1,0,1,0
78008000,77928000,1310988,-0.0012616513,-0.0050609014,-7.121787e-05,0.15,1.6581046e-07,1.657706e-07,7.7966877e-07,1310988,-0.059451718,0.066778444,-0.023699906,0.4,0.007847988,0.0058735856,0.00078124634,197388,0.00074624195,-2.0015661e-05,0.00047714892,0.5,0.0005030517,0.0013689873,0.0013623183,1,1,1,0,1,0
79008000,78928000,1310988,-0.0012409649,-0.005051546,-6.5784436e-05,0.15,1.642166e-07,1.6414789e-07,7.6651344e-07,1310988,-0.05932562,0.06670237,-0.024177568,0.4,0.007847567,0.00587346,0.00078124576,197388,0.00074624195,-2.0015661e-05,0.00047714892,0.5,0.0005030517,0.0013689873,0.0013623183,1,1,1,0,1,0
80008000,79928000,1310988,-0.0012285744,-0.0050582644,-6.2893436e-05,0.15,1.6566347e-07,1.655674e-07,7.5316854e-07,1310988,-0.05928117,0.06666098,-0.023779027,0.4,0.007847187,0.0058734645,0.0007812475,197388,0.00074624195,-2.0015661e-05,0.00047714892,0.5,0.0005030517,0.0013689873,0.0013623183,1,1,1,0,1,0
81008000,80928000,1310988,-0.0012025696,-0.0050609293,-4.2600586e-05,0.15,1.6382518e-07,1.6370902e-07,7.39688e-07,1310988,-0.059104517,0.06658776,-0.02306475,0.4,0.007846851,0.005873455,0.00078124576,197388,0.00074624195,-2.0015661e-05,0.00047714892,0.5,0.0005030517,0.0013689873,0.0013623183,1,1,1,0,1,0
82008000,81928000,1310988,-0.0011905592,-0.005059774,-3.8762682e-05,0.15,1.6527622e-07,1.6517292e-07,7.26143e-07,1310988,-0.05906162,0.06656149,-0.022408076,0.4,0.007846635,0.0058734845,0.0007812492,197388,0.00074624195,-2.0015661e-05,0.00047714892,0.5,0.0005030517,0.0013689873,0.0013623183,1,1,1,0,1,0
82208000,82128000,1310988,-0.0011907521,-0.0050576604,-3.7814476e-05,0.15,1.6361423e-07,1.6352503e-07,7.2466185e-07,1310988,-0.059076216,0.06656404,-0.021207152,0.4,0.007846471,0.0058734836,0.00078124576,197388,0.00074624195,-2.0015661e-05,0.00047714892,0.5,0.0005030517,0.0013689873,0.0013623183,1,1,1,0,1,0
83208000,83128000,1310988,-0.0011853807,-0.0050559975,-3.210556e-05,0.15,1.650921e-07,1.6504151e-07,7.110985e-07,1310988,-0.05906848,0.06655302,-0.020331081,0.4,0.007846215,0.00587351,0.0007812492,197388,0.00074624195,-2.0015661e-05,0.00047714892,0.5,0.0005030517,0.0013689873,0.0013623183,1,1,1,0,1,0
83808000,83728000,1310988,-0.0011836832,-0.0050542173,-2.1247735e-05,0.15,1.6337611e-07,1.6336558e-07,7.020524e-07,1310988,-0.0590589,0.066548675,-0.019274887,0.4,0.007846122,0.0058735055,0.00078124576,197388,0.00074624195,-2.0015661e-05,0.00047714892,0.5,0.0005030517,0.0013689873,0.0013623183,1,1,1,0,1,0
84808000,84728000,1310988,-0.0011838811,-0.005053431,-1.7444981e-05,0.15,1.621184e-07,1.621581e-07,6.885629e-07,1310988,-0.05905299,0.0665648,-0.017643996,0.4,0.007846069,0.0058733933,0.00078124576,197388,0.00074624195,-2.0015661e-05,0.00047714892,0.5,0.0005030517,0.0013689873,0.0013623183,1,1,1,0,1,0
85408000,85328000,1310988,-0.001185536,-0.005051873,-1.3172081e-05,0.15,1.615371e-07,1.6160264e-07,6.81132e-07,1310988,-0.059043065,0.06658245,-0.015955897,0.4,0.0078459475,0.0058733197,0.00078124576,197388,0.00074624195,-2.0015661e-05,0.00047714892,0.5,0.0005030517,0.0013689873,0.0013623183,1,1,1,0,1,0
86256000,86176000,1310988,-0.0011925906,-0.005050627,-5.369666e-06,0.15,1.6321843e-07,1.6330664e-07,6.6967743e-07,1310988,-0.058991823,0.06659333,-0.014944094,0.4,0.007845744,0.005873235,0.00078124576,197388,0.00074624195,-2.0015661e-05,0.00047714892,0.5,0.0005030517,0.0013689873,0.0013623183,1,1,1,0,1,0
86808000,86728000,1310988,-0.0012017215,-0.005047867,-6.1958253e-06,0.15,1.6218533e-07,1.6229247e-07,6.635023e-07,1310988,-0.058897894,0.06664908,-0.013030393,0.4,0.007845347,0.00587316,0.00078124576,197388,0.00074624195,-2.0015661e-05,0.00047714892,0.5,0.0005030517,0.0013689873,0.0013623183,1,1,1,0,1,0
87208000,87128000,1310988,-0.0012055787,-0.005045534,-4.3028904e-06,0.15,1.6241734e-07,1.6253186e-07,6.5767273e-07,1310988,-0.05885194,0.066673316,-0.011870202,0.4,0.007845114,0.005873105,0.00078124576,197388,0.00074624195,-2.0015661e-05,0.00047714892,0.5,0.0005030517,0.0013689873,0.0013623183,1,1,1,0,1,0
88008000,87928000,1310988,-0.0012144264,-0.0050492887,4.481394e-07,0.15,1.626047e-07,1.6271852e-07,6.476228e-07,1310988,-0.058794536,0.06671112,-0.010111746,0.4,0.007844647,0.005873012,0.00078124576,197388,0.00074624195,-2.0015661e-05,0.00047714892,0.5,0.0005030517,0.0013689873,0.0013623183,1,1,1,0,1,0
88408000,88328000,1310988,-0.001217546,-0.0050468836,4.1046555e-06,0.15,1.6261613e-07,1.6272541e-07,6.419154e-07,1310988,-0.058754724,0.066725604,-0.00905122,0.4,0.007844416,0.0058729616,0.00078124576,197388,0.00074624195,-2.0015661e-05,0.00047714892,0.5,0.0005030517,0.0013689873,0.0013623183,1,1,1,0,1,0
89008000,88928000,1310988,-0.0012228816,-0.0050448906,1.4542277e-06,0.15,1.614959e-07,1.6159625e-07,6.349127e-07,1310988,-0.058709998,0.066764206,-0.0071505513,0.4,0.007844028,0.0058729155,0.00078124576,197388,0.00074624195,-2.0015661e-05,0.00047714892,0.5,0.0005030517,0.0013689873,0.0013623183,1,1,1,0,1,0
89408000,89328000,1310988,-0.0012257386,-0.0050459863,-2.5251845e-06,0.15,1.6184057e-07,1.6193547e-07,6.293295e-07,1310988,-0.058699623,0.06678902,-0.0060021654,0.4,0.007843903,0.005872917,0.00078124576,197388,0.00074624195,-2.0015661e-05,0.00047714892,0.5,0.0005030517,0.0013689873,0.0013623183,1,1,1,0,1,0
89808000,89728000,1310988,-0.0012280091,-0.005046126,-3.6065234e-07,0.15,1.6207387e-07,1.621629e-07,6.252589e-07,1310988,-0.05868334,0.06680457,-0.004984427,0.4,0.00784382,0.005872921,0.00078124576,197388,0.00074624195,-2.0015661e-05,0.00047714892,0.5,0.0005030517,0.0013689873,0.0013623183,1,1,1,0,1,0
90408000,90328000,1310988,-0.0012362206,-0.0050460612,3.2715345e-06,0.15,1.6158265e-07,1.6166278e-07,6.170868e-07,1310988,-0.058643114,0.066835694,-0.0035988528,0.4,0.007843717,0.0058729197,0.00078124576,197388,0.00074624195,-2.0015661e-05,0.00047714892,0.5,0.0005030517,0.0013689873,0.0013623183,1,1,1,0,1,0
91208000,91128000,1310988,-0.0012420126,-0.005047191,9.280854e-06,0.15,1.6209307e-07,1.6216751e-07,6.078209e-07,1310988,-0.05861212,0.06687378,-0.0016148308,0.4,0.007843638,0.0058729113,0.00078124576,197388,0.00074624195,-2.0015661e-05,0.00047714892,0.5,0.0005030517,0.0013689873,0.0013623183,1,1,1,0,1,0
92208000,92128000,1310988,-0.0012577602,-0.005047846,1.75521e-05,0.15,1.6387271e-07,1.6395262e-07,5.962098e-07,1310988,-0.05854936,0.066914685,-0.0012691949,0.4,0.0078436,0.0058728955,0.00078124803,197388,0.00074624195,-2.0015661e-05,0.00047714892,0.5,0.0005030517,0.0013689873,0.0013623183,1,1,1,0,1,0
93208000,93128000,1310988,-0.0012780685,-0.0050486224,1.2799334e-05,0.15,1.6281653e-07,1.6291239e-07,5.849118e-07,1310988,-0.05847601,0.06699677,-0.000584839,0.4,0.0078434935,0.00587279,0.0007812475,197388,0.00074624195,-2.0015661e-05,0.00047714892,0.5,0.0005030517,0.0013689873,0.0013623183,1,1,1,0,1,0
93808000,93728000,1310988,-0.0012944314,-0.0050500217,1.9404035e-05,0.15,1.6183284e-07,1.6193766e-07,5.775006e-07,1310988,-0.0583916,0.06707503,0.00044563986,0.4,0.007843381,0.0058726943,0.00078124576,197388,0.00074624195,-2.0015661e-05,0.00047714892,0.5,0.0005030517,0.0013689873,0.0013623183,1,1,1,0,1,0
94808000,94728000,1310988,-0.001319081,-0.0050480915,1.9646555e-05,0.15,1.614425e-07,1.6155715e-07,5.66827e-07,1310988,-0.05827542,0.06715282,0.00032788582,0.4,0.007843237,0.0058725467,0.00078124576,197388,0.00074624195,-2.0015661e-05,0.00047714892,0.5,0.0005030517,0.0013689873,0.0013623183,1,1,1,0,1,0
95808000,95728000,1310988,-0.0013444108,-0.0050410475,2.5557534e-05,0.15,1.6205101e-07,1.6215512e-07,5.5651674e-07,1310988,-0.058134526,0.06724529,0.0010470246,0.4,0.00784305,0.0058724023,0.00078124925,197388,0.00074624195,-2.0015661e-05,0.00047714892,0.5,0.0005030517,0.0013689873,0.0013623183,1,1,1,0,1,0
96808000,96728000,1310988,-0.0013667269,-0.0050346563,3.254811e-05,0.15,1.6178997e-07,1.6184603e-07,5.465527e-07,1310988,-0.057981037,0.067286044,0.00028204732,0.4,0.007842516,0.0058722785,0.00078124576,197388,0.00074624195,-2.0015661e-05,0.00047714892,0.5,0.0005030517,0.0013689873,0.0013623183,1,1,1,0,1,0
97808000,97728000,1310988,-0.0013626773,-0.0050250497,3.5847137e-05,0.15,1.6137183e-07,1.6138205e-07,5.3696664e-07,1310988,-0.057896346,0.06725044,-0.0011383691,0.4,0.007841855,0.0058722086,0.00078124576,197388,0.00074624195,-2.0015661e-05,0.00047714892,0.5,0.0005030517,0.0013689873,0.0013623183,1,1,1,0,1,0
98608000,98528000,1310988,-0.001353618,-0.005022972,4.2700714e-05,0.15,1.6179648e-07,1.6179962e-07,5.286209e-07,1310988,-0.057845745,0.06721496,-0.0022394306,0.4,0.0078414185,0.005872186,0.00078124576,197388,0.00074624195,-2.0015661e-05,0.00047714892,0.5,0.0005030517,0.0013689873,0.0013623183,1,1,1,0,1,0
99408000,99328000,1310988,-0.0013306801,-0.0050144657,4.280747e-05,0.15,1.6196867e-07,1.6197895e-07,5.217442e-07,1310988,-0.057683773,0.06720815,-0.0008495956,0.4,0.007841057,0.005872143,0.00078124576,197388,0.00074624195,-2.0015661e-05,0.00047714892,0.5,0.0005030517,0.0013689873,0.0013623183,1,1,1,0,1,0
100408000,100328000,1310988,-0.0013092732,-0.004999517,4.1839005e-05,0.15,1.6168502e-07,1.6167097e-07,5.12955e-07,1310988,-0.057575665,0.06772942,-0.0011011726,0.4,0.007839002,0.0058675753,0.00078124576,197388,0.00074624195,-2.0015661e-05,0.00047714892,0.5,0.0005030517,0.0013689873,0.0013623183,1,1,1,0,1,0
101008000,100928000,1310988,-0.0012960488,-0.005006194,4.0212126e-05,0.15,1.6109962e-07,1.6131989e-07,5.081886e-07,1310988,-0.05764962,0.067929536,-0.002229573,0.4,0.007828975,0.0058661965,0.00078124576,197388,0.00074624195,-2.0015661e-05,0.00047714892,0.5,0.0005030517,0.0013689873,0.0013623183,1,1,1,0,1,0
102008000,101928000,1310988,-0.0012808623,-0.005009387,4.8993854e-05,0.15,1.6352729e-07,1.6438138e-07,4.999793e-07,1310988,-0.05748984,0.068047956,-0.0030619688,0.4,0.007807988,0.0058653485,0.00078124687,197388,0.00074624195,-2.0015661e-05,0.00047714892,0.5,0.0005030517,0.0013689873,0.0013623183,1,1,1,0,1,0
103008000,102928000,1310988,-0.0012249738,-0.0050079417,7.3272524e-05,0.15,1.6257246e-07,1.6376852e-07,4.9059514e-07,1310988,-0.057232797,0.06871258,-0.003584964,0.4,0.007789032,0.005862096,0.00078124576,197388,0.00074624195,-2.0015661e-05,0.00047714892,0.5,0.0005030517,0.0013689873,0.0013623183,1,1,1,0,1,0
103408000,103328000,1310988,-0.0012080503,-0.005001537,8.8691406e-05,0.15,1.6320894e-07,1.6444338e-07,4.881425e-07,1310988,-0.058918763,0.07138226,-0.003477544,0.4,0.0076696677,0.0057942,0.00078124576,197388,0.00074624195,-2.0015661e-05,0.00047714892,0.5,0.0005030517,0.0013689873,0.0013623183,1,1,1,0,1,0
103808000,103728000,1310988,-0.0011987488,-0.0049980762,0.00010676505,0.15,1.6431709e-07,1.6575748e-07,4.84709e-07,1310988,-0.060393713,0.07375126,-0.003463404,0.4,0.007389629,0.005629253,0.00078124576,197388,0.00074624195,-2.0015661e-05,0.00047714892,0.5,0.0005030517,0.0013689873,0.0013623183,1,1,1,0,1,0
104208000,104128000,1310988,-0.0011913776,-0.0049951617,0.000121443285,0.15,1.6582128e-07,1.675752e-07,4.8036156e-07,1310988,-0.062128134,0.07606317,-0.003767143,0.4,0.0070044966,0.0053904657,0.00078124576,197388,0.00074624195,-2.0015661e-05,0.00047714892,0.5,0.0005030517,0.0013689873,0.0013623183,1,1,1,0,1,0
104608000,104528000,1310988,-0.0011870166,-0.004991119,0.00013306488,0.15,1.6765534e-07,1.697372e-07,4.7619847e-07,1310988,-0.064498,0.07778654,-0.003734261,0.4,0.006593113,0.0051212264,0.00078124576,197388,0.00074624195,-2.0015661e-05,0.00047714892,0.5,0.0005030517,0.0013689873,0.0013623183,1,1,1,0,1,0
105008000,104928000,1310988,-0.0011842825,-0.0049893316,0.00014718254,0.15,1.6981757e-07,1.7218633e-07,4.7113224e-07,1310988,-0.06591857,0.078354746,-0.0037588412,0.4,0.0062083486,0.0048572696,0.00078124576,197388,0.00074624195,-2.0015661e-05,0.00047714892,0.5,0.0005030517,0.0013689873,0.0013623183,1,1,1,0,1,0
105208000,105128000,1310988,-0.001183059,-0.0049875327,0.00015202953,0.15,1.7080073e-07,1.7336491e-07,4.6865685e-07,1310988,-0.06693074,0.07866747,-0.003379396,0.4,0.005935137,0.0046630567,0.00078124576,197388,0.00074624195,-2.0015661e-05,0.00047714892,0.5,0.0005030517,0.0013689873,0.0013623183,1,1,1,0,1,0
105608000,105528000,1310988,-0.0011817659,-0.0049853986,0.00015898941,0.15,1.7334465e-07,1.7607549e-07,4.6483007e-07,1310988,-0.06858564,0.07840837,-0.0034693063,0.4,0.005674751,0.0044739274,0.00078124576,197388,0.00074624195,-2.0015661e-05,0.00047714892,0.5,0.0005030517,0.0013689873,0.0013623183,1,1,1,0,1,0
106208000,106128000,1310988,-0.0011784176,-0.004983756,0.00017844474,0.15,1.7720488e-07,1.8016347e-07,4.5782508e-07,1310988,-0.07009374,0.07849528,-0.0038326788,0.4,0.0052953125,0.004192582,0.00078124576,197388,0.00074624195,-2.0015661e-05,0.00047714892,0.5,0.0005030517,0.0013689873,0.0013623183,1,1,1,0,1,0
106608000,106528000,1310988,-0.0011760297,-0.004982162,0.00018650279,0.15,1.7987016e-07,1.8293223e-07,4.533325e-07,1310988,-0.071002595,0.07902084,-0.0035426999,0.4,0.0051272055,0.004067083,0.00078124576,197388,0.00074624195,-2.0015661e-05,0.00047714892,0.5,0.0005030517,0.0013689873,0.0013623183,1,1,1,0,1,0
