timestamp,timestamp_sample,time_utc_usec,device_id,lat,lon,alt,alt_ellipsoid,s_variance_m_s,c_variance_rad,eph,epv,hdop,vdop,noise_per_ms,jamming_indicator,vel_m_s,vel_n_m_s,vel_e_m_s,vel_d_m_s,cog_rad,timestamp_time_relative,heading,heading_offset,heading_accuracy,rtcm_injection_rate,automatic_gain_control,fix_type,jamming_state,spoofing_state,vel_ned_valid,satellites_used,selected_rtcm_instance,rtcm_crc_failed,rtcm_msg_used
600000,0,1691481500588323,11468804,473977421,85455934,488101,488101,0.25,0.5,1.0,1.0,0.0,0.0,0,0,0.0,0.01,0.01,-0.01,0.8063421,0,nan,nan,0.0,0.0,0,3,0,0,1,10,0,0,0
804000,0,1691481500788323,0,473977421,85455934,488101,488101,0.25,0.5,1.0,1.0,0.0,0.0,0,0,0.0,0.01,0.0,-0.01,0.49968776,0,nan,nan,0.0,0.0,0,3,0,0,1,10,0,0,0
1204000,0,1691481501192323,0,473977421,85455934,488105,488105,0.25,0.5,1.0,1.0,0.0,0.0,0,0,0.0,0.02,-0.01,0.049999997,5.6796503,0,nan,nan,0.0,0.0,0,3,0,0,1,10,0,0,0
1600000,0,1691481501584323,0,473977420,85455933,488098,488098,0.25,0.5,1.0,1.0,0.0,0.0,0,0,0.0,0.01,0.0,-0.02,0.1808161,0,nan,nan,0.0,0.0,0,3,0,0,1,10,0,0,0
2004000,0,1691481501992323,0,473977421,85455934,488101,488101,0.25,0.5,1.0,1.0,0.0,0.0,0,0,0.0,0.01,-0.01,0.0,5.5232687,0,nan,nan,0.0,0.0,0,3,0,0,1,10,0,0,0
2404000,0,1691481502388323,0,473977421,85455934,488101,488101,0.25,0.5,1.0,1.0,0.0,0.0,0,0,0.0,-0.01,0.0,0.02,2.8094566,0,nan,nan,0.0,0.0,0,3,0,0,1,10,0,0,0
2604000,0,1691481502592323,0,473977421,85455934,488100,488100,0.25,0.5,1.0,1.0,0.0,0.0,0,0,0.0,0.02,0.03,0.0,0.9393362,0,nan,nan,0.0,0.0,0,3,0,0,1,10,0,0,0
3000000,0,1691481502984323,0,473977421,85455934,488099,488099,0.25,0.5,1.0,1.0,0.0,0.0,0,0,0.0,0.0,0.0,0.01,0.013264502,0,nan,nan,0.0,0.0,0,3,0,0,1,10,0,0,0
3404000,0,1691481503392323,0,473977421,85455934,488103,488103,0.25,0.5,1.0,1.0,0.0,0.0,0,0,0.0,0.02,0.0,0.0,0.3115413,0,nan,nan,0.0,0.0,0,3,0,0,1,10,0,0,0
3800000,0,1691481503784323,0,473977421,85455934,488110,488110,0.25,0.5,1.0,1.0,0.0,0.0,0,0,0.0,0.0,0.0,0.03,5.130221,0,nan,nan,0.0,0.0,0,3,0,0,1,10,0,0,0
4204000,0,1691481504192323,0,473977420,85455933,488101,488101,0.25,0.5,1.0,1.0,0.0,0.0,0,0,0.0,0.0,0.0,-0.04,2.282716,0,nan,nan,0.0,0.0,0,3,0,0,1,10,0,0,0
4604000,0,1691481504584323,0,473977421,85455935,488103,488103,0.25,0.5,1.0,1.0,0.0,0.0,0,0,0.0,0.0,0.01,0.0,1.9207348,0,nan,nan,0.0,0.0,0,3,0,0,1,10,0,0,0
4804000,0,1691481504788323,0,473977421,85455935,488104,488104,0.25,0.5,1.0,1.0,0.0,0.0,0,0,0.0,0.01,0.02,0.03,1.0564477,0,nan,nan,0.0,0.0,0,3,0,0,1,10,0,0,0
5204000,0,1691481505188323,0,473977421,85455934,488103,488103,0.25,0.5,1.0,1.0,0.0,0.0,0,0,0.0,0.01,0.0,0.0,0.615054,0,nan,nan,0.0,0.0,0,3,0,0,1,10,0,0,0
5600000,0,1691481505584323,0,473977421,85455935,488097,488097,0.25,0.5,1.0,1.0,0.0,0.0,0,0,0.0,0.0,0.0,-0.03,5.989446,0,nan,nan,0.0,0.0,0,3,0,0,1,10,0,0,0
5804000,0,1691481505788323,0,473977421,85455935,488104,488104,0.25,0.5,1.0,1.0,0.0,0.0,0,0,0.0,0.02,0.0,0.01,0.24678954,0,nan,nan,0.0,0.0,0,3,0,0,1,10,0,0,0
6204000,0,1691481506188323,0,473977421,85455934,488098,488098,0.25,0.5,1.0,1.0,0.0,0.0,0,0,0.0,0.0,0.0,-0.04,2.7899086,0,nan,nan,0.0,0.0,0,3,0,0,1,10,0,0,0
6404000,0,1691481506392323,0,473977421,85455934,488099,488099,0.25,0.5,1.0,1.0,0.0,0.0,0,0,0.0,-0.02,0.0,0.0,3.378085,0,nan,nan,0.0,0.0,0,3,0,0,1,10,0,0,0
6804000,0,1691481506788323,0,473977421,85455935,488104,488104,0.25,0.5,1.0,1.0,0.0,0.0,0,0,0.0,0.0,0.0,0.01,1.786868,0,nan,nan,0.0,0.0,0,3,0,0,1,10,0,0,0
7204000,0,1691481507188323,0,473977421,85455934,488103,488103,0.25,0.5,1.0,1.0,0.0,0.0,0,0,0.0,0.0,0.0,0.0,3.1215212,0,nan,nan,0.0,0.0,0,3,0,0,1,10,0,0,0
7604000,0,1691481507588323,0,473977421,85455934,488106,488106,0.25,0.5,1.0,1.0,0.0,0.0,0,0,0.0,0.02,0.0,0.0,5.994508,0,nan,nan,0.0,0.0,0,3,0,0,1,10,0,0,0
8004000,0,1691481507992323,0,473977420,85455934,488107,488107,0.25,0.5,1.0,1.0,0.0,0.0,0,0,0.0,0.0,0.0,0.0,2.7525587,0,nan,nan,0.0,0.0,0,3,0,0,1,10,0,0,0
8404000,0,1691481508388323,0,473977420,85455935,488106,488106,0.25,0.5,1.0,1.0,0.0,0.0,0,0,0.0,0.01,-0.02,0.04,5.144532,0,nan,nan,0.0,0.0,0,3,0,0,1,10,0,0,0
8804000,0,1691481508788323,0,473977420,85455934,488101,488101,0.25,0.5,1.0,1.0,0.0,0.0,0,0,0.0,0.0,0.0,-0.03,0.28501227,0,nan,nan,0.0,0.0,0,3,0,0,1,10,0,0,0
9204000,0,1691481509188323,0,473977421,85455934,488111,488111,0.25,0.5,1.0,1.0,0.0,0.0,0,0,0.0,-0.02,-0.01,0.01,3.5622168,0,nan,nan,0.0,0.0,0,3,0,0,1,10,0,0,0
9600000,0,1691481509588323,0,473977421,85455934,488107,488107,0.25,0.5,1.0,1.0,0.0,0.0,0,0,0.0,0.0,-0.02,0.0,4.9694757,0,nan,nan,0.0,0.0,0,3,0,0,1,10,0,0,0
10004000,0,1691481509984323,0,473977421,85455934,488095,488095,0.25,0.5,1.0,1.0,0.0,0.0,0,0,0.0,0.01,0.0,0.0,6.1095247,0,nan,nan,0.0,0.0,0,3,0,0,1,10,0,0,0
10404000,0,1691481510388323,0,473977421,85455934,488086,488086,0.25,0.5,1.0,1.0,0.0,0.0,0,0,0.0,0.0,-0.01,0.0,5.1947975,0,nan,nan,0.0,0.0,0,3,0,0,1,10,0,0,0
10804000,0,1691481510788323,0,473977421,85455934,488105,488105,0.25,0.5,1.0,1.0,0.0,0.0,0,0,0.0,-0.01,0.0,0.01,2.7848473,0,nan,nan,0.0,0.0,0,3,0,0,1,10,0,0,0
11204000,0,1691481511188323,0,473977421,85455934,488100,488100,0.25,0.5,1.0,1.0,0.0,0.0,0,0,0.0,0.0,0.0,-0.049999997,4.9490557,0,nan,nan,0.0,0.0,0,3,0,0,1,10,0,0,0
11600000,0,1691481511588323,0,473977421,85455934,488111,488111,0.25,0.5,1.0,1.0,0.0,0.0,0,0,0.0,0.0,0.0,0.03,2.415012,0,nan,nan,0.0,0.0,0,3,0,0,1,10,0,0,0
12004000,0,1691481511984323,0,473977420,85455934,488119,488119,0.25,0.5,1.0,1.0,0.0,0.0,0,0,0.0,0.02,0.01,0.02,0.64053583,0,nan,nan,0.0,0.0,0,3,0,0,1,10,0,0,0
12204000,0,1691481512192323,0,473977420,85455934,488103,488103,0.25,0.5,1.0,1.0,0.0,0.0,0,0,0.0,0.01,0.0,-0.01,0.36966074,0,nan,nan,0.0,0.0,0,3,0,0,1,10,0,0,0
12600000,0,1691481512588323,0,473977421,85455935,488104,488104,0.25,0.5,1.0,1.0,0.0,0.0,0,0,0.0,0.0,-0.01,-0.02,5.0413837,0,nan,nan,0.0,0.0,0,3,0,0,1,10,0,0,0
12804000,0,1691481512788323,0,473977421,85455934,488100,488100,0.25,0.5,1.0,1.0,0.0,0.0,0,0,0.0,0.0,0.0,-0.02,1.5179129,0,nan,nan,0.0,0.0,0,3,0,0,1,10,0,0,0
13204000,0,1691481513192323,0,473977420,85455934,488101,488101,0.25,0.5,1.0,1.0,0.0,0.0,0,0,0.0,0.0,0.0,0.0,2.3752184,0,nan,nan,0.0,0.0,0,3,0,0,1,10,0,0,0
13604000,0,1691481513588323,0,473977420,85455934,488101,488101,0.25,0.5,1.0,1.0,0.0,0.0,0,0,0.0,0.0,0.01,0.04,2.0781636,0,nan,nan,0.0,0.0,0,3,0,0,1,10,0,0,0
14000000,0,1691481513984323,0,473977421,85455934,488100,488100,0.25,0.5,1.0,1.0,0.0,0.0,0,0,0.0,0.0,-0.02,-0.03,4.6451936,0,nan,nan,0.0,0.0,0,3,0,0,1,10,0,0,0
14204000,0,1691481514192323,0,473977421,85455934,488110,488110,0.25,0.5,1.0,1.0,0.0,0.0,0,0,0.0,0.0,0.0,-0.01,2.5590017,0,nan,nan,0.0,0.0,0,3,0,0,1,10,0,0,0
14600000,0,1691481514588323,0,473977421,85455934,488106,488106,0.25,0.5,1.0,1.0,0.0,0.0,0,0,0.0,0.01,-0.01,0.01,5.4743996,0,nan,nan,0.0,0.0,0,3,0,0,1,10,0,0,0
14804000,0,1691481514788323,0,473977421,85455934,488105,488105,0.25,0.5,1.0,1.0,0.0,0.0,0,0,0.0,0.02,0.0,0.01,5.948082,0,nan,nan,0.0,0.0,0,3,0,0,1,10,0,0,0
15204000,0,1691481515192323,0,473977421,85455934,488112,488112,0.25,0.5,1.0,1.0,0.0,0.0,0,0,0.0,0.0,0.01,0.0,1.8254398,0,nan,nan,0.0,0.0,0,3,0,0,1,10,0,0,0
15604000,0,1691481515588323,0,473977421,85455934,488108,488108,0.25,0.5,1.0,1.0,0.0,0.0,0,0,0.0,0.0,0.01,-0.03,1.2679818,0,nan,nan,0.0,0.0,0,3,0,0,1,10,0,0,0
16004000,0,1691481515992323,0,473977420,85455934,488098,488098,0.25,0.5,1.0,1.0,0.0,0.0,0,0,0.0,0.01,0.0,-0.01,0.172264,0,nan,nan,0.0,0.0,0,3,0,0,1,10,0,0,0
16404000,0,1691481516392323,0,473977421,85455934,488101,488101,0.25,0.5,1.0,1.0,0.0,0.0,0,0,0.0,-0.01,0.0,0.02,2.8792696,0,nan,nan,0.0,0.0,0,3,0,0,1,10,0,0,0
16804000,0,1691481516788323,0,473977420,85455934,488107,488107,0.25,0.5,1.0,1.0,0.0,0.0,0,0,0.0,-0.01,0.0,0.0,3.184353,0,nan,nan,0.0,0.0,0,3,0,0,1,10,0,0,0
17200000,0,1691481517188323,0,473977421,85455935,488106,488106,0.25,0.5,1.0,1.0,0.0,0.0,0,0,0.0,0.01,-0.01,-0.01,5.7063537,0,nan,nan,0.0,0.0,0,3,0,0,1,10,0,0,0
17604000,0,1691481517588323,0,473977421,85455934,488109,488109,0.25,0.5,1.0,1.0,0.0,0.0,0,0,0.0,0.0,0.0,0.0,0.007853981,0,nan,nan,0.0,0.0,0,3,0,0,1,10,0,0,0
17804000,0,1691481517788323,0,473977421,85455934,488104,488104,0.25,0.5,1.0,1.0,0.0,0.0,0,0,0.0,0.01,0.03,-0.01,1.1192796,0,nan,nan,0.0,0.0,0,3,0,0,1,10,0,0,0
18204000,0,1691481518192323,0,473977421,85455934,488103,488103,0.25,0.5,1.0,1.0,0.0,0.0,0,0,0.0,0.0,-0.01,0.02,4.9349184,0,nan,nan,0.0,0.0,0,3,0,0,1,10,0,0,0
18604000,0,1691481518592323,0,473977421,85455933,488097,488097,0.25,0.5,1.0,1.0,0.0,0.0,0,0,0.0,0.02,0.0,0.02,5.914921,0,nan,nan,0.0,0.0,0,3,0,0,1,10,0,0,0
19004000,0,1691481518988323,0,473977421,85455934,488101,488101,0.25,0.5,1.0,1.0,0.0,0.0,0,0,0.0,0.0,0.0,0.01,5.5319953,0,nan,nan,0.0,0.0,0,3,0,0,1,10,0,0,0
19404000,0,1691481519384323,0,473977421,85455935,488104,488104,0.25,0.5,1.0,1.0,0.0,0.0,0,0,0.0,0.02,0.0,0.0,0.31398472,0,nan,nan,0.0,0.0,0,3,0,0,1,10,0,0,0
19804000,0,1691481519784323,0,473977421,85455934,488100,488100,0.25,0.5,1.0,1.0,0.0,0.0,0,0,0.0,0.0,0.0,0.0,0.7623598,0,nan,nan,0.0,0.0,0,3,0,0,1,10,0,0,0
20004000,0,1691481519988323,0,473977421,85455934,488107,488107,0.25,0.5,1.0,1.0,0.0,0.0,0,0,0.0,0.0,0.01,-0.04,1.7802358,0,nan,nan,0.0,0.0,0,3,0,0,1,10,0,0,0
20404000,0,1691481520384323,0,473977421,85455934,488112,488112,0.25,0.5,1.0,1.0,0.0,0.0,0,0,0.0,-0.01,0.01,0.0,2.639287,0,nan,nan,0.0,0.0,0,3,0,0,1,10,0,0,0
20604000,0,1691481520592323,0,473977421,85455934,488099,488099,0.25,0.5,1.0,1.0,0.0,0.0,0,0,0.0,0.0,0.0,-0.02,0.17453292,0,nan,nan,0.0,0.0,0,3,0,0,1,10,0,0,0
21000000,0,1691481520988323,0,473977421,85455934,488107,488107,0.25,0.5,1.0,1.0,0.0,0.0,0,0,0.0,0.0,0.0,0.01,0.49916413,0,nan,nan,0.0,0.0,0,3,0,0,1,10,0,0,0
21204000,0,1691481521192323,0,473977421,85455935,488107,488107,0.25,0.5,1.0,1.0,0.0,0.0,0,0,0.0,0.0,0.0,0.01,4.7701592,0,nan,nan,0.0,0.0,0,3,0,0,1,10,0,0,0
21604000,0,1691481521588323,0,473977421,85455935,488116,488116,0.25,0.5,1.0,1.0,0.0,0.0,0,0,0.0,0.0,0.0,0.049999997,2.4345596,0,nan,nan,0.0,0.0,0,3,0,0,1,10,0,0,0
22004000,0,1691481521988323,0,473977421,85455935,488106,488106,0.25,0.5,1.0,1.0,0.0,0.0,0,0,0.0,0.01,0.0,-0.01,5.8700657,0,nan,nan,0.0,0.0,0,3,0,0,1,10,0,0,0
22404000,0,1691481522388323,0,473977421,85455934,488104,488104,0.25,0.5,1.0,1.0,0.0,0.0,0,0,0.0,-0.02,-0.02,-0.02,3.9344957,0,nan,nan,0.0,0.0,0,3,0,0,1,10,0,0,0
22804000,0,1691481522788323,0,473977421,85455935,488108,488108,0.25,0.5,1.0,1.0,0.0,0.0,0,0,0.0,0.02,-0.01,0.04,5.6257195,0,nan,nan,0.0,0.0,0,3,0,0,1,10,0,0,0
23200000,0,1691481523188323,0,473977421,85455934,488100,488100,0.25,0.5,1.0,1.0,0.0,0.0,0,0,0.0,0.0,0.01,0.0,1.0800097,0,nan,nan,0.0,0.0,0,3,0,0,1,10,0,0,0
23404000,0,1691481523388323,0,473977420,85455934,488103,488103,0.25,0.5,1.0,1.0,0.0,0.0,0,0,0.0,0.01,0.02,-0.03,1.057844,0,nan,nan,0.0,0.0,0,3,0,0,1,10,0,0,0
23804000,0,1691481523788323,0,473977421,85455934,488105,488105,0.25,0.5,1.0,1.0,0.0,0.0,0,0,0.0,0.02,0.01,0.0,0.5923647,0,nan,nan,0.0,0.0,0,3,0,0,1,10,0,0,0
24204000,0,1691481524192323,0,473977421,85455934,488105,488105,0.25,0.5,1.0,1.0,0.0,0.0,0,0,0.0,0.0,-0.02,0.01,4.739965,0,nan,nan,0.0,0.0,0,3,0,0,1,10,0,0,0
24600000,0,1691481524588323,0,473977421,85455934,488102,488102,0.25,0.5,1.0,1.0,0.0,0.0,0,0,0.0,0.0,-0.02,0.0,4.417777,0,nan,nan,0.0,0.0,0,3,0,0,1,10,0,0,0
24804000,0,1691481524788323,0,473977420,85455934,488096,488096,0.25,0.5,1.0,1.0,0.0,0.0,0,0,0.0,-0.01,0.0,0.04,2.7296948,0,nan,nan,0.0,0.0,0,3,0,0,1,10,0,0,0
25200000,0,1691481525188323,0,473977421,85455934,488094,488094,0.25,0.5,1.0,1.0,0.0,0.0,0,0,0.0,-0.01,0.0,0.0,3.2820916,0,nan,nan,0.0,0.0,0,3,0,0,1,10,0,0,0
25404000,0,1691481525388323,0,473977421,85455934,488103,488103,0.25,0.5,1.0,1.0,0.0,0.0,0,0,0.0,0.0,0.0,-0.04,0.083775796,0,nan,nan,0.0,0.0,0,3,0,0,1,10,0,0,0
25804000,0,1691481525788323,0,473977421,85455934,488104,488104,0.25,0.5,1.0,1.0,0.0,0.0,0,0,0.0,0.0,0.0,0.0,1.3009684,0,nan,nan,0.0,0.0,0,3,0,0,1,10,0,0,0
26204000,0,1691481526192323,0,473977421,85455934,488097,488097,0.25,0.5,1.0,1.0,0.0,0.0,0,0,0.0,0.0,0.0,0.0,5.0431285,0,nan,nan,0.0,0.0,0,3,0,0,1,10,0,0,0
26600000,0,1691481526588323,0,473977421,85455934,488106,488106,0.25,0.5,1.0,1.0,0.0,0.0,0,0,0.0,0.0,0.0,-0.01,2.859722,0,nan,nan,0.0,0.0,0,3,0,0,1,10,0,0,0
26804000,0,1691481526788323,0,473977421,85455935,488110,488110,0.25,0.5,1.0,1.0,0.0,0.0,0,0,0.0,0.0,0.01,0.02,1.9181167,0,nan,nan,0.0,0.0,0,3,0,0,1,10,0,0,0
27200000,0,1691481527188323,0,473977421,85455935,488103,488103,0.25,0.5,1.0,1.0,0.0,0.0,0,0,0.0,0.0,0.0,-0.02,0.1516691,0,nan,nan,0.0,0.0,0,3,0,0,1,10,0,0,0
27404000,0,1691481527388323,0,473977421,85455934,488097,488097,0.25,0.5,1.0,1.0,0.0,0.0,0,0,0.0,-0.01,0.02,0.0,2.0081758,0,nan,nan,0.0,0.0,0,3,0,0,1,10,0,0,0
27804000,0,1691481527784323,0,473977421,85455934,488092,488092,0.25,0.5,1.0,1.0,0.0,0.0,0,0,0.0,0.0,0.01,-0.03,1.11352,0,nan,nan,0.0,0.0,0,3,0,0,1,10,0,0,0
28204000,0,1691481528188323,0,473977421,85455934,488111,488111,0.25,0.5,1.0,1.0,0.0,0.0,0,0,0.0,0.0,-0.01,0.0,5.283984,0,nan,nan,0.0,0.0,0,3,0,0,1,10,0,0,0
28604000,0,1691481528592323,0,473977421,85455934,488099,488099,0.25,0.5,1.0,1.0,0.0,0.0,0,0,0.0,0.0,0.0,0.0,1.6460199,0,nan,nan,0.0,0.0,0,3,0,0,1,10,0,0,0
29004000,0,1691481528988323,0,473977421,85455935,488106,488106,0.25,0.5,1.0,1.0,0.0,0.0,0,0,0.0,0.0,0.0,0.01,5.3862605,0,nan,nan,0.0,0.0,0,3,0,0,1,10,0,0,0
29404000,0,1691481529388323,0,473977421,85455935,488112,488112,0.25,0.5,1.0,1.0,0.0,0.0,0,0,0.0,0.01,0.01,-0.02,0.6072001,0,nan,nan,0.0,0.0,0,3,0,0,1,10,0,0,0
29800000,0,1691481529784323,0,473977421,85455934,488104,488104,0.25,0.5,1.0,1.0,0.0,0.0,0,0,0.0,-0.01,0.0,0.0,2.911733,0,nan,nan,0.0,0.0,0,3,0,0,1,10,0,0,0
30204000,0,1691481530192323,0,473977420,85455934,488102,488102,0.25,0.5,1.0,1.0,0.0,0.0,0,0,0.0,0.01,0.0,0.0,0.4738569,0,nan,nan,0.0,0.0,0,3,0,0,1,10,0,0,0
30604000,0,1691481530588323,0,473977421,85455934,488094,488094,0.25,0.5,1.0,1.0,0.0,0.0,0,0,0.0,0.0,-0.02,-0.02,4.9432955,0,nan,nan,0.0,0.0,0,3,0,0,1,10,0,0,0
31004000,0,1691481530988323,0,473977421,85455935,488110,488110,0.25,0.5,1.0,1.0,0.0,0.0,0,0,0.0,-0.01,0.0,0.0,2.9133036,0,nan,nan,0.0,0.0,0,3,0,0,1,10,0,0,0
31404000,0,1691481531388323,0,473977421,85455934,488104,488104,0.25,0.5,1.0,1.0,0.0,0.0,0,0,0.0,0.0,0.0,0.049999997,2.1931806,0,nan,nan,0.0,0.0,0,3,0,0,1,10,0,0,0
31804000,0,1691481531788323,0,473977421,85455934,488102,488102,0.25,0.5,1.0,1.0,0.0,0.0,0,0,0.0,0.0,0.0,0.0,1.3473941,0,nan,nan,0.0,0.0,0,3,0,0,1,10,0,0,0
32204000,0,1691481532184323,0,473977421,85455934,488108,488108,0.25,0.5,1.0,1.0,0.0,0.0,0,0,0.0,0.01,-0.03,-0.02,4.976806,0,nan,nan,0.0,0.0,0,3,0,0,1,10,0,0,0
32604000,0,1691481532588323,0,473977420,85455934,488102,488102,0.25,0.5,1.0,1.0,0.0,0.0,0,0,0.0,0.0,0.0,0.07,4.3994513,0,nan,nan,0.0,0.0,0,3,0,0,1,10,0,0,0
33004000,0,1691481532992323,0,473977421,85455935,488093,488093,0.25,0.5,1.0,1.0,0.0,0.0,0,0,0.0,0.01,0.0,0.04,5.8108993,0,nan,nan,0.0,0.0,0,3,0,0,1,10,0,0,0
33404000,0,1691481533388323,0,473977421,85455935,488091,488091,0.25,0.5,1.0,1.0,0.0,0.0,0,0,0.0,-0.01,0.0,-0.01,2.6387634,0,nan,nan,0.0,0.0,0,3,0,0,1,10,0,0,0
33800000,0,1691481533784323,0,473977421,85455934,488089,488089,0.25,0.5,1.0,1.0,0.0,0.0,0,0,0.0,0.0,0.0,0.0,0.3080506,0,nan,nan,0.0,0.0,0,3,0,0,1,10,0,0,0
34004000,0,1691481533992323,0,473977421,85455934,488093,488093,0.25,0.5,1.0,1.0,0.0,0.0,0,0,0.0,-0.01,0.0,-0.03,3.5594244,0,nan,nan,0.0,0.0,0,3,0,0,1,10,0,0,0
34404000,0,1691481534388323,0,473977421,85455935,488110,488110,0.25,0.5,1.0,1.0,0.0,0.0,0,0,0.0,0.02,0.0,-0.01,0.2956588,0,nan,nan,0.0,0.0,0,3,0,0,1,10,0,0,0
34604000,0,1691481534588323,0,473977421,85455934,488104,488104,0.25,0.5,1.0,1.0,0.0,0.0,0,0,0.0,0.0,0.02,0.01,1.6238544,0,nan,nan,0.0,0.0,0,3,0,0,1,10,0,0,0
35004000,0,1691481534992323,0,473977421,85455935,488096,488096,0.25,0.5,1.0,1.0,0.0,0.0,0,0,0.0,0.01,-0.01,0.04,5.5555573,0,nan,nan,0.0,0.0,0,3,0,0,1,10,0,0,0
35404000,0,1691481535388323,0,473977421,85455934,488099,488099,0.25,0.5,1.0,1.0,0.0,0.0,0,0,0.0,0.0,-0.01,0.0,4.4224896,0,nan,nan,0.0,0.0,0,3,0,0,1,10,0,0,0
35804000,0,1691481535792323,0,473977421,85455934,488102,488102,0.25,0.5,1.0,1.0,0.0,0.0,0,0,0.0,0.02,0.01,-0.03,0.5237733,0,nan,nan,0.0,0.0,0,3,0,0,1,10,0,0,0
36204000,0,1691481536192323,0,473977421,85455934,488114,488114,0.25,0.5,1.0,1.0,0.0,0.0,0,0,0.0,-0.01,-0.01,0.0,3.994535,0,nan,nan,0.0,0.0,0,3,0,0,1,10,0,0,0
36604000,0,1691481536588323,0,473977421,85455934,488104,488104,0.25,0.5,1.0,1.0,0.0,0.0,0,0,0.0,0.0,0.0,0.0,6.26259,0,nan,nan,0.0,0.0,0,3,0,0,1,10,0,0,0
36804000,0,1691481536792323,0,473977421,85455934,488098,488098,0.25,0.5,1.0,1.0,0.0,0.0,0,0,0.0,-0.01,-0.01,-0.02,3.9531708,0,nan,nan,0.0,0.0,0,3,0,0,1,10,0,0,0
37204000,0,1691481537184323,0,473977421,85455934,488100,488100,0.25,0.5,1.0,1.0,0.0,0.0,0,0,0.0,-0.01,-0.02,0.04,4.298222,0,nan,nan,0.0,0.0,0,3,0,0,1,10,0,0,0
37604000,0,1691481537588323,0,473977421,85455935,488093,488093,0.25,0.5,1.0,1.0,0.0,0.0,0,0,0.0,0.0,0.0,0.0,4.735951,0,nan,nan,0.0,0.0,0,3,0,0,1,10,0,0,0
38004000,0,1691481537984323,0,473977421,85455934,488101,488101,0.25,0.5,1.0,1.0,0.0,0.0,0,0,0.0,-0.01,-0.01,0.01,3.8533378,0,nan,nan,0.0,0.0,0,3,0,0,1,10,0,0,0
38400000,0,1691481538388323,0,473977421,85455934,488106,488106,0.25,0.5,1.0,1.0,0.0,0.0,0,0,0.0,0.0,0.0,0.01,5.3811994,0,nan,nan,0.0,0.0,0,3,0,0,1,10,0,0,0
38604000,0,1691481538588323,0,473977421,85455934,488101,488101,0.25,0.5,1.0,1.0,0.0,0.0,0,0,0.0,-0.01,0.0,0.0,3.3759902,0,nan,nan,0.0,0.0,0,3,0,0,1,10,0,0,0
39000000,0,1691481538984323,0,473977421,85455935,488114,488114,0.25,0.5,1.0,1.0,0.0,0.0,0,0,0.0,0.0,0.0,-0.06,0.8948303,0,nan,nan,0.0,0.0,0,3,0,0,1,10,0,0,0
39204000,0,1691481539192323,0,473977421,85455934,488109,488109,0.25,0.5,1.0,1.0,0.0,0.0,0,0,0.0,0.0,0.02,-0.01,1.7149605,0,nan,nan,0.0,0.0,0,3,0,0,1,10,0,0,0
39600000,0,1691481539588323,0,473977421,85455934,488106,488106,0.25,0.5,1.0,1.0,0.0,0.0,0,0,0.0,0.01,0.01,-0.04,0.84072506,0,nan,nan,0.0,0.0,0,3,0,0,1,10,0,0,0
39804000,0,1691481539792323,0,473977421,85455934,488109,488109,0.25,0.5,1.0,1.0,0.0,0.0,0,0,0.0,0.01,0.0,-0.01,5.8643064,0,nan,nan,0.0,0.0,0,3,0,0,1,10,0,0,0
40200000,0,1691481540184323,0,473977421,85455934,488109,488109,0.25,0.5,1.0,1.0,0.0,0.0,0,0,0.0,0.02,0.01,0.02,0.60877085,0,nan,nan,0.0,0.0,0,3,0,0,1,10,0,0,0
40604000,0,1691481540588323,0,473977421,85455934,488103,488103,0.25,0.5,1.0,1.0,0.0,0.0,0,0,0.0,0.02,0.0,0.04,0.2555162,0,nan,nan,0.0,0.0,0,3,0,0,1,10,0,0,0
41004000,0,1691481540984323,0,473977421,85455935,488096,488096,0.25,0.5,1.0,1.0,0.0,0.0,0,0,0.0,-0.01,0.0,0.0,3.2443924,0,nan,nan,0.0,0.0,0,3,0,0,1,10,0,0,0
41204000,0,1691481541192323,0,473977421,85455935,488094,488094,0.25,0.5,1.0,1.0,0.0,0.0,0,0,0.0,0.01,0.0,-0.049999997,0.57124627,0,nan,nan,0.0,0.0,0,3,0,0,1,10,0,0,0
41604000,0,1691481541588323,0,473977421,85455934,488102,488102,0.25,0.5,1.0,1.0,0.0,0.0,0,0,0.0,-0.01,0.0,0.01,3.0347784,0,nan,nan,0.0,0.0,0,3,0,0,1,10,0,0,0
42000000,0,1691481541984323,0,473977421,85455934,488134,488134,0.25,0.5,1.0,1.0,0.0,0.0,0,0,0.049999997,0.04,0.0,-0.25,6.11895,0,nan,nan,0.0,0.0,0,3,0,0,1,10,0,0,0
42204000,0,1691481542192323,0,473977423,85455932,488220,488220,0.25,0.5,1.0,1.0,0.0,0.0,0,0,0.17,0.12,-0.13,-0.68,5.47981,0,nan,nan,0.0,0.0,0,3,0,0,1,10,0,0,0
42600000,0,1691481542588323,0,473977428,85455925,488593,488593,0.25,0.5,1.0,1.0,0.0,0.0,0,0,0.21,0.14,-0.14999999,-1.1,5.484348,0,nan,nan,0.0,0.0,0,3,0,0,1,10,0,0,0
43004000,0,1691481542984323,0,473977433,85455916,489000,489000,0.25,0.5,1.0,1.0,0.0,0.0,0,0,0.16,0.11,-0.11,-0.89,5.4974375,0,nan,nan,0.0,0.0,0,3,0,0,1,10,0,0,0
43404000,0,1691481543388323,0,473977437,85455913,489321,489321,0.25,0.5,1.0,1.0,0.0,0.0,0,0,0.089999996,0.08,-0.02,-0.71999997,5.9796724,0,nan,nan,0.0,0.0,0,3,0,0,1,10,0,0,0
43804000,0,1691481543792323,0,473977438,85455913,489573,489573,0.25,0.5,1.0,1.0,0.0,0.0,0,0,0.049999997,0.06,0.01,-0.58,0.20717058,0,nan,nan,0.0,0.0,0,3,0,0,1,10,0,0,0
44204000,0,1691481544184323,0,473977439,85455915,489773,489773,0.25,0.5,1.0,1.0,0.0,0.0,0,0,0.07,0.01,0.06,-0.45999998,1.3929472,0,nan,nan,0.0,0.0,0,3,0,0,1,10,0,0,0
44604000,0,1691481544588323,0,473977440,85455920,489937,489937,0.25,0.5,1.0,1.0,0.0,0.0,0,0,0.089999996,0.0,0.089999996,-0.35999998,1.6346753,0,nan,nan,0.0,0.0,0,3,0,0,1,10,0,0,0
45004000,0,1691481544984323,0,473977439,85455925,490062,490062,0.25,0.5,1.0,1.0,0.0,0.0,0,0,0.099999994,-0.02,0.099999994,-0.29,1.808161,0,nan,nan,0.0,0.0,0,3,0,0,1,10,0,0,0
45404000,0,1691481545388323,0,473977437,85455931,490168,490168,0.25,0.5,1.0,1.0,0.0,0.0,0,0,0.089999996,-0.03,0.089999996,-0.19,1.916895,0,nan,nan,0.0,0.0,0,3,0,0,1,10,0,0,0
45804000,0,1691481545784323,0,473977435,85455934,490248,490248,0.25,0.5,1.0,1.0,0.0,0.0,0,0,0.08,-0.049999997,0.06,-0.17999999,2.3129103,0,nan,nan,0.0,0.0,0,3,0,0,1,10,0,0,0
46200000,0,1691481546184323,0,473977432,85455935,490315,490315,0.25,0.5,1.0,1.0,0.0,0.0,0,0,0.08,-0.07,0.0,-0.14999999,3.1749282,0,nan,nan,0.0,0.0,0,3,0,0,1,10,0,0,0
46604000,0,1691481546588323,0,473977429,85455935,490375,490375,0.25,0.5,1.0,1.0,0.0,0.0,0,0,0.099999994,-0.099999994,-0.04,-0.11,3.5379567,0,nan,nan,0.0,0.0,0,3,0,0,1,10,0,0,0
47004000,0,1691481546992323,0,473977425,85455932,490410,490410,0.25,0.5,1.0,1.0,0.0,0.0,0,0,0.11,-0.099999994,-0.03,-0.04,3.4620352,0,nan,nan,0.0,0.0,0,3,0,0,1,10,0,0,0
47400000,0,1691481547388323,0,473977421,85455929,490452,490452,0.25,0.5,1.0,1.0,0.0,0.0,0,0,0.099999994,-0.08,-0.06,-0.08,3.8053412,0,nan,nan,0.0,0.0,0,3,0,0,1,10,0,0,0
47804000,0,1691481547792323,0,473977419,85455926,490480,490480,0.25,0.5,1.0,1.0,0.0,0.0,0,0,0.07,-0.06,-0.04,-0.089999996,3.7105699,0,nan,nan,0.0,0.0,0,3,0,0,1,10,0,0,0
48200000,0,1691481548184323,0,473977417,85455925,490501,490501,0.25,0.5,1.0,1.0,0.0,0.0,0,0,0.04,-0.04,-0.03,-0.049999997,3.7308156,0,nan,nan,0.0,0.0,0,3,0,0,1,10,0,0,0
48404000,0,1691481548388323,0,473977416,85455924,490506,490506,0.25,0.5,1.0,1.0,0.0,0.0,0,0,0.03,-0.01,-0.01,-0.02,3.8011525,0,nan,nan,0.0,0.0,0,3,0,0,1,10,0,0,0
48804000,0,1691481548792323,0,473977417,85455923,490508,490508,0.25,0.5,1.0,1.0,0.0,0.0,0,0,0.01,0.01,-0.01,-0.03,5.7669168,0,nan,nan,0.0,0.0,0,3,0,0,1,10,0,0,0
49200000,0,1691481549184323,0,473977418,85455922,490520,490520,0.25,0.5,1.0,1.0,0.0,0.0,0,0,0.03,0.02,-0.01,0.02,5.6780796,0,nan,nan,0.0,0.0,0,3,0,0,1,10,0,0,0
49404000,0,1691481549388323,0,473977418,85455922,490525,490525,0.25,0.5,1.0,1.0,0.0,0.0,0,0,0.04,0.03,0.0,0.0,0.071907565,0,nan,nan,0.0,0.0,0,3,0,0,1,10,0,0,0
49804000,0,1691481549792323,0,473977420,85455923,490529,490529,0.25,0.5,1.0,1.0,0.0,0.0,0,0,0.04,0.04,0.0,-0.01,0.0975639,0,nan,nan,0.0,0.0,0,3,0,0,1,10,0,0,0
50204000,0,1691481550192323,0,473977422,85455924,490535,490535,0.25,0.5,1.0,1.0,0.0,0.0,0,0,0.049999997,0.04,0.02,-0.04,0.5019567,0,nan,nan,0.0,0.0,0,3,0,0,1,10,0,0,0
50604000,0,1691481550588323,0,473977423,85455925,490544,490544,0.25,0.5,1.0,1.0,0.0,0.0,0,0,0.049999997,0.04,0.02,-0.01,0.54105204,0,nan,nan,0.0,0.0,0,3,0,0,1,10,0,0,0
51004000,0,1691481550992323,0,473977425,85455926,490545,490545,0.25,0.5,1.0,1.0,0.0,0.0,0,0,0.04,0.03,0.03,0.02,0.8262389,0,nan,nan,0.0,0.0,0,3,0,0,1,10,0,0,0
51404000,0,1691481551388323,0,473977426,85455928,490556,490556,0.25,0.5,1.0,1.0,0.0,0.0,0,0,0.03,0.02,0.03,-0.02,0.9868091,0,nan,nan,0.0,0.0,0,3,0,0,1,10,0,0,0
51800000,0,1691481551784323,0,473977426,85455929,490569,490569,0.25,0.5,1.0,1.0,0.0,0.0,0,0,0.01,0.0,0.01,-0.07,2.0493655,0,nan,nan,0.0,0.0,0,3,0,0,1,10,0,0,0
52004000,0,1691481551992323,0,473977426,85455930,490578,490578,0.25,0.5,1.0,1.0,0.0,0.0,0,0,0.01,-0.01,0.0,0.0,2.8255136,0,nan,nan,0.0,0.0,0,3,0,0,1,10,0,0,0
52400000,0,1691481552388323,0,473977426,85455931,490575,490575,0.25,0.5,1.0,1.0,0.0,0.0,0,0,0.01,0.0,0.01,0.01,1.648638,0,nan,nan,0.0,0.0,0,3,0,0,1,10,0,0,0
52604000,0,1691481552588323,0,473977425,85455931,490574,490574,0.25,0.5,1.0,1.0,0.0,0.0,0,0,0.02,0.0,0.02,-0.02,1.8135716,0,nan,nan,0.0,0.0,0,3,0,0,1,10,0,0,0
53004000,0,1691481552984323,0,473977425,85455931,490568,490568,0.25,0.5,1.0,1.0,0.0,0.0,0,0,0.02,-0.02,0.01,0.02,2.6790805,0,nan,nan,0.0,0.0,0,3,0,0,1,10,0,0,0
53400000,0,1691481553388323,0,473977424,85455931,490565,490565,0.25,0.5,1.0,1.0,0.0,0.0,0,0,0.02,-0.01,0.03,0.0,2.0291197,0,nan,nan,0.0,0.0,0,3,0,0,1,10,0,0,0
53804000,0,1691481553784323,0,473977423,85455932,490556,490556,0.25,0.5,1.0,1.0,0.0,0.0,0,0,0.02,-0.01,0.0,0.0,3.644422,0,nan,nan,0.0,0.0,0,3,0,0,1,10,0,0,0
54004000,0,1691481553992323,0,473977422,85455931,490557,490557,0.25,0.5,1.0,1.0,0.0,0.0,0,0,0.02,-0.03,0.0,0.0,3.1457813,0,nan,nan,0.0,0.0,0,3,0,0,1,10,0,0,0
54404000,0,1691481554388323,0,473977422,85455930,490560,490560,0.25,0.5,1.0,1.0,0.0,0.0,0,0,0.02,0.0,0.0,-0.01,4.3641953,0,nan,nan,0.0,0.0,0,3,0,0,1,10,0,0,0
54800000,0,1691481554784323,0,473977421,85455931,490555,490555,0.25,0.5,1.0,1.0,0.0,0.0,0,0,0.01,-0.01,0.0,0.02,3.0522316,0,nan,nan,0.0,0.0,0,3,0,0,1,10,0,0,0
55004000,0,1691481554992323,0,473977421,85455931,490558,490558,0.25,0.5,1.0,1.0,0.0,0.0,0,0,0.01,0.0,-0.01,-0.04,4.460189,0,nan,nan,0.0,0.0,0,3,0,0,1,10,0,0,0
55404000,0,1691481555388323,0,473977421,85455930,490563,490563,0.25,0.5,1.0,1.0,0.0,0.0,0,0,0.01,0.0,0.01,0.0,1.0534806,0,nan,nan,0.0,0.0,0,3,0,0,1,10,0,0,0
55804000,0,1691481555784323,0,473977421,85455929,490562,490562,0.25,0.5,1.0,1.0,0.0,0.0,0,0,0.01,0.02,-0.01,0.01,5.884901,0,nan,nan,0.0,0.0,0,3,0,0,1,10,0,0,0
56204000,0,1691481556184323,0,473977421,85455929,490561,490561,0.25,0.5,1.0,1.0,0.0,0.0,0,0,0.01,0.01,-0.02,-0.02,5.2789226,0,nan,nan,0.0,0.0,0,3,0,0,1,10,0,0,0
56604000,0,1691481556588323,0,473977421,85455927,490549,490549,0.25,0.5,1.0,1.0,0.0,0.0,0,0,0.0,0.01,-0.01,0.0,5.26688,0,nan,nan,0.0,0.0,0,3,0,0,1,10,0,0,0
57004000,0,1691481556984323,0,473977422,85455928,490556,490556,0.25,0.5,1.0,1.0,0.0,0.0,0,0,0.0,0.0,0.01,0.0,1.6271703,0,nan,nan,0.0,0.0,0,3,0,0,1,10,0,0,0
57404000,0,1691481557388323,0,473977421,85455929,490556,490556,0.25,0.5,1.0,1.0,0.0,0.0,0,0,0.01,-0.02,0.0,0.0,3.0185468,0,nan,nan,0.0,0.0,0,3,0,0,1,10,0,0,0
57804000,0,1691481557784323,0,473977422,85455930,490559,490559,0.25,0.5,1.0,1.0,0.0,0.0,0,0,0.02,0.01,0.03,-0.01,1.2505285,0,nan,nan,0.0,0.0,0,3,0,0,1,10,0,0,0
58204000,0,1691481558184323,0,473977422,85455931,490563,490563,0.25,0.5,1.0,1.0,0.0,0.0,0,0,0.02,0.01,0.03,0.0,1.2274901,0,nan,nan,0.0,0.0,0,3,0,0,1,10,0,0,0
58404000,0,1691481558388323,0,473977422,85455931,490568,490568,0.25,0.5,1.0,1.0,0.0,0.0,0,0,0.02,0.02,0.01,-0.01,0.6995279,0,nan,nan,0.0,0.0,0,3,0,0,1,10,0,0,0
58800000,0,1691481558784323,0,473977423,85455933,490569,490569,0.25,0.5,1.0,1.0,0.0,0.0,0,0,0.01,0.0,0.01,0.03,1.9929913,0,nan,nan,0.0,0.0,0,3,0,0,1,10,0,0,0
59200000,0,1691481559184323,0,473977423,85455933,490552,490552,0.25,0.5,1.0,1.0,0.0,0.0,0,0,0.01,0.0,0.01,0.049999997,1.2660619,0,nan,nan,0.0,0.0,0,3,0,0,1,10,0,0,0
59600000,0,1691481559588323,0,473977423,85455934,490546,490546,0.25,0.5,1.0,1.0,0.0,0.0,0,0,0.01,0.0,0.01,0.0,1.3088224,0,nan,nan,0.0,0.0,0,3,0,0,1,10,0,0,0
60000000,0,1691481559984323,0,473977423,85455935,490534,490534,0.25,0.5,1.0,1.0,0.0,0.0,0,0,0.01,0.01,0.0,-0.02,0.28885198,0,nan,nan,0.0,0.0,0,3,0,0,1,10,0,0,0
60204000,0,1691481560192323,0,473977423,85455935,490545,490545,0.25,0.5,1.0,1.0,0.0,0.0,0,0,0.01,-0.01,0.02,0.0,2.1589723,0,nan,nan,0.0,0.0,0,3,0,0,1,10,0,0,0
60604000,0,1691481560588323,0,473977423,85455935,490529,490529,0.25,0.5,1.0,1.0,0.0,0.0,0,0,0.01,-0.02,-0.01,0.0,3.5173619,0,nan,nan,0.0,0.0,0,3,0,0,1,10,0,0,0
61004000,0,1691481560984323,0,473977422,85455937,490509,490509,0.25,0.5,1.0,1.0,0.0,0.0,0,0,0.01,0.0,0.0,0.049999997,2.4741786,0,nan,nan,0.0,0.0,0,3,0,0,1,10,0,0,0
61404000,0,1691481561388323,0,473977421,85455936,490495,490495,0.25,0.5,1.0,1.0,0.0,0.0,0,0,0.02,-0.01,0.0,0.04,3.1726594,0,nan,nan,0.0,0.0,0,3,0,0,1,10,0,0,0
61804000,0,1691481561792323,0,473977420,85455936,490481,490481,0.25,0.5,1.0,1.0,0.0,0.0,0,0,0.02,-0.04,0.0,0.02,2.9817204,0,nan,nan,0.0,0.0,0,3,0,0,1,10,0,0,0
62200000,0,1691481562184323,0,473977419,85455937,490487,490487,0.25,0.5,1.0,1.0,0.0,0.0,0,0,0.03,-0.04,0.0,-0.01,3.1117473,0,nan,nan,0.0,0.0,0,3,0,0,1,10,0,0,0
62600000,0,1691481562588323,0,473977418,85455937,490484,490484,0.25,0.5,1.0,1.0,0.0,0.0,0,0,0.03,-0.02,0.0,-0.02,3.2644637,0,nan,nan,0.0,0.0,0,3,0,0,1,10,0,0,0
63000000,0,1691481562984323,0,473977417,85455937,490483,490483,0.25,0.5,1.0,1.0,0.0,0.0,0,0,0.02,-0.03,0.01,-0.01,2.6087437,0,nan,nan,0.0,0.0,0,3,0,0,1,10,0,0,0
63400000,0,1691481563388323,0,473977416,85455937,490485,490485,0.25,0.5,1.0,1.0,0.0,0.0,0,0,0.02,-0.03,0.0,0.0,3.0609581,0,nan,nan,0.0,0.0,0,3,0,0,1,10,0,0,0
63804000,0,1691481563784323,0,473977416,85455938,490497,490497,0.25,0.5,1.0,1.0,0.0,0.0,0,0,0.01,-0.01,0.0,-0.02,3.3328805,0,nan,nan,0.0,0.0,0,3,0,0,1,10,0,0,0
64200000,0,1691481564184323,0,473977415,85455937,490494,490494,0.25,0.5,1.0,1.0,0.0,0.0,0,0,0.0,-0.01,0.0,0.0,3.7264524,0,nan,nan,0.0,0.0,0,3,0,0,1,10,0,0,0
64604000,0,1691481564584323,0,473977415,85455938,490492,490492,0.25,0.5,1.0,1.0,0.0,0.0,0,0,0.0,0.0,0.0,-0.02,5.075243,0,nan,nan,0.0,0.0,0,3,0,0,1,10,0,0,0
65004000,0,1691481564988323,0,473977416,85455937,490490,490490,0.25,0.5,1.0,1.0,0.0,0.0,0,0,0.0,0.0,-0.01,0.0,4.206767,0,nan,nan,0.0,0.0,0,3,0,0,1,10,0,0,0
65400000,0,1691481565388323,0,473977416,85455936,490482,490482,0.25,0.5,1.0,1.0,0.0,0.0,0,0,0.01,0.0,0.0,0.01,3.1017992,0,nan,nan,0.0,0.0,0,3,0,0,1,10,0,0,0
65800000,0,1691481565784323,0,473977417,85455936,490474,490474,0.25,0.5,1.0,1.0,0.0,0.0,0,0,0.01,0.04,0.0,0.0,6.1156335,0,nan,nan,0.0,0.0,0,3,0,0,1,10,0,0,0
66204000,0,1691481566184323,0,473977416,85455936,490469,490469,0.25,0.5,1.0,1.0,0.0,0.0,0,0,0.0,0.0,0.0,-0.01,4.367861,0,nan,nan,0.0,0.0,0,3,0,0,1,10,0,0,0
66604000,0,1691481566584323,0,473977416,85455936,490473,490473,0.25,0.5,1.0,1.0,0.0,0.0,0,0,0.0,0.0,0.0,-0.01,5.470909,0,nan,nan,0.0,0.0,0,3,0,0,1,10,0,0,0
67004000,0,1691481566988323,0,473977416,85455935,490462,490462,0.25,0.5,1.0,1.0,0.0,0.0,0,0,0.0,0.0,0.01,0.01,2.0505872,0,nan,nan,0.0,0.0,0,3,0,0,1,10,0,0,0
67404000,0,1691481567388323,0,473977416,85455936,490450,490450,0.25,0.5,1.0,1.0,0.0,0.0,0,0,0.0,0.0,0.0,0.02,4.1109486,0,nan,nan,0.0,0.0,0,3,0,0,1,10,0,0,0
67804000,0,1691481567784323,0,473977416,85455936,490440,490440,0.25,0.5,1.0,1.0,0.0,0.0,0,0,0.0,0.02,0.0,0.049999997,6.003409,0,nan,nan,0.0,0.0,0,3,0,0,1,10,0,0,0
68200000,0,1691481568184323,0,473977417,85455935,490442,490442,0.25,0.5,1.0,1.0,0.0,0.0,0,0,0.01,0.02,0.0,-0.02,0.115540795,0,nan,nan,0.0,0.0,0,3,0,0,1,10,0,0,0
68604000,0,1691481568584323,0,473977417,85455934,490423,490423,0.25,0.5,1.0,1.0,0.0,0.0,0,0,0.01,0.0,-0.02,0.02,4.8003535,0,nan,nan,0.0,0.0,0,3,0,0,1,10,0,0,0
69004000,0,1691481568988323,0,473977417,85455932,490408,490408,0.25,0.5,1.0,1.0,0.0,0.0,0,0,0.02,0.0,-0.04,-0.01,4.67085,0,nan,nan,0.0,0.0,0,3,0,0,1,10,0,0,0
69404000,0,1691481569392323,0,473977417,85455932,490401,490401,0.25,0.5,1.0,1.0,0.0,0.0,0,0,0.02,0.0,-0.03,0.01,4.890936,0,nan,nan,0.0,0.0,0,3,0,0,1,10,0,0,0
69804000,0,1691481569784323,0,473977418,85455931,490377,490377,0.25,0.5,1.0,1.0,0.0,0.0,0,0,0.01,0.0,0.0,0.089999996,5.521349,0,nan,nan,0.0,0.0,0,3,0,0,1,10,0,0,0
70200000,0,1691481570184323,0,473977418,85455930,490362,490362,0.25,0.5,1.0,1.0,0.0,0.0,0,0,0.01,0.01,0.0,0.06,5.8465037,0,nan,nan,0.0,0.0,0,3,0,0,1,10,0,0,0
70600000,0,1691481570584323,0,473977418,85455930,490339,490339,0.25,0.5,1.0,1.0,0.0,0.0,0,0,0.02,0.02,-0.03,0.0,5.275781,0,nan,nan,0.0,0.0,0,3,0,0,1,10,0,0,0
71004000,0,1691481570988323,0,473977419,85455930,490337,490337,0.25,0.5,1.0,1.0,0.0,0.0,0,0,0.02,0.03,0.0,0.01,0.13910274,0,nan,nan,0.0,0.0,0,3,0,0,1,10,0,0,0
71404000,0,1691481571388323,0,473977420,85455930,490316,490316,0.25,0.5,1.0,1.0,0.0,0.0,0,0,0.02,0.049999997,0.0,0.04,0.17034414,0,nan,nan,0.0,0.0,0,3,0,0,1,10,0,0,0
71804000,0,1691481571792323,0,473977421,85455931,490309,490309,0.25,0.5,1.0,1.0,0.0,0.0,0,0,0.02,0.03,0.02,0.02,0.70336765,0,nan,nan,0.0,0.0,0,3,0,0,1,10,0,0,0
72204000,0,1691481572184323,0,473977422,85455931,490288,490288,0.25,0.5,1.0,1.0,0.0,0.0,0,0,0.01,0.03,0.0,0.03,0.262323,0,nan,nan,0.0,0.0,0,3,0,0,1,10,0,0,0
72600000,0,1691481572584323,0,473977422,85455932,490280,490280,0.25,0.5,1.0,1.0,0.0,0.0,0,0,0.01,0.0,0.0,0.03,5.060058,0,nan,nan,0.0,0.0,0,3,0,0,1,10,0,0,0
73004000,0,1691481572988323,0,473977422,85455932,490288,490288,0.25,0.5,1.0,1.0,0.0,0.0,0,0,0.01,0.0,0.02,-0.03,1.5495033,0,nan,nan,0.0,0.0,0,3,0,0,1,10,0,0,0
73404000,0,1691481573392323,0,473977422,85455933,490280,490280,0.25,0.5,1.0,1.0,0.0,0.0,0,0,0.01,0.01,0.02,0.0,1.1808897,0,nan,nan,0.0,0.0,0,3,0,0,1,10,0,0,0
73804000,0,1691481573784323,0,473977421,85455934,490279,490279,0.25,0.5,1.0,1.0,0.0,0.0,0,0,0.01,0.0,0.02,-0.02,1.5922638,0,nan,nan,0.0,0.0,0,3,0,0,1,10,0,0,0
74004000,0,1691481573988323,0,473977422,85455934,490274,490274,0.25,0.5,1.0,1.0,0.0,0.0,0,0,0.01,-0.02,0.0,0.01,3.3430035,0,nan,nan,0.0,0.0,0,3,0,0,1,10,0,0,0
74404000,0,1691481574388323,0,473977421,85455934,490268,490268,0.25,0.5,1.0,1.0,0.0,0.0,0,0,0.01,-0.03,0.0,0.04,3.0675905,0,nan,nan,0.0,0.0,0,3,0,0,1,10,0,0,0
74604000,0,1691481574588323,0,473977421,85455935,490264,490264,0.25,0.5,1.0,1.0,0.0,0.0,0,0,0.01,0.0,0.0,0.02,2.1839304,0,nan,nan,0.0,0.0,0,3,0,0,1,10,0,0,0
75000000,0,1691481574988323,0,473977420,85455935,490268,490268,0.25,0.5,1.0,1.0,0.0,0.0,0,0,0.01,0.01,0.0,0.01,6.161885,0,nan,nan,0.0,0.0,0,3,0,0,1,10,0,0,0
75204000,0,1691481575192323,0,473977420,85455935,490263,490263,0.25,0.5,1.0,1.0,0.0,0.0,0,0,0.01,-0.01,0.01,0.01,2.347468,0,nan,nan,0.0,0.0,0,3,0,0,1,10,0,0,0
75600000,0,1691481575584323,0,473977419,85455936,490266,490266,0.25,0.5,1.0,1.0,0.0,0.0,0,0,0.01,0.0,0.02,-0.049999997,1.6563175,0,nan,nan,0.0,0.0,0,3,0,0,1,10,0,0,0
76000000,0,1691481575988323,0,473977419,85455937,490267,490267,0.25,0.5,1.0,1.0,0.0,0.0,0,0,0.01,-0.03,0.0,-0.04,3.0717795,0,nan,nan,0.0,0.0,0,3,0,0,1,10,0,0,0
76400000,0,1691481576388323,0,473977419,85455937,490274,490274,0.25,0.5,1.0,1.0,0.0,0.0,0,0,0.01,0.0,0.0,0.0,3.483677,0,nan,nan,0.0,0.0,0,3,0,0,1,10,0,0,0
76800000,0,1691481576784323,0,473977419,85455938,490266,490266,0.25,0.5,1.0,1.0,0.0,0.0,0,0,0.01,-0.01,0.01,-0.02,2.26247,0,nan,nan,0.0,0.0,0,3,0,0,1,10,0,0,0
77004000,0,1691481576988323,0,473977419,85455938,490268,490268,0.25,0.5,1.0,1.0,0.0,0.0,0,0,0.01,0.01,0.0,0.01,5.9767056,0,nan,nan,0.0,0.0,0,3,0,0,1,10,0,0,0
77400000,0,1691481577388323,0,473977420,85455938,490275,490275,0.25,0.5,1.0,1.0,0.0,0.0,0,0,0.02,0.02,0.0,0.0,6.2486277,0,nan,nan,0.0,0.0,0,3,0,0,1,10,0,0,0
77800000,0,1691481577784323,0,473977421,85455938,490280,490280,0.25,0.5,1.0,1.0,0.0,0.0,0,0,0.03,0.02,0.0,0.0,0.11082841,0,nan,nan,0.0,0.0,0,3,0,0,1,10,0,0,0
78204000,0,1691481578192323,0,473977422,85455938,490289,490289,0.25,0.5,1.0,1.0,0.0,0.0,0,0,0.04,0.03,0.01,0.02,0.40997782,0,nan,nan,0.0,0.0,0,3,0,0,1,10,0,0,0
78604000,0,1691481578584323,0,473977424,85455938,490299,490299,0.25,0.5,1.0,1.0,0.0,0.0,0,0,0.04,0.04,0.01,-0.01,0.3335324,0,nan,nan,0.0,0.0,0,3,0,0,1,10,0,0,0
79004000,0,1691481578988323,0,473977426,85455937,490309,490309,0.25,0.5,1.0,1.0,0.0,0.0,0,0,0.04,0.04,0.0,-0.04,6.26643,0,nan,nan,0.0,0.0,0,3,0,0,1,10,0,0,0
79404000,0,1691481579388323,0,473977427,85455936,490314,490314,0.25,0.5,1.0,1.0,0.0,0.0,0,0,0.04,0.03,-0.04,-0.06,5.393591,0,nan,nan,0.0,0.0,0,3,0,0,1,10,0,0,0
79804000,0,1691481579784323,0,473977428,85455935,490336,490336,0.25,0.5,1.0,1.0,0.0,0.0,0,0,0.03,0.0,-0.03,0.0,4.7757444,0,nan,nan,0.0,0.0,0,3,0,0,1,10,0,0,0
80204000,0,1691481580192323,0,473977429,85455934,490359,490359,0.25,0.5,1.0,1.0,0.0,0.0,0,0,0.02,0.02,-0.01,0.0,5.7349772,0,nan,nan,0.0,0.0,0,3,0,0,1,10,0,0,0
80604000,0,1691481580588323,0,473977429,85455933,490356,490356,0.25,0.5,1.0,1.0,0.0,0.0,0,0,0.01,0.01,-0.02,-0.03,5.1052623,0,nan,nan,0.0,0.0,0,3,0,0,1,10,0,0,0
81004000,0,1691481580988323,0,473977430,85455933,490351,490351,0.25,0.5,1.0,1.0,0.0,0.0,0,0,0.0,0.01,-0.01,0.0,5.715255,0,nan,nan,0.0,0.0,0,3,0,0,1,10,0,0,0
81404000,0,1691481581392323,0,473977430,85455933,490370,490370,0.25,0.5,1.0,1.0,0.0,0.0,0,0,0.01,0.01,0.0,-0.01,5.8437114,0,nan,nan,0.0,0.0,0,3,0,0,1,10,0,0,0
81804000,0,1691481581792323,0,473977429,85455933,490383,490383,0.25,0.5,1.0,1.0,0.0,0.0,0,0,0.02,-0.02,0.01,0.0,2.7324874,0,nan,nan,0.0,0.0,0,3,0,0,1,10,0,0,0
82204000,0,1691481582192323,0,473977428,85455934,490385,490385,0.25,0.5,1.0,1.0,0.0,0.0,0,0,0.04,-0.049999997,0.02,-0.08,2.667212,0,nan,nan,0.0,0.0,0,3,0,0,1,10,0,0,0
82600000,0,1691481582584323,0,473977426,85455934,490399,490399,0.25,0.5,1.0,1.0,0.0,0.0,0,0,0.049999997,-0.02,0.01,-0.01,2.4839525,0,nan,nan,0.0,0.0,0,3,0,0,1,10,0,0,0
83004000,0,1691481582988323,0,473977424,85455935,490405,490405,0.25,0.5,1.0,1.0,0.0,0.0,0,0,0.04,-0.04,0.01,0.02,2.7982864,0,nan,nan,0.0,0.0,0,3,0,0,1,10,0,0,0
83404000,0,1691481583388323,0,473977423,85455934,490403,490403,0.25,0.5,1.0,1.0,0.0,0.0,0,0,0.04,-0.03,0.0,0.02,2.9052749,0,nan,nan,0.0,0.0,0,3,0,0,1,10,0,0,0
83804000,0,1691481583792323,0,473977421,85455934,490400,490400,0.25,0.5,1.0,1.0,0.0,0.0,0,0,0.03,-0.02,0.01,-0.02,2.5392792,0,nan,nan,0.0,0.0,0,3,0,0,1,10,0,0,0
84204000,0,1691481584192323,0,473977420,85455934,490414,490414,0.25,0.5,1.0,1.0,0.0,0.0,0,0,0.03,0.0,-0.01,0.01,4.738045,0,nan,nan,0.0,0.0,0,3,0,0,1,10,0,0,0
84604000,0,1691481584584323,0,473977419,85455932,490404,490404,0.25,0.5,1.0,1.0,0.0,0.0,0,0,0.02,-0.03,0.0,0.0,3.300941,0,nan,nan,0.0,0.0,0,3,0,0,1,10,0,0,0
84804000,0,1691481584792323,0,473977419,85455933,490410,490410,0.25,0.5,1.0,1.0,0.0,0.0,0,0,0.02,0.0,0.0,-0.02,3.946364,0,nan,nan,0.0,0.0,0,3,0,0,1,10,0,0,0
85204000,0,1691481585184323,0,473977418,85455932,490426,490426,0.25,0.5,1.0,1.0,0.0,0.0,0,0,0.02,0.0,0.0,-0.02,3.1176815,0,nan,nan,0.0,0.0,0,3,0,0,1,10,0,0,0
85404000,0,1691481585392323,0,473977417,85455932,490432,490432,0.25,0.5,1.0,1.0,0.0,0.0,0,0,0.01,-0.01,0.0,-0.03,3.2224011,0,nan,nan,0.0,0.0,0,3,0,0,1,10,0,0,0
85804000,0,1691481585784323,0,473977417,85455932,490429,490429,0.25,0.5,1.0,1.0,0.0,0.0,0,0,0.01,0.0,0.0,-0.01,0.64053583,0,nan,nan,0.0,0.0,0,3,0,0,1,10,0,0,0
86004000,0,1691481585988323,0,473977417,85455932,490432,490432,0.25,0.5,1.0,1.0,0.0,0.0,0,0,0.0,-0.03,0.0,0.04,3.197094,0,nan,nan,0.0,0.0,0,3,0,0,1,10,0,0,0
86400000,0,1691481586388323,0,473977417,85455931,490441,490441,0.25,0.5,1.0,1.0,0.0,0.0,0,0,0.0,0.0,0.0,0.03,1.9203857,0,nan,nan,0.0,0.0,0,3,0,0,1,10,0,0,0
86804000,0,1691481586792323,0,473977417,85455932,490435,490435,0.25,0.5,1.0,1.0,0.0,0.0,0,0,0.0,-0.02,0.02,-0.07,2.4130921,0,nan,nan,0.0,0.0,0,3,0,0,1,10,0,0,0
87204000,0,1691481587192323,0,473977416,85455931,490437,490437,0.25,0.5,1.0,1.0,0.0,0.0,0,0,0.0,0.0,0.02,-0.04,1.3932964,0,nan,nan,0.0,0.0,0,3,0,0,1,10,0,0,0
87600000,0,1691481587584323,0,473977416,85455933,490451,490451,0.25,0.5,1.0,1.0,0.0,0.0,0,0,0.0,0.0,0.0,0.01,0.65484756,0,nan,nan,0.0,0.0,0,3,0,0,1,10,0,0,0
88000000,0,1691481587988323,0,473977417,85455932,490451,490451,0.25,0.5,1.0,1.0,0.0,0.0,0,0,0.01,0.0,-0.02,-0.03,4.7286205,0,nan,nan,0.0,0.0,0,3,0,0,1,10,0,0,0
88404000,0,1691481588388323,0,473977418,85455932,490462,490462,0.25,0.5,1.0,1.0,0.0,0.0,0,0,0.01,0.01,0.01,-0.01,0.8972738,0,nan,nan,0.0,0.0,0,3,0,0,1,10,0,0,0
88804000,0,1691481588784323,0,473977418,85455933,490466,490466,0.25,0.5,1.0,1.0,0.0,0.0,0,0,0.01,0.02,0.0,0.01,0.32532936,0,nan,nan,0.0,0.0,0,3,0,0,1,10,0,0,0
89004000,0,1691481588988323,0,473977418,85455933,490468,490468,0.25,0.5,1.0,1.0,0.0,0.0,0,0,0.01,0.01,0.02,-0.03,1.1096803,0,nan,nan,0.0,0.0,0,3,0,0,1,10,0,0,0
89404000,0,1691481589392323,0,473977419,85455933,490466,490466,0.25,0.5,1.0,1.0,0.0,0.0,0,0,0.01,0.01,0.0,-0.02,0.482409,0,nan,nan,0.0,0.0,0,3,0,0,1,10,0,0,0
89800000,0,1691481589784323,0,473977420,85455934,490452,490452,0.25,0.5,1.0,1.0,0.0,0.0,0,0,0.0,0.01,0.0,-0.01,0.23108159,0,nan,nan,0.0,0.0,0,3,0,0,1,10,0,0,0
90004000,0,1691481589988323,0,473977419,85455934,490452,490452,0.25,0.5,1.0,1.0,0.0,0.0,0,0,0.0,0.0,0.0,0.02,6.2212257,0,nan,nan,0.0,0.0,0,3,0,0,1,10,0,0,0
90404000,0,1691481590392323,0,473977420,85455933,490446,490446,0.25,0.5,1.0,1.0,0.0,0.0,0,0,0.0,-0.01,0.0,0.01,3.0476937,0,nan,nan,0.0,0.0,0,3,0,0,1,10,0,0,0
90804000,0,1691481590792323,0,473977419,85455933,490455,490455,0.25,0.5,1.0,1.0,0.0,0.0,0,0,0.0,0.01,0.0,0.0,5.963266,0,nan,nan,0.0,0.0,0,3,0,0,1,10,0,0,0
91204000,0,1691481591192323,0,473977419,85455932,490449,490449,0.25,0.5,1.0,1.0,0.0,0.0,0,0,0.0,0.0,-0.01,-0.03,5.379977,0,nan,nan,0.0,0.0,0,3,0,0,1,10,0,0,0
91604000,0,1691481591588323,0,473977419,85455932,490438,490438,0.25,0.5,1.0,1.0,0.0,0.0,0,0,0.01,-0.02,0.0,0.089999996,2.9604273,0,nan,nan,0.0,0.0,0,3,0,0,1,10,0,0,0
92000000,0,1691481591988323,0,473977419,85455933,490427,490427,0.25,0.5,1.0,1.0,0.0,0.0,0,0,0.02,-0.03,0.0,0.03,3.0679398,0,nan,nan,0.0,0.0,0,3,0,0,1,10,0,0,0
92404000,0,1691481592388323,0,473977418,85455932,490432,490432,0.25,0.5,1.0,1.0,0.0,0.0,0,0,0.02,-0.02,0.0,0.01,3.3014646,0,nan,nan,0.0,0.0,0,3,0,0,1,10,0,0,0
92804000,0,1691481592784323,0,473977417,85455932,490423,490423,0.25,0.5,1.0,1.0,0.0,0.0,0,0,0.02,0.0,0.0,0.06,2.3853414,0,nan,nan,0.0,0.0,0,3,0,0,1,10,0,0,0
93004000,0,1691481592988323,0,473977417,85455933,490415,490415,0.25,0.5,1.0,1.0,0.0,0.0,0,0,0.02,-0.02,0.01,0.04,2.5485299,0,nan,nan,0.0,0.0,0,3,0,0,1,10,0,0,0
93404000,0,1691481593388323,0,473977416,85455934,490409,490409,0.25,0.5,1.0,1.0,0.0,0.0,0,0,0.02,0.0,0.0,-0.02,2.2793999,0,nan,nan,0.0,0.0,0,3,0,0,1,10,0,0,0
93804000,0,1691481593792323,0,473977415,85455934,490390,490390,0.25,0.5,1.0,1.0,0.0,0.0,0,0,0.02,-0.02,0.0,0.0,2.9965558,0,nan,nan,0.0,0.0,0,3,0,0,1,10,0,0,0
94200000,0,1691481594184323,0,473977414,85455934,490394,490394,0.25,0.5,1.0,1.0,0.0,0.0,0,0,0.02,0.0,0.0,0.08,1.672898,0,nan,nan,0.0,0.0,0,3,0,0,1,10,0,0,0
94404000,0,1691481594392323,0,473977414,85455934,490389,490389,0.25,0.5,1.0,1.0,0.0,0.0,0,0,0.02,0.0,0.02,0.0,1.6756905,0,nan,nan,0.0,0.0,0,3,0,0,1,10,0,0,0
94804000,0,1691481594784323,0,473977413,85455935,490387,490387,0.25,0.5,1.0,1.0,0.0,0.0,0,0,0.02,-0.02,0.0,0.04,3.4601152,0,nan,nan,0.0,0.0,0,3,0,0,1,10,0,0,0
95004000,0,1691481594988323,0,473977413,85455935,490369,490369,0.25,0.5,1.0,1.0,0.0,0.0,0,0,0.02,-0.02,0.01,-0.01,2.4682446,0,nan,nan,0.0,0.0,0,3,0,0,1,10,0,0,0
95400000,0,1691481595388323,0,473977412,85455935,490362,490362,0.25,0.5,1.0,1.0,0.0,0.0,0,0,0.01,-0.01,0.02,0.01,2.0388937,0,nan,nan,0.0,0.0,0,3,0,0,1,10,0,0,0
95604000,0,1691481595588323,0,473977412,85455935,490360,490360,0.25,0.5,1.0,1.0,0.0,0.0,0,0,0.0,0.0,0.01,0.0,1.9463911,0,nan,nan,0.0,0.0,0,3,0,0,1,10,0,0,0
96004000,0,1691481595988323,0,473977411,85455936,490344,490344,0.25,0.5,1.0,1.0,0.0,0.0,0,0,0.01,-0.01,0.0,0.049999997,2.3811526,0,nan,nan,0.0,0.0,0,3,0,0,1,10,0,0,0
96404000,0,1691481596388323,0,473977413,85455936,490338,490338,0.25,0.5,1.0,1.0,0.0,0.0,0,0,0.02,0.01,0.01,0.04,0.74019414,0,nan,nan,0.0,0.0,0,3,0,0,1,10,0,0,0
96804000,0,1691481596792323,0,473977414,85455936,490316,490316,0.25,0.5,1.0,1.0,0.0,0.0,0,0,0.03,0.03,0.0,0.0,0.26651177,0,nan,nan,0.0,0.0,0,3,0,0,1,10,0,0,0
97204000,0,1691481597184323,0,473977415,85455937,490312,490312,0.25,0.5,1.0,1.0,0.0,0.0,0,0,0.04,0.07,0.01,0.01,0.21502456,0,nan,nan,0.0,0.0,0,3,0,0,1,10,0,0,0
97404000,0,1691481597392323,0,473977416,85455937,490299,490299,0.25,0.5,1.0,1.0,0.0,0.0,0,0,0.049999997,0.04,0.0,0.02,6.2571793,0,nan,nan,0.0,0.0,0,3,0,0,1,10,0,0,0
97804000,0,1691481597792323,0,473977419,85455936,490289,490289,0.25,0.5,1.0,1.0,0.0,0.0,0,0,0.049999997,0.06,0.01,0.049999997,0.1823869,0,nan,nan,0.0,0.0,0,3,0,0,1,10,0,0,0
98204000,0,1691481598192323,0,473977420,85455936,490286,490286,0.25,0.5,1.0,1.0,0.0,0.0,0,0,0.049999997,0.049999997,-0.02,0.02,5.9044485,0,nan,nan,0.0,0.0,0,3,0,0,1,10,0,0,0
98604000,0,1691481598588323,0,473977423,85455937,490283,490283,0.25,0.5,1.0,1.0,0.0,0.0,0,0,0.049999997,0.04,0.0,0.02,0.11431906,0,nan,nan,0.0,0.0,0,3,0,0,1,10,0,0,0
99000000,0,1691481598988323,0,473977424,85455937,490288,490288,0.25,0.5,1.0,1.0,0.0,0.0,0,0,0.06,0.07,0.0,-0.02,6.189985,0,nan,nan,0.0,0.0,0,3,0,0,1,10,0,0,0
99404000,0,1691481599392323,0,473977427,85455937,490281,490281,0.25,0.5,1.0,1.0,0.0,0.0,0,0,0.06,0.06,0.02,0.0,0.35971233,0,nan,nan,0.0,0.0,0,3,0,0,1,10,0,0,0
99800000,0,1691481599784323,0,473977430,85455937,490062,490062,0.25,0.5,1.0,1.0,0.0,0.0,0,0,0.14,0.13,-0.06,0.78,5.8074083,0,nan,nan,0.0,0.0,0,3,0,0,1,10,0,0,0
100004000,0,1691481599988323,0,473977433,85455934,489898,489898,0.25,0.5,1.0,1.0,0.0,0.0,0,0,0.22,0.19999999,-0.12,0.78999996,5.7311378,0,nan,nan,0.0,0.0,0,3,0,0,1,10,0,0,0
100404000,0,1691481600392323,0,473977440,85455925,489579,489579,0.25,0.5,1.0,1.0,0.0,0.0,0,0,0.35,0.29,-0.21,0.78,5.65731,0,nan,nan,0.0,0.0,0,3,0,0,1,10,0,0,0
100800000,0,1691481600784323,0,473977452,85455911,489266,489266,0.25,0.5,1.0,1.0,0.0,0.0,0,0,0.45999998,0.35999998,-0.32,0.83,5.5662036,0,nan,nan,0.0,0.0,0,3,0,0,1,10,0,0,0
101004000,0,1691481600988323,0,473977458,85455902,489109,489109,0.25,0.5,1.0,1.0,0.0,0.0,0,0,0.51,0.38,-0.35,0.78,5.532694,0,nan,nan,0.0,0.0,0,3,0,0,1,10,0,0,0
101400000,0,1691481601392323,0,473977474,85455883,488793,488793,0.25,0.5,1.0,1.0,0.0,0.0,0,0,0.59999996,0.45,-0.42,0.75,5.529028,0,nan,nan,0.0,0.0,0,3,0,0,1,10,0,0,0
101804000,0,1691481601792323,0,473977492,85455859,488499,488499,0.25,0.5,1.0,1.0,0.0,0.0,0,0,0.68,0.48,-0.44,0.76,5.5379295,0,nan,nan,0.0,0.0,0,3,0,0,1,10,0,0,0
102204000,0,1691481602192323,0,473977511,85455834,488207,488207,0.25,0.5,1.0,1.0,0.0,0.0,0,0,0.75,0.55,-0.48999998,0.75,5.5513687,0,nan,nan,0.0,0.0,0,3,0,0,1,10,0,0,0
102604000,0,1691481602584323,0,473977518,85455823,488101,488101,0.25,0.5,1.0,1.0,0.0,0.0,0,0,0.0,0.0,0.01,-0.03,1.6255996,0,nan,nan,0.0,0.0,0,3,0,0,1,10,0,0,0
103004000,0,1691481602988323,0,473977518,85455823,488097,488097,0.25,0.5,1.0,1.0,0.0,0.0,0,0,0.0,0.0,-0.01,0.03,4.716054,0,nan,nan,0.0,0.0,0,3,0,0,1,10,0,0,0
103404000,0,1691481603392323,0,473977518,85455823,488093,488093,0.25,0.5,1.0,1.0,0.0,0.0,0,0,0.0,0.01,0.02,-0.049999997,1.0709339,0,nan,nan,0.0,0.0,0,3,0,0,1,10,0,0,0
103804000,0,1691481603792323,0,473977518,85455823,488104,488104,0.25,0.5,1.0,1.0,0.0,0.0,0,0,0.0,-0.01,0.0,0.0,2.893756,0,nan,nan,0.0,0.0,0,3,0,0,1,10,0,0,0
104204000,0,1691481604192323,0,473977518,85455822,488104,488104,0.25,0.5,1.0,1.0,0.0,0.0,0,0,0.0,0.0,0.0,0.07,2.3516564,0,nan,nan,0.0,0.0,0,3,0,0,1,10,0,0,0
104604000,0,1691481604588323,0,473977518,85455823,488103,488103,0.25,0.5,1.0,1.0,0.0,0.0,0,0,0.0,0.0,0.01,0.0,1.7215928,0,nan,nan,0.0,0.0,0,3,0,0,1,10,0,0,0
105000000,0,1691481604988323,0,473977518,85455823,488109,488109,0.25,0.5,1.0,1.0,0.0,0.0,0,0,0.0,-0.01,0.0,0.01,3.132866,0,nan,nan,0.0,0.0,0,3,0,0,1,10,0,0,0
105204000,0,1691481605192323,0,473977518,85455823,488106,488106,0.25,0.5,1.0,1.0,0.0,0.0,0,0,0.0,-0.01,0.0,-0.049999997,3.2140236,0,nan,nan,0.0,0.0,0,3,0,0,1,10,0,0,0
105600000,0,1691481605584323,0,473977518,85455823,488111,488111,0.25,0.5,1.0,1.0,0.0,0.0,0,0,0.0,-0.02,0.01,0.01,2.6169467,0,nan,nan,0.0,0.0,0,3,0,0,1,10,0,0,0
105804000,0,1691481605792323,0,473977518,85455823,488109,488109,0.25,0.5,1.0,1.0,0.0,0.0,0,0,0.0,0.0,-0.01,0.02,4.82409,0,nan,nan,0.0,0.0,0,3,0,0,1,10,0,0,0
106204000,0,1691481606192323,0,473977518,85455823,488103,488103,0.25,0.5,1.0,1.0,0.0,0.0,0,0,0.0,-0.02,0.0,0.02,2.725855,0,nan,nan,0.0,0.0,0,3,0,0,1,10,0,0,0
106604000,0,1691481606588323,0,473977519,85455823,488102,488102,0.25,0.5,1.0,1.0,0.0,0.0,0,0,0.0,0.0,0.0,-0.03,3.5321972,0,nan,nan,0.0,0.0,0,3,0,0,1,10,0,0,0
