timestamp,timestamp_sample,control[0],control[1],control[2],control[3],control[4],control[5],control[6],control[7],control[8],control[9],control[10],control[11],reversible_flags
356000,356000,0.0,0.0,0.0,0.0,nan,nan,nan,nan,nan,nan,nan,nan,0
360000,360000,0.0,0.0,0.0,0.0,nan,nan,nan,nan,nan,nan,nan,nan,0
456000,456000,0.0,0.0,0.0,0.0,nan,nan,nan,nan,nan,nan,nan,nan,0
556000,556000,1.7209867e-10,0.0,0.0,0.0,nan,nan,nan,nan,nan,nan,nan,nan,0
656000,656000,0.0,0.0,0.0,0.0,nan,nan,nan,nan,nan,nan,nan,nan,0
756000,756000,0.0,0.0,0.0,0.0,nan,nan,nan,nan,nan,nan,nan,nan,0
856000,856000,0.0,0.0,0.0,0.0,nan,nan,nan,nan,nan,nan,nan,nan,0
956000,956000,0.0,9.507251e-12,7.275958e-12,0.0,nan,nan,nan,nan,nan,nan,nan,nan,0
1056000,1056000,2.2273343e-11,0.0,0.0,2.910383e-11,nan,nan,nan,nan,nan,nan,nan,nan,0
1156000,1156000,1.4551915e-11,0.0,0.0,0.0,nan,nan,nan,nan,nan,nan,nan,nan,0
1256000,1256000,2.1827873e-11,0.0,0.0,4.63721e-11,nan,nan,nan,nan,nan,nan,nan,nan,0
1356000,1356000,0.0,0.0,0.0,0.0,nan,nan,nan,nan,nan,nan,nan,nan,0
1456000,1456000,0.0,0.0,0.0,6.9461145e-11,nan,nan,nan,nan,nan,nan,nan,nan,0
1556000,1556000,0.0,0.0,0.0,0.0,nan,nan,nan,nan,nan,nan,nan,nan,0
1656000,1656000,0.0,0.0,0.0,0.0,nan,nan,nan,nan,nan,nan,nan,nan,0
1756000,1756000,0.0,0.0,6.693881e-10,0.0,nan,nan,nan,nan,nan,nan,nan,nan,0
1856000,1856000,0.0,0.0,1.3378111e-09,0.0,nan,nan,nan,nan,nan,nan,nan,nan,0
1956000,1956000,0.0,0.0,0.0,0.0,nan,nan,nan,nan,nan,nan,nan,nan,0
2056000,2056000,0.0,1.1540638e-09,0.0,0.0,nan,nan,nan,nan,nan,nan,nan,nan,0
2156000,2156000,0.0,0.0,0.0,0.0,nan,nan,nan,nan,nan,nan,nan,nan,0
2256000,2256000,0.0,0.0,0.0,0.0,nan,nan,nan,nan,nan,nan,nan,nan,0
2356000,2356000,0.0,2.910383e-11,2.2273343e-11,0.0,nan,nan,nan,nan,nan,nan,nan,nan,0
2456000,2456000,0.0,0.0,0.0,0.0,nan,nan,nan,nan,nan,nan,nan,nan,0
2556000,2556000,0.0,0.0,8.2411367e-10,0.0,nan,nan,nan,nan,nan,nan,nan,nan,0
2656000,2656000,0.0,1.1350494e-09,0.0,0.0,nan,nan,nan,nan,nan,nan,nan,nan,0
2756000,2756000,0.0,0.0,0.0,0.0,nan,nan,nan,nan,nan,nan,nan,nan,0
2856000,2856000,0.0,0.0,0.0,0.0,nan,nan,nan,nan,nan,nan,nan,nan,0
2956000,2956000,0.0,0.0,0.0,0.0,nan,nan,nan,nan,nan,nan,nan,nan,0
3052000,3052000,0.0,0.0,0.0,0.0,nan,nan,nan,nan,nan,nan,nan,nan,0
3156000,3156000,0.0,0.0,3.9408965e-10,0.0,nan,nan,nan,nan,nan,nan,nan,nan,0
3252000,3252000,0.0,0.0,0.0,0.0,nan,nan,nan,nan,nan,nan,nan,nan,0
3356000,3356000,0.0,0.0,0.0,0.0,nan,nan,nan,nan,nan,nan,nan,nan,0
3456000,3456000,0.0,0.0,0.0,0.0,nan,nan,nan,nan,nan,nan,nan,nan,0
3556000,3556000,0.0,0.0,0.0,0.0,nan,nan,nan,nan,nan,nan,nan,nan,0
3656000,3656000,0.0,0.0,0.0,0.0,nan,nan,nan,nan,nan,nan,nan,nan,0
3756000,3756000,0.0,0.0,0.0,0.0,nan,nan,nan,nan,nan,nan,nan,nan,0
3856000,3856000,0.0,0.0,0.0,0.0,nan,nan,nan,nan,nan,nan,nan,nan,0
3956000,3956000,0.0,0.0,0.0,0.0,nan,nan,nan,nan,nan,nan,nan,nan,0
4056000,4056000,0.0,0.0,0.0,0.0,nan,nan,nan,nan,nan,nan,nan,nan,0
4156000,4156000,7.12747e-10,0.0,0.0,0.0,nan,nan,nan,nan,nan,nan,nan,nan,0
4256000,4256000,0.0,0.0,0.0,0.0,nan,nan,nan,nan,nan,nan,nan,nan,0
4356000,4356000,0.0,1.4280277e-10,0.0,0.0,nan,nan,nan,nan,nan,nan,nan,nan,0
4456000,4456000,1.7818674e-10,0.0,0.0,2.3283064e-10,nan,nan,nan,nan,nan,nan,nan,nan,0
4556000,4556000,0.0,0.0,4.656613e-10,0.0,nan,nan,nan,nan,nan,nan,nan,nan,0
4656000,4656000,2.3283064e-10,0.0,0.0,3.0423203e-10,nan,nan,nan,nan,nan,nan,nan,nan,0
4756000,4756000,4.656613e-10,0.0,4.656613e-10,0.0,nan,nan,nan,nan,nan,nan,nan,nan,0
4856000,4856000,0.0,0.0,4.656613e-10,0.0,nan,nan,nan,nan,nan,nan,nan,nan,0
4956000,4956000,4.656613e-10,0.0,4.656613e-10,0.0,nan,nan,nan,nan,nan,nan,nan,nan,0
5056000,5056000,0.0,0.0,4.656613e-10,0.0,nan,nan,nan,nan,nan,nan,nan,nan,0
5156000,5156000,0.0,0.0,4.656613e-10,0.0,nan,nan,nan,nan,nan,nan,nan,nan,0
5256000,5256000,0.0,0.0,0.0,0.0,nan,nan,nan,nan,nan,nan,nan,nan,0
5356000,5356000,0.0,0.0,0.0,0.0,nan,nan,nan,nan,nan,nan,nan,nan,0
5456000,5456000,0.0,0.0,0.0,0.0,nan,nan,nan,nan,nan,nan,nan,nan,0
5556000,5556000,1.7818674e-10,0.0,0.0,2.3283064e-10,nan,nan,nan,nan,nan,nan,nan,nan,0
5656000,5656000,0.0,0.0,0.0,0.0,nan,nan,nan,nan,nan,nan,nan,nan,0
5756000,5756000,0.0,0.0,0.0,0.0,nan,nan,nan,nan,nan,nan,nan,nan,0
5856000,5856000,0.0,0.0,4.656613e-10,0.0,nan,nan,nan,nan,nan,nan,nan,nan,0
5956000,5956000,0.0,0.0,0.0,0.0,nan,nan,nan,nan,nan,nan,nan,nan,0
6056000,6056000,0.0,0.0,0.0,2.3283064e-10,nan,nan,nan,nan,nan,nan,nan,nan,0
6156000,6156000,0.0,0.0,0.0,0.0,nan,nan,nan,nan,nan,nan,nan,nan,0
6256000,6256000,0.0,0.0,0.0,0.0,nan,nan,nan,nan,nan,nan,nan,nan,0
6352000,6352000,0.0,0.0,0.0,2.3283064e-10,nan,nan,nan,nan,nan,nan,nan,nan,0
6456000,6456000,0.0,1.1641532e-10,0.0,0.0,nan,nan,nan,nan,nan,nan,nan,nan,0
6556000,6556000,0.0,7.605801e-11,5.820766e-11,0.0,nan,nan,nan,nan,nan,nan,nan,nan,0
6656000,6656000,0.0019999952,0.0,0.0019999999,1.8626451e-09,nan,nan,nan,nan,nan,nan,nan,nan,0
6756000,6756000,0.0019999966,0.0,0.0020000006,0.0,nan,nan,nan,nan,nan,nan,nan,nan,0
6856000,6856000,0.0020000003,0.0,0.0020000003,0.0,nan,nan,nan,nan,nan,nan,nan,nan,0
6952000,6952000,0.0020000022,0.0,0.0019999985,0.0,nan,nan,nan,nan,nan,nan,nan,nan,0
7056000,7056000,0.0020000022,0.0,0.0020000003,0.0,nan,nan,nan,nan,nan,nan,nan,nan,0
7156000,7156000,0.0020000003,0.0,0.0020000003,0.0,nan,nan,nan,nan,nan,nan,nan,nan,0
7256000,7256000,0.0020000013,0.0,0.0020000013,0.0,nan,nan,nan,nan,nan,nan,nan,nan,0
7356000,7356000,0.0020000031,0.0,0.0019999994,0.0,nan,nan,nan,nan,nan,nan,nan,nan,0
7456000,7456000,0.0020000006,0.0,0.0019999992,9.313226e-10,nan,nan,nan,nan,nan,nan,nan,nan,0
7552000,7552000,0.0019999985,0.0,0.0019999966,1.8626451e-09,nan,nan,nan,nan,nan,nan,nan,nan,0
7656000,7656000,0.0020000003,0.0,0.0019999966,0.0,nan,nan,nan,nan,nan,nan,nan,nan,0
7756000,7756000,0.0019999994,0.0,0.0019999994,0.0,nan,nan,nan,nan,nan,nan,nan,nan,0
7856000,7856000,0.0019999987,0.0,0.002,1.8626451e-09,nan,nan,nan,nan,nan,nan,nan,nan,0
7956000,7956000,0.0019999985,0.0,0.0019999985,0.0,nan,nan,nan,nan,nan,nan,nan,nan,0
8056000,8056000,0.0020000013,0.0,0.0019999994,0.0,nan,nan,nan,nan,nan,nan,nan,nan,0
8156000,8156000,0.0020000003,0.0,0.0020000003,0.0,nan,nan,nan,nan,nan,nan,nan,nan,0
8256000,8256000,0.0020000013,0.0,0.0019999994,0.0,nan,nan,nan,nan,nan,nan,nan,nan,0
8356000,8356000,0.0019999992,0.0,0.0019999987,0.0,nan,nan,nan,nan,nan,nan,nan,nan,0
8452000,8452000,0.0019999987,0.0,0.002,1.8626451e-09,nan,nan,nan,nan,nan,nan,nan,nan,0
8556000,8556000,0.0019999985,0.0,0.0019999985,0.0,nan,nan,nan,nan,nan,nan,nan,nan,0
8656000,8656000,0.0019999994,0.0,0.0020000013,0.0,nan,nan,nan,nan,nan,nan,nan,nan,0
8756000,8756000,0.0019999985,0.0,0.0019999985,0.0,nan,nan,nan,nan,nan,nan,nan,nan,0
8856000,8856000,0.002000004,0.0,0.0019999966,0.0,nan,nan,nan,nan,nan,nan,nan,nan,0
8956000,8956000,0.002000004,0.0,0.0019999966,0.0,nan,nan,nan,nan,nan,nan,nan,nan,0
9056000,9056000,0.0019999985,0.0,0.0019999985,0.0,nan,nan,nan,nan,nan,nan,nan,nan,0
9156000,9156000,0.0019999975,0.0,0.0019999994,0.0,nan,nan,nan,nan,nan,nan,nan,nan,0
9256000,9256000,0.0020000013,0.0,0.0019999994,0.0,nan,nan,nan,nan,nan,nan,nan,nan,0
9352000,9352000,0.0019999985,0.0,0.0019999985,0.0,nan,nan,nan,nan,nan,nan,nan,nan,0
9456000,9456000,0.0020000003,0.0,0.0020000003,0.0,nan,nan,nan,nan,nan,nan,nan,nan,0
9556000,9556000,0.0020000003,0.0,0.0020000003,0.0,nan,nan,nan,nan,nan,nan,nan,nan,0
9656000,9656000,0.0019999994,0.0,0.0020000013,0.0,nan,nan,nan,nan,nan,nan,nan,nan,0
9756000,9756000,0.0020000003,0.0,0.0020000003,0.0,nan,nan,nan,nan,nan,nan,nan,nan,0
9852000,9852000,0.0020000022,0.0,0.0019999985,0.0,nan,nan,nan,nan,nan,nan,nan,nan,0
9956000,9956000,0.0020000022,0.0,0.0019999985,0.0,nan,nan,nan,nan,nan,nan,nan,nan,0
10056000,10056000,0.0019999987,0.0,0.0019999992,0.0,nan,nan,nan,nan,nan,nan,nan,nan,0
10156000,10156000,0.0020000003,0.0,0.0019999966,0.0,nan,nan,nan,nan,nan,nan,nan,nan,0
10256000,10256000,0.0020000006,0.0,0.0019999982,1.8626451e-09,nan,nan,nan,nan,nan,nan,nan,nan,0
10352000,10352000,0.0020000003,0.0,0.0019999966,0.0,nan,nan,nan,nan,nan,nan,nan,nan,0
10456000,10456000,0.0019999968,0.0,0.0019999982,1.8626451e-09,nan,nan,nan,nan,nan,nan,nan,nan,0
10556000,10556000,0.0019999994,0.0,0.0020000013,0.0,nan,nan,nan,nan,nan,nan,nan,nan,0
10656000,10656000,0.0020000022,0.0,0.0019999985,0.0,nan,nan,nan,nan,nan,nan,nan,nan,0
10756000,10756000,0.0019999966,0.0,0.0019999985,0.0,nan,nan,nan,nan,nan,nan,nan,nan,0
10856000,10856000,0.002000004,0.0,0.0019999966,0.0,nan,nan,nan,nan,nan,nan,nan,nan,0
10952000,10952000,0.0020000022,0.0,0.0019999985,0.0,nan,nan,nan,nan,nan,nan,nan,nan,0
11056000,11056000,0.0020000006,0.0,0.0019999973,0.0,nan,nan,nan,nan,nan,nan,nan,nan,0
11156000,11156000,0.0019999994,0.0,0.0020000013,0.0,nan,nan,nan,nan,nan,nan,nan,nan,0
11256000,11256000,0.0020000003,0.0,0.0020000003,0.0,nan,nan,nan,nan,nan,nan,nan,nan,0
11352000,11352000,0.0020000031,0.0,0.0019999975,0.0,nan,nan,nan,nan,nan,nan,nan,nan,0
11456000,11456000,0.0020000003,0.0,0.0020000003,0.0,nan,nan,nan,nan,nan,nan,nan,nan,0
11556000,11556000,0.0020000022,0.0,0.0019999985,0.0,nan,nan,nan,nan,nan,nan,nan,nan,0
11656000,11656000,0.0019999987,0.0,0.002,1.8626451e-09,nan,nan,nan,nan,nan,nan,nan,nan,0
11756000,11756000,0.0019999975,0.0,0.0019999994,0.0,nan,nan,nan,nan,nan,nan,nan,nan,0
11856000,11856000,0.0020000022,0.0,0.0019999985,0.0,nan,nan,nan,nan,nan,nan,nan,nan,0
11956000,11956000,0.0019999994,0.0,0.0020000013,0.0,nan,nan,nan,nan,nan,nan,nan,nan,0
12052000,12052000,0.0020000003,0.0,0.0020000003,0.0,nan,nan,nan,nan,nan,nan,nan,nan,0
12156000,12156000,0.0020000006,0.0,0.0019999982,1.8626451e-09,nan,nan,nan,nan,nan,nan,nan,nan,0
12256000,12256000,0.0020000008,0.0,0.0020000008,0.0,nan,nan,nan,nan,nan,nan,nan,nan,0
12356000,12356000,0.0020000008,0.0,0.0020000008,0.0,nan,nan,nan,nan,nan,nan,nan,nan,0
12452000,12452000,0.0020000022,0.0,0.0019999985,0.0,nan,nan,nan,nan,nan,nan,nan,nan,0
12556000,12556000,0.002000001,0.0,0.0020000008,0.0,nan,nan,nan,nan,nan,nan,nan,nan,0
12656000,12656000,0.0019999985,0.0,0.0019999985,0.0,nan,nan,nan,nan,nan,nan,nan,nan,0
12756000,12756000,0.0019999978,0.0,0.002000001,1.8626451e-09,nan,nan,nan,nan,nan,nan,nan,nan,0
12856000,12856000,0.0019999994,0.0,0.0019999994,0.0,nan,nan,nan,nan,nan,nan,nan,nan,0
12956000,12956000,0.0020000013,0.0,0.0019999994,0.0,nan,nan,nan,nan,nan,nan,nan,nan,0
13056000,13056000,0.0020000022,0.0,0.0019999985,0.0,nan,nan,nan,nan,nan,nan,nan,nan,0
13156000,13156000,0.0019999994,0.0,0.0019999994,0.0,nan,nan,nan,nan,nan,nan,nan,nan,0
13256000,13256000,0.0020000003,0.0,0.0020000003,0.0,nan,nan,nan,nan,nan,nan,nan,nan,0
13356000,13356000,0.0020000022,0.0,0.0019999985,0.0,nan,nan,nan,nan,nan,nan,nan,nan,0
13456000,13456000,0.0019999985,0.0,0.0020000003,0.0,nan,nan,nan,nan,nan,nan,nan,nan,0
13556000,13556000,0.0020000031,0.0,0.0019999975,0.0,nan,nan,nan,nan,nan,nan,nan,nan,0
13656000,13656000,0.0020000003,0.0,0.0020000003,0.0,nan,nan,nan,nan,nan,nan,nan,nan,0
13756000,13756000,0.0019999978,0.0,0.0019999992,1.8626451e-09,nan,nan,nan,nan,nan,nan,nan,nan,0
13856000,13856000,0.0019999994,0.0,0.0019999994,0.0,nan,nan,nan,nan,nan,nan,nan,nan,0
13956000,13956000,0.0019999985,0.0,0.0019999985,0.0,nan,nan,nan,nan,nan,nan,nan,nan,0
14056000,14056000,0.0019999994,0.0,0.0019999994,0.0,nan,nan,nan,nan,nan,nan,nan,nan,0
14156000,14156000,0.0020000013,0.0,0.0020000013,0.0,nan,nan,nan,nan,nan,nan,nan,nan,0
14256000,14256000,0.0020000003,0.0,0.0020000003,0.0,nan,nan,nan,nan,nan,nan,nan,nan,0
14356000,14356000,0.0020000022,0.0,0.0019999985,0.0,nan,nan,nan,nan,nan,nan,nan,nan,0
14456000,14456000,0.0019999975,1.8626451e-09,0.0020000013,0.0,nan,nan,nan,nan,nan,nan,nan,nan,0
14552000,14552000,0.0020000003,0.0,0.0020000003,0.0,nan,nan,nan,nan,nan,nan,nan,nan,0
14656000,14656000,0.0020000003,0.0,0.0019999966,1.8626451e-09,nan,nan,nan,nan,nan,nan,nan,nan,0
14756000,14756000,0.0020000003,0.0,0.0020000003,0.0,nan,nan,nan,nan,nan,nan,nan,nan,0
14856000,14856000,0.0019999975,0.0,0.0019999975,0.0,nan,nan,nan,nan,nan,nan,nan,nan,0
14956000,14956000,0.0019999994,0.0,0.0019999994,0.0,nan,nan,nan,nan,nan,nan,nan,nan,0
15056000,15056000,0.0020000022,0.0,0.0019999985,1.8626451e-09,nan,nan,nan,nan,nan,nan,nan,nan,0
15156000,15156000,0.0019999961,0.0,0.0020000027,1.8626451e-09,nan,nan,nan,nan,nan,nan,nan,nan,0
15256000,15256000,0.0019999978,0.0,0.0019999992,1.8626451e-09,nan,nan,nan,nan,nan,nan,nan,nan,0
15356000,15356000,0.0020000003,0.0,0.0020000003,0.0,nan,nan,nan,nan,nan,nan,nan,nan,0
15456000,15456000,0.0020000036,0.0,0.0019999999,0.0,nan,nan,nan,nan,nan,nan,nan,nan,0
15556000,15556000,0.0019999985,0.0,0.0019999966,1.8626451e-09,nan,nan,nan,nan,nan,nan,nan,nan,0
15656000,15656000,0.0019999985,0.0,0.0019999985,0.0,nan,nan,nan,nan,nan,nan,nan,nan,0
15752000,15752000,0.0020000003,0.0,0.0020000003,0.0,nan,nan,nan,nan,nan,nan,nan,nan,0
15856000,15856000,0.0019999994,1.8626451e-09,0.0019999994,0.0,nan,nan,nan,nan,nan,nan,nan,nan,0
15956000,15956000,0.0020000003,0.0,0.0020000003,0.0,nan,nan,nan,nan,nan,nan,nan,nan,0
16056000,16056000,0.0019999994,0.0,0.0019999994,0.0,nan,nan,nan,nan,nan,nan,nan,nan,0
16156000,16156000,0.0020000003,0.0,0.0020000003,0.0,nan,nan,nan,nan,nan,nan,nan,nan,0
16256000,16256000,0.0019999987,0.0,0.002,1.8626451e-09,nan,nan,nan,nan,nan,nan,nan,nan,0
16356000,16356000,0.0020000022,0.0,0.0019999985,0.0,nan,nan,nan,nan,nan,nan,nan,nan,0
16456000,16456000,0.0020000013,0.0,0.0019999994,0.0,nan,nan,nan,nan,nan,nan,nan,nan,0
16552000,16552000,0.001999996,0.0,0.002000001,1.8626451e-09,nan,nan,nan,nan,nan,nan,nan,nan,0
16656000,16656000,0.0019999987,0.0,0.002000003,0.0,nan,nan,nan,nan,nan,nan,nan,nan,0
16756000,16756000,0.0019999994,0.0,0.0019999975,1.8626451e-09,nan,nan,nan,nan,nan,nan,nan,nan,0
16856000,16856000,0.0020000003,0.0,0.0020000003,0.0,nan,nan,nan,nan,nan,nan,nan,nan,0
16956000,16956000,0.0020000003,0.0,0.0020000003,0.0,nan,nan,nan,nan,nan,nan,nan,nan,0
17052000,17052000,0.0020000003,0.0,0.0020000003,0.0,nan,nan,nan,nan,nan,nan,nan,nan,0
17152000,17152000,0.0019999968,0.0,0.0019999985,3.7252903e-09,nan,nan,nan,nan,nan,nan,nan,nan,0
17256000,17256000,0.0019999985,0.0,0.0020000022,0.0,nan,nan,nan,nan,nan,nan,nan,nan,0
17356000,17356000,0.0020000024,0.0,0.0019999992,0.0,nan,nan,nan,nan,nan,nan,nan,nan,0
17456000,17456000,0.0020000003,0.0,0.0020000003,0.0,nan,nan,nan,nan,nan,nan,nan,nan,0
17556000,17556000,0.0020000017,1.8626451e-09,0.0019999952,0.0,nan,nan,nan,nan,nan,nan,nan,nan,0
17656000,17656000,0.0020000003,0.0,0.0020000003,0.0,nan,nan,nan,nan,nan,nan,nan,nan,0
17756000,17756000,0.0020000022,0.0,0.0019999985,0.0,nan,nan,nan,nan,nan,nan,nan,nan,0
17856000,17856000,0.0019999985,0.0,0.0019999966,3.7252903e-09,nan,nan,nan,nan,nan,nan,nan,nan,0
17956000,17956000,0.0020000003,0.0,0.0020000003,0.0,nan,nan,nan,nan,nan,nan,nan,nan,0
18056000,18056000,0.0020000003,0.0,0.0020000003,0.0,nan,nan,nan,nan,nan,nan,nan,nan,0
18152000,18152000,0.0019999994,0.0,0.0019999994,0.0,nan,nan,nan,nan,nan,nan,nan,nan,0
18256000,18256000,0.0019999975,0.0,0.0020000013,0.0,nan,nan,nan,nan,nan,nan,nan,nan,0
18356000,18356000,0.0020000022,0.0,0.0020000022,0.0,nan,nan,nan,nan,nan,nan,nan,nan,0
18456000,18456000,0.0020000003,0.0,0.0020000003,0.0,nan,nan,nan,nan,nan,nan,nan,nan,0
18556000,18556000,0.002000004,0.0,0.002000004,0.0,nan,nan,nan,nan,nan,nan,nan,nan,0
18656000,18656000,0.0020000003,0.0,0.0020000003,0.0,nan,nan,nan,nan,nan,nan,nan,nan,0
18756000,18756000,0.0019999985,0.0,0.0020000022,0.0,nan,nan,nan,nan,nan,nan,nan,nan,0
18856000,18856000,0.0019999985,0.0,0.0020000022,0.0,nan,nan,nan,nan,nan,nan,nan,nan,0
18956000,18956000,0.0020000003,0.0,0.0020000003,0.0,nan,nan,nan,nan,nan,nan,nan,nan,0
19056000,19056000,0.0020000008,0.0,0.0020000008,0.0,nan,nan,nan,nan,nan,nan,nan,nan,0
19156000,19156000,0.0019999994,0.0,0.0019999994,0.0,nan,nan,nan,nan,nan,nan,nan,nan,0
19256000,19256000,0.0020000003,1.8626451e-09,0.0020000022,0.0,nan,nan,nan,nan,nan,nan,nan,nan,0
19352000,19352000,0.0020000003,0.0,0.0020000003,0.0,nan,nan,nan,nan,nan,nan,nan,nan,0
19456000,19456000,0.0019999938,0.0,0.0020000031,3.7252903e-09,nan,nan,nan,nan,nan,nan,nan,nan,0
19552000,19552000,0.0020000003,0.0,0.0020000003,0.0,nan,nan,nan,nan,nan,nan,nan,nan,0
19652000,19652000,0.0020000003,0.0,0.0020000003,0.0,nan,nan,nan,nan,nan,nan,nan,nan,0
19756000,19756000,0.0020000003,0.0,0.0020000003,0.0,nan,nan,nan,nan,nan,nan,nan,nan,0
19856000,19856000,0.0020000006,0.0,0.0019999985,1.8626451e-09,nan,nan,nan,nan,nan,nan,nan,nan,0
19956000,19956000,0.001999999,0.0,0.0020000036,1.8626451e-09,nan,nan,nan,nan,nan,nan,nan,nan,0
20056000,20056000,0.0019999994,0.0,0.0019999994,0.0,nan,nan,nan,nan,nan,nan,nan,nan,0
20156000,20156000,0.0020000003,0.0,0.0019999985,3.7252903e-09,nan,nan,nan,nan,nan,nan,nan,nan,0
20256000,20256000,0.0019999985,0.0,0.0020000022,0.0,nan,nan,nan,nan,nan,nan,nan,nan,0
20356000,20356000,0.0020000003,0.0,0.0020000003,0.0,nan,nan,nan,nan,nan,nan,nan,nan,0
20456000,20456000,0.0020000013,0.0,0.0019999975,1.8626451e-09,nan,nan,nan,nan,nan,nan,nan,nan,0
20556000,20556000,0.0020000003,0.0,0.0020000003,0.0,nan,nan,nan,nan,nan,nan,nan,nan,0
20656000,20656000,0.001999998,0.0,0.0020000008,1.8626451e-09,nan,nan,nan,nan,nan,nan,nan,nan,0
20756000,20756000,0.0020000022,0.0,0.0020000022,0.0,nan,nan,nan,nan,nan,nan,nan,nan,0
20856000,20856000,0.0020000022,0.0,0.0019999985,0.0,nan,nan,nan,nan,nan,nan,nan,nan,0
20956000,20956000,0.0020000008,1.8626451e-09,0.001999998,0.0,nan,nan,nan,nan,nan,nan,nan,nan,0
21056000,21056000,0.0020000003,0.0,0.0020000003,0.0,nan,nan,nan,nan,nan,nan,nan,nan,0
21156000,21156000,0.0020000013,0.0,0.0019999994,1.8626451e-09,nan,nan,nan,nan,nan,nan,nan,nan,0
21256000,21256000,0.0020000003,0.0,0.0020000003,0.0,nan,nan,nan,nan,nan,nan,nan,nan,0
21356000,21356000,0.0020000003,0.0,0.0020000003,0.0,nan,nan,nan,nan,nan,nan,nan,nan,0
21456000,21456000,0.0019999994,0.0,0.0019999994,0.0,nan,nan,nan,nan,nan,nan,nan,nan,0
21556000,21556000,0.0020000003,0.0,0.0020000003,0.0,nan,nan,nan,nan,nan,nan,nan,nan,0
21656000,21656000,0.0020000003,0.0,0.0020000003,0.0,nan,nan,nan,nan,nan,nan,nan,nan,0
21756000,21756000,0.002000004,0.0,0.002000004,0.0,nan,nan,nan,nan,nan,nan,nan,nan,0
21856000,21856000,0.0020000003,0.0,0.0020000003,0.0,nan,nan,nan,nan,nan,nan,nan,nan,0
21956000,21956000,0.0019999936,0.0,0.0020000034,3.7252903e-09,nan,nan,nan,nan,nan,nan,nan,nan,0
22052000,22052000,0.0020000027,0.0,0.001999999,0.0,nan,nan,nan,nan,nan,nan,nan,nan,0
22156000,22156000,0.0020000003,0.0,0.0020000003,0.0,nan,nan,nan,nan,nan,nan,nan,nan,0
22256000,22256000,0.0019999943,0.0,0.0020000045,1.8626451e-09,nan,nan,nan,nan,nan,nan,nan,nan,0
22356000,22356000,0.0020000003,0.0,0.0020000003,0.0,nan,nan,nan,nan,nan,nan,nan,nan,0
22456000,22456000,0.0020000022,0.0,0.0020000003,0.0,nan,nan,nan,nan,nan,nan,nan,nan,0
22556000,22556000,0.0019999985,0.0,0.0020000022,0.0,nan,nan,nan,nan,nan,nan,nan,nan,0
22656000,22656000,0.0019999985,0.0,0.0020000022,0.0,nan,nan,nan,nan,nan,nan,nan,nan,0
22756000,22756000,0.0020000003,0.0,0.0020000003,0.0,nan,nan,nan,nan,nan,nan,nan,nan,0
22856000,22856000,0.0019999985,0.0,0.0020000022,0.0,nan,nan,nan,nan,nan,nan,nan,nan,0
22956000,22956000,0.0020000003,0.0,0.0020000003,0.0,nan,nan,nan,nan,nan,nan,nan,nan,0
23056000,23056000,0.001999998,0.0,0.0020000008,1.8626451e-09,nan,nan,nan,nan,nan,nan,nan,nan,0
23156000,23156000,0.0020000003,0.0,0.0020000003,0.0,nan,nan,nan,nan,nan,nan,nan,nan,0
23256000,23256000,0.0019999968,0.0,0.002000002,1.8626451e-09,nan,nan,nan,nan,nan,nan,nan,nan,0
23356000,23356000,0.0019999994,0.0,0.0019999994,0.0,nan,nan,nan,nan,nan,nan,nan,nan,0
23456000,23456000,0.0020000003,0.0,0.0020000003,0.0,nan,nan,nan,nan,nan,nan,nan,nan,0
23556000,23556000,0.0019999985,0.0,0.0020000022,0.0,nan,nan,nan,nan,nan,nan,nan,nan,0
23656000,23656000,0.0020000013,0.0,0.0020000013,0.0,nan,nan,nan,nan,nan,nan,nan,nan,0
23756000,23756000,0.0020000022,0.0,0.0019999985,0.0,nan,nan,nan,nan,nan,nan,nan,nan,0
23856000,23856000,0.0019999994,0.0,0.0019999994,0.0,nan,nan,nan,nan,nan,nan,nan,nan,0
23956000,23956000,0.0020000038,0.0,0.0020000034,0.0,nan,nan,nan,nan,nan,nan,nan,nan,0
24056000,24056000,0.0020000003,0.0,0.0020000003,0.0,nan,nan,nan,nan,nan,nan,nan,nan,0
24156000,24156000,0.0019999985,0.0,0.0020000022,0.0,nan,nan,nan,nan,nan,nan,nan,nan,0
24256000,24256000,0.0020000027,0.0,0.001999999,0.0,nan,nan,nan,nan,nan,nan,nan,nan,0
24356000,24356000,0.0020000022,0.0,0.0019999985,0.0,nan,nan,nan,nan,nan,nan,nan,nan,0
24456000,24456000,0.0019999985,0.0,0.0019999985,0.0,nan,nan,nan,nan,nan,nan,nan,nan,0
24556000,24556000,0.0019999985,0.0,0.0020000022,0.0,nan,nan,nan,nan,nan,nan,nan,nan,0
24656000,24656000,0.0020000022,0.0,0.0019999985,0.0,nan,nan,nan,nan,nan,nan,nan,nan,0
24756000,24756000,0.0020000022,0.0,0.0019999985,0.0,nan,nan,nan,nan,nan,nan,nan,nan,0
24856000,24856000,0.0020000003,0.0,0.0020000003,0.0,nan,nan,nan,nan,nan,nan,nan,nan,0
24956000,24956000,0.0020000017,0.0,0.002000002,0.0,nan,nan,nan,nan,nan,nan,nan,nan,0
25056000,25056000,0.0020000003,0.0,0.0020000003,0.0,nan,nan,nan,nan,nan,nan,nan,nan,0
25156000,25156000,0.0019999994,0.0,0.0019999994,0.0,nan,nan,nan,nan,nan,nan,nan,nan,0
25256000,25256000,0.0020000003,0.0,0.0020000003,0.0,nan,nan,nan,nan,nan,nan,nan,nan,0
25356000,25356000,0.0020000022,0.0,0.0019999985,0.0,nan,nan,nan,nan,nan,nan,nan,nan,0
25456000,25456000,0.0020000003,0.0,0.0020000003,0.0,nan,nan,nan,nan,nan,nan,nan,nan,0
25556000,25556000,0.0020000022,0.0,0.0019999985,0.0,nan,nan,nan,nan,nan,nan,nan,nan,0
25656000,25656000,0.0020000003,0.0,0.0020000003,0.0,nan,nan,nan,nan,nan,nan,nan,nan,0
25756000,25756000,0.0020000003,0.0,0.0020000003,0.0,nan,nan,nan,nan,nan,nan,nan,nan,0
25856000,25856000,0.0020000003,0.0,0.0020000003,0.0,nan,nan,nan,nan,nan,nan,nan,nan,0
25956000,25956000,0.0020000022,0.0,0.0019999985,0.0,nan,nan,nan,nan,nan,nan,nan,nan,0
26052000,26052000,0.0020000008,0.0,0.0020000008,0.0,nan,nan,nan,nan,nan,nan,nan,nan,0
26156000,26156000,0.0020000003,0.0,0.0020000003,0.0,nan,nan,nan,nan,nan,nan,nan,nan,0
26256000,26256000,0.0020000003,0.0,0.0020000003,0.0,nan,nan,nan,nan,nan,nan,nan,nan,0
26356000,26356000,0.0020000003,0.0,0.0020000003,0.0,nan,nan,nan,nan,nan,nan,nan,nan,0
26456000,26456000,0.0019999966,3.7252903e-09,0.0020000003,0.0,nan,nan,nan,nan,nan,nan,nan,nan,0
26556000,26556000,0.0019999961,0.0,0.0020000027,1.8626451e-09,nan,nan,nan,nan,nan,nan,nan,nan,0
26656000,26656000,0.0020000003,0.0,0.0019999966,3.7252903e-09,nan,nan,nan,nan,nan,nan,nan,nan,0
26756000,26756000,0.0020000003,0.0,0.0020000003,0.0,nan,nan,nan,nan,nan,nan,nan,nan,0
26856000,26856000,0.0020000003,0.0,0.0019999966,1.8626451e-09,nan,nan,nan,nan,nan,nan,nan,nan,0
26952000,26952000,0.0020000022,0.0,0.0019999985,0.0,nan,nan,nan,nan,nan,nan,nan,nan,0
27056000,27056000,0.0020000013,0.0,0.0019999994,1.8626451e-09,nan,nan,nan,nan,nan,nan,nan,nan,0
27156000,27156000,0.0020000031,3.7252903e-09,0.0019999938,0.0,nan,nan,nan,nan,nan,nan,nan,nan,0
27256000,27256000,0.0020000003,0.0,0.0020000003,0.0,nan,nan,nan,nan,nan,nan,nan,nan,0
27356000,27356000,0.0020000006,0.0,0.002000001,0.0,nan,nan,nan,nan,nan,nan,nan,nan,0
27456000,27456000,0.0020000003,0.0,0.0020000003,0.0,nan,nan,nan,nan,nan,nan,nan,nan,0
27556000,27556000,0.0019999985,0.0,0.0019999985,1.8626451e-09,nan,nan,nan,nan,nan,nan,nan,nan,0
27656000,27656000,0.0020000003,0.0,0.0020000003,0.0,nan,nan,nan,nan,nan,nan,nan,nan,0
27756000,27756000,0.0020000003,0.0,0.0020000003,0.0,nan,nan,nan,nan,nan,nan,nan,nan,0
27856000,27856000,0.0019999985,0.0,0.0019999985,0.0,nan,nan,nan,nan,nan,nan,nan,nan,0
27956000,27956000,0.0020000003,0.0,0.0020000003,0.0,nan,nan,nan,nan,nan,nan,nan,nan,0
28056000,28056000,0.0020000003,0.0,0.0020000003,0.0,nan,nan,nan,nan,nan,nan,nan,nan,0
28156000,28156000,0.001999999,0.0,0.0020000038,1.8626451e-09,nan,nan,nan,nan,nan,nan,nan,nan,0
28256000,28256000,0.0020000003,0.0,0.0020000003,0.0,nan,nan,nan,nan,nan,nan,nan,nan,0
28356000,28356000,0.0020000003,0.0,0.0020000003,0.0,nan,nan,nan,nan,nan,nan,nan,nan,0
28456000,28456000,0.0019999985,0.0,0.0020000022,0.0,nan,nan,nan,nan,nan,nan,nan,nan,0
28556000,28556000,0.0020000003,0.0,0.0020000003,0.0,nan,nan,nan,nan,nan,nan,nan,nan,0
28656000,28656000,0.0020000022,0.0,0.0019999985,0.0,nan,nan,nan,nan,nan,nan,nan,nan,0
28756000,28756000,0.0020000003,0.0,0.0020000003,0.0,nan,nan,nan,nan,nan,nan,nan,nan,0
28856000,28856000,0.0019999985,0.0,0.0019999985,0.0,nan,nan,nan,nan,nan,nan,nan,nan,0
28956000,28956000,0.0019999966,0.0,0.002000004,0.0,nan,nan,nan,nan,nan,nan,nan,nan,0
29056000,29056000,0.0020000022,0.0,0.0019999985,0.0,nan,nan,nan,nan,nan,nan,nan,nan,0
29156000,29156000,0.0020000003,0.0,0.0020000003,0.0,nan,nan,nan,nan,nan,nan,nan,nan,0
29256000,29256000,0.0020000003,0.0,0.0020000003,0.0,nan,nan,nan,nan,nan,nan,nan,nan,0
29356000,29356000,0.0020000003,0.0,0.0019999985,3.7252903e-09,nan,nan,nan,nan,nan,nan,nan,nan,0
29456000,29456000,0.0020000003,0.0,0.0020000003,0.0,nan,nan,nan,nan,nan,nan,nan,nan,0
29556000,29556000,0.0020000003,0.0,0.0020000003,0.0,nan,nan,nan,nan,nan,nan,nan,nan,0
29656000,29656000,0.0020000022,0.0,0.0019999985,0.0,nan,nan,nan,nan,nan,nan,nan,nan,0
29752000,29752000,0.0019999966,0.0,0.0019999966,0.0,nan,nan,nan,nan,nan,nan,nan,nan,0
29856000,29856000,0.0020000003,0.0,0.0019999966,1.8626451e-09,nan,nan,nan,nan,nan,nan,nan,nan,0
29956000,29956000,0.0020000022,0.0,0.0019999985,0.0,nan,nan,nan,nan,nan,nan,nan,nan,0
30056000,30056000,0.0019999985,0.0,0.0019999985,0.0,nan,nan,nan,nan,nan,nan,nan,nan,0
30156000,30156000,0.0019999985,0.0,0.0020000022,0.0,nan,nan,nan,nan,nan,nan,nan,nan,0
30256000,30256000,0.0019999985,0.0,0.0019999985,0.0,nan,nan,nan,nan,nan,nan,nan,nan,0
30356000,30356000,0.0019999985,0.0,0.0020000022,0.0,nan,nan,nan,nan,nan,nan,nan,nan,0
30456000,30456000,0.0019999938,0.0,0.0020000031,3.7252903e-09,nan,nan,nan,nan,nan,nan,nan,nan,0
30556000,30556000,0.0020000003,0.0,0.0020000003,0.0,nan,nan,nan,nan,nan,nan,nan,nan,0
30656000,30656000,0.0020000022,0.0,0.0019999985,0.0,nan,nan,nan,nan,nan,nan,nan,nan,0
30752000,30752000,0.0020000003,0.0,0.0020000003,0.0,nan,nan,nan,nan,nan,nan,nan,nan,0
30856000,30856000,0.0020000034,3.7252903e-09,0.0019999938,0.0,nan,nan,nan,nan,nan,nan,nan,nan,0
30956000,30956000,0.0020000003,0.0,0.0020000003,0.0,nan,nan,nan,nan,nan,nan,nan,nan,0
31056000,31056000,0.0020000022,0.0,0.0019999985,0.0,nan,nan,nan,nan,nan,nan,nan,nan,0
31156000,31156000,0.0019999938,0.0,0.0020000034,3.7252903e-09,nan,nan,nan,nan,nan,nan,nan,nan,0
31256000,31256000,0.0019999985,0.0,0.0020000022,0.0,nan,nan,nan,nan,nan,nan,nan,nan,0
31356000,31356000,0.0019999985,0.0,0.0020000022,0.0,nan,nan,nan,nan,nan,nan,nan,nan,0
31456000,31456000,0.0020000003,0.0,0.0020000003,0.0,nan,nan,nan,nan,nan,nan,nan,nan,0
31556000,31556000,0.0019999985,0.0,0.0020000022,0.0,nan,nan,nan,nan,nan,nan,nan,nan,0
31656000,31656000,0.0020000003,0.0,0.0020000003,0.0,nan,nan,nan,nan,nan,nan,nan,nan,0
31756000,31756000,0.0019999985,0.0,0.0020000022,0.0,nan,nan,nan,nan,nan,nan,nan,nan,0
31856000,31856000,0.0020000022,0.0,0.0019999985,0.0,nan,nan,nan,nan,nan,nan,nan,nan,0
31956000,31956000,0.0020000022,0.0,0.0019999985,0.0,nan,nan,nan,nan,nan,nan,nan,nan,0
32056000,32056000,0.0019999985,0.0,0.0020000022,0.0,nan,nan,nan,nan,nan,nan,nan,nan,0
32156000,32156000,0.0019999985,0.0,0.0019999985,0.0,nan,nan,nan,nan,nan,nan,nan,nan,0
32256000,32256000,0.002000004,0.0,0.002000004,0.0,nan,nan,nan,nan,nan,nan,nan,nan,0
32356000,32356000,0.0019999966,0.0,0.002000004,0.0,nan,nan,nan,nan,nan,nan,nan,nan,0
32456000,32456000,0.001999999,0.0,0.0020000036,1.8626451e-09,nan,nan,nan,nan,nan,nan,nan,nan,0
32556000,32556000,0.0019999938,0.0,0.0020000031,3.7252903e-09,nan,nan,nan,nan,nan,nan,nan,nan,0
32656000,32656000,0.0020000022,0.0,0.0020000003,0.0,nan,nan,nan,nan,nan,nan,nan,nan,0
32756000,32756000,0.0020000003,0.0,0.0020000003,0.0,nan,nan,nan,nan,nan,nan,nan,nan,0
32856000,32856000,0.0019999985,0.0,0.0020000022,0.0,nan,nan,nan,nan,nan,nan,nan,nan,0
32956000,32956000,0.0020000003,0.0,0.0020000003,0.0,nan,nan,nan,nan,nan,nan,nan,nan,0
33056000,33056000,0.0020000022,0.0,0.0019999985,0.0,nan,nan,nan,nan,nan,nan,nan,nan,0
33156000,33156000,0.001999999,0.0,0.0020000017,1.8626451e-09,nan,nan,nan,nan,nan,nan,nan,nan,0
33256000,33256000,0.0020000003,0.0,0.0020000003,0.0,nan,nan,nan,nan,nan,nan,nan,nan,0
33352000,33352000,0.0020000003,0.0,0.0020000003,0.0,nan,nan,nan,nan,nan,nan,nan,nan,0
33456000,33456000,0.0020000003,0.0,0.0019999966,3.7252903e-09,nan,nan,nan,nan,nan,nan,nan,nan,0
33552000,33552000,0.0020000022,0.0,0.0020000022,0.0,nan,nan,nan,nan,nan,nan,nan,nan,0
33656000,33656000,0.0020000003,0.0,0.0020000003,0.0,nan,nan,nan,nan,nan,nan,nan,nan,0
33756000,33756000,0.0020000022,0.0,0.0019999985,0.0,nan,nan,nan,nan,nan,nan,nan,nan,0
33856000,33856000,0.0020000003,0.0,0.0020000003,0.0,nan,nan,nan,nan,nan,nan,nan,nan,0
33956000,33956000,0.0019999985,0.0,0.0020000003,0.0,nan,nan,nan,nan,nan,nan,nan,nan,0
34056000,34056000,0.0020000022,0.0,0.0019999985,0.0,nan,nan,nan,nan,nan,nan,nan,nan,0
34156000,34156000,0.0019999938,0.0,0.0020000034,3.7252903e-09,nan,nan,nan,nan,nan,nan,nan,nan,0
34256000,34256000,0.0019999985,0.0,0.0019999966,3.7252903e-09,nan,nan,nan,nan,nan,nan,nan,nan,0
34352000,34352000,0.0019999938,0.0,0.0020000031,3.7252903e-09,nan,nan,nan,nan,nan,nan,nan,nan,0
34456000,34456000,0.0020000003,0.0,0.0020000003,0.0,nan,nan,nan,nan,nan,nan,nan,nan,0
34556000,34556000,0.0020000003,0.0,0.0020000003,0.0,nan,nan,nan,nan,nan,nan,nan,nan,0
34656000,34656000,0.0020000003,0.0,0.0020000003,0.0,nan,nan,nan,nan,nan,nan,nan,nan,0
34756000,34756000,0.0020000003,0.0,0.0019999985,0.0,nan,nan,nan,nan,nan,nan,nan,nan,0
34856000,34856000,0.0019999966,0.0,0.002000004,0.0,nan,nan,nan,nan,nan,nan,nan,nan,0
34956000,34956000,0.0019999985,0.0,0.0020000022,0.0,nan,nan,nan,nan,nan,nan,nan,nan,0
35056000,35056000,0.0019999985,0.0,0.0020000022,0.0,nan,nan,nan,nan,nan,nan,nan,nan,0
35156000,35156000,0.0020000022,0.0,0.0019999985,0.0,nan,nan,nan,nan,nan,nan,nan,nan,0
35256000,35256000,0.0020000003,0.0,0.0020000003,0.0,nan,nan,nan,nan,nan,nan,nan,nan,0
35356000,35356000,0.001999997,0.0,0.0020000036,1.8626451e-09,nan,nan,nan,nan,nan,nan,nan,nan,0
35456000,35456000,0.001999999,0.0,0.0020000036,1.8626451e-09,nan,nan,nan,nan,nan,nan,nan,nan,0
35556000,35556000,0.0019999966,3.7252903e-09,0.0020000003,0.0,nan,nan,nan,nan,nan,nan,nan,nan,0
35656000,35656000,0.0020000003,0.0,0.0019999985,3.7252903e-09,nan,nan,nan,nan,nan,nan,nan,nan,0
35756000,35756000,0.0020000022,0.0,0.0019999985,0.0,nan,nan,nan,nan,nan,nan,nan,nan,0
35856000,35856000,0.0020000003,0.0,0.0020000003,0.0,nan,nan,nan,nan,nan,nan,nan,nan,0
35956000,35956000,0.0020000022,0.0,0.0019999985,0.0,nan,nan,nan,nan,nan,nan,nan,nan,0
36056000,36056000,0.0019999957,0.0,0.0020000034,3.7252903e-09,nan,nan,nan,nan,nan,nan,nan,nan,0
36152000,36152000,0.0019999985,0.0,0.0020000022,0.0,nan,nan,nan,nan,nan,nan,nan,nan,0
36256000,36256000,0.0019999985,0.0,0.0020000022,0.0,nan,nan,nan,nan,nan,nan,nan,nan,0
36356000,36356000,0.0020000022,0.0,0.0019999985,0.0,nan,nan,nan,nan,nan,nan,nan,nan,0
36456000,36456000,0.0019999985,0.0,0.0020000022,0.0,nan,nan,nan,nan,nan,nan,nan,nan,0
36556000,36556000,0.0019999985,0.0,0.0020000022,0.0,nan,nan,nan,nan,nan,nan,nan,nan,0
36656000,36656000,0.0019999985,0.0,0.0019999985,0.0,nan,nan,nan,nan,nan,nan,nan,nan,0
36756000,36756000,0.0020000022,0.0,0.0019999985,0.0,nan,nan,nan,nan,nan,nan,nan,nan,0
36856000,36856000,0.0020000003,0.0,0.0020000003,0.0,nan,nan,nan,nan,nan,nan,nan,nan,0
36956000,36956000,0.0020000003,0.0,0.0020000003,0.0,nan,nan,nan,nan,nan,nan,nan,nan,0
37056000,37056000,0.0020000003,0.0,0.0020000003,0.0,nan,nan,nan,nan,nan,nan,nan,nan,0
37156000,37156000,0.0019999985,0.0,0.0020000022,0.0,nan,nan,nan,nan,nan,nan,nan,nan,0
37256000,37256000,0.001999999,0.0,0.0020000036,1.8626451e-09,nan,nan,nan,nan,nan,nan,nan,nan,0
37356000,37356000,0.0020000022,0.0,0.0019999985,0.0,nan,nan,nan,nan,nan,nan,nan,nan,0
37456000,37456000,0.0020000003,0.0,0.0019999985,3.7252903e-09,nan,nan,nan,nan,nan,nan,nan,nan,0
37552000,37552000,0.0020000003,0.0,0.0020000022,0.0,nan,nan,nan,nan,nan,nan,nan,nan,0
37656000,37656000,0.0020000003,0.0,0.0020000003,0.0,nan,nan,nan,nan,nan,nan,nan,nan,0
37756000,37756000,0.002000004,0.0,0.002000004,0.0,nan,nan,nan,nan,nan,nan,nan,nan,0
37856000,37856000,0.0020000003,0.0,0.0020000003,0.0,nan,nan,nan,nan,nan,nan,nan,nan,0
37952000,37952000,0.0019999985,1.8626451e-09,0.0020000022,0.0,nan,nan,nan,nan,nan,nan,nan,nan,0
38056000,38056000,0.0019999985,0.0,0.0020000022,0.0,nan,nan,nan,nan,nan,nan,nan,nan,0
38156000,38156000,0.0019999985,0.0,0.0019999985,1.8626451e-09,nan,nan,nan,nan,nan,nan,nan,nan,0
38256000,38256000,0.0020000022,0.0,0.0019999985,0.0,nan,nan,nan,nan,nan,nan,nan,nan,0
38356000,38356000,0.0019999985,0.0,0.0020000022,0.0,nan,nan,nan,nan,nan,nan,nan,nan,0
38456000,38456000,0.0019999985,0.0,0.0019999985,0.0,nan,nan,nan,nan,nan,nan,nan,nan,0
38556000,38556000,0.0020000003,0.0,0.0020000003,0.0,nan,nan,nan,nan,nan,nan,nan,nan,0
38656000,38656000,0.0019999938,0.0,0.0020000031,3.7252903e-09,nan,nan,nan,nan,nan,nan,nan,nan,0
38756000,38756000,0.0020000003,0.0,0.0020000003,0.0,nan,nan,nan,nan,nan,nan,nan,nan,0
38856000,38856000,0.0020000003,0.0,0.0020000003,0.0,nan,nan,nan,nan,nan,nan,nan,nan,0
38956000,38956000,0.0019999966,0.0,0.0019999966,0.0,nan,nan,nan,nan,nan,nan,nan,nan,0
39056000,39056000,0.0020000022,0.0,0.0019999985,0.0,nan,nan,nan,nan,nan,nan,nan,nan,0
39156000,39156000,0.0019999985,0.0,0.0020000022,0.0,nan,nan,nan,nan,nan,nan,nan,nan,0
39256000,39256000,0.0020000022,0.0,0.0019999985,0.0,nan,nan,nan,nan,nan,nan,nan,nan,0
39356000,39356000,0.0020000003,0.0,0.0020000003,0.0,nan,nan,nan,nan,nan,nan,nan,nan,0
39456000,39456000,0.0019999985,0.0,0.0020000003,0.0,nan,nan,nan,nan,nan,nan,nan,nan,0
39556000,39556000,0.030370764,0.0,0.021245766,0.009124998,nan,nan,nan,nan,nan,nan,nan,nan,0
39656000,39656000,0.046252947,0.0,0.03844898,0.0351901,nan,nan,nan,nan,nan,nan,nan,nan,0
39756000,39756000,0.050157443,0.0,0.065993614,0.06430728,nan,nan,nan,nan,nan,nan,nan,nan,0
39856000,39856000,0.056382164,0.0,0.099377476,0.098609954,nan,nan,nan,nan,nan,nan,nan,nan,0
39956000,39956000,0.06296329,0.0035257712,0.13065426,0.1324161,nan,nan,nan,nan,nan,nan,nan,nan,0
40056000,40056000,0.085785955,0.025192067,0.15328717,0.15499967,nan,nan,nan,nan,nan,nan,nan,nan,0
40156000,40156000,0.107258976,0.047902167,0.17593385,0.17849186,nan,nan,nan,nan,nan,nan,nan,nan,0
40256000,40256000,0.13477424,0.07398746,0.20212142,0.2045002,nan,nan,nan,nan,nan,nan,nan,nan,0
40356000,40356000,0.16215114,0.09537333,0.23151313,0.23063764,nan,nan,nan,nan,nan,nan,nan,nan,0
40456000,40456000,0.19234097,0.120964855,0.26397082,0.2643717,nan,nan,nan,nan,nan,nan,nan,nan,0
40556000,40556000,0.2231654,0.14512019,0.2976723,0.2957209,nan,nan,nan,nan,nan,nan,nan,nan,0
40656000,40656000,0.25837564,0.17404981,0.33598444,0.33174822,nan,nan,nan,nan,nan,nan,nan,nan,0
40756000,40756000,0.29143667,0.20201242,0.37278795,0.36709225,nan,nan,nan,nan,nan,nan,nan,nan,0
40856000,40856000,0.33075675,0.23595688,0.41294187,0.40651202,nan,nan,nan,nan,nan,nan,nan,nan,0
40956000,40956000,0.36717537,0.26920247,0.4518626,0.44662723,nan,nan,nan,nan,nan,nan,nan,nan,0
41056000,41056000,0.40918434,0.30588004,0.496178,0.49161178,nan,nan,nan,nan,nan,nan,nan,nan,0
41156000,41156000,0.45089495,0.33910114,0.5403527,0.53495914,nan,nan,nan,nan,nan,nan,nan,nan,0
41256000,41256000,0.49817175,0.3782525,0.58899766,0.58288264,nan,nan,nan,nan,nan,nan,nan,nan,0
41356000,41356000,0.542018,0.41729555,0.6363855,0.627434,nan,nan,nan,nan,nan,nan,nan,nan,0
41456000,41456000,0.5927794,0.46060172,0.6875204,0.6805739,nan,nan,nan,nan,nan,nan,nan,nan,0
41556000,41556000,0.6406038,0.5039173,0.73729014,0.7303323,nan,nan,nan,nan,nan,nan,nan,nan,0
41656000,41656000,0.69590116,0.5552914,0.79353637,0.7808914,nan,nan,nan,nan,nan,nan,nan,nan,0
41756000,41756000,0.7140125,0.6468246,0.81599236,0.8111459,nan,nan,nan,nan,nan,nan,nan,nan,0
41856000,41856000,0.7396877,0.7711218,0.79776245,0.8074018,nan,nan,nan,nan,nan,nan,nan,nan,0
41956000,41956000,0.78859234,0.8167837,0.78989804,0.7943247,nan,nan,nan,nan,nan,nan,nan,nan,0
42056000,42056000,0.821337,0.82596123,0.7959738,0.7937101,nan,nan,nan,nan,nan,nan,nan,nan,0
42156000,42156000,0.81929916,0.8064002,0.78719527,0.77779377,nan,nan,nan,nan,nan,nan,nan,nan,0
42256000,42256000,0.77380663,0.7597033,0.74750125,0.7375271,nan,nan,nan,nan,nan,nan,nan,nan,0
42356000,42356000,0.74134195,0.7371684,0.7227723,0.719447,nan,nan,nan,nan,nan,nan,nan,nan,0
42456000,42456000,0.7237959,0.72250104,0.7105664,0.7074057,nan,nan,nan,nan,nan,nan,nan,nan,0
42556000,42556000,0.7144334,0.7125913,0.7068233,0.7041342,nan,nan,nan,nan,nan,nan,nan,nan,0
42656000,42656000,0.7100025,0.7046161,0.70545334,0.69813436,nan,nan,nan,nan,nan,nan,nan,nan,0
42756000,42756000,0.7062179,0.7002321,0.70180964,0.69681627,nan,nan,nan,nan,nan,nan,nan,nan,0
42856000,42856000,0.70431125,0.6991854,0.70141286,0.69639295,nan,nan,nan,nan,nan,nan,nan,nan,0
42956000,42956000,0.70447224,0.698689,0.7018652,0.6981335,nan,nan,nan,nan,nan,nan,nan,nan,0
43056000,43056000,0.70196486,0.6999392,0.70175815,0.6996353,nan,nan,nan,nan,nan,nan,nan,nan,0
43156000,43156000,0.70341456,0.6978869,0.7027403,0.69693214,nan,nan,nan,nan,nan,nan,nan,nan,0
43256000,43256000,0.7033338,0.6997871,0.701609,0.69940066,nan,nan,nan,nan,nan,nan,nan,nan,0
43356000,43356000,0.7042931,0.6993781,0.7042449,0.70074326,nan,nan,nan,nan,nan,nan,nan,nan,0
43456000,43456000,0.70426494,0.7008381,0.7048605,0.69863546,nan,nan,nan,nan,nan,nan,nan,nan,0
43552000,43552000,0.70373785,0.699409,0.7037184,0.69879353,nan,nan,nan,nan,nan,nan,nan,nan,0
43656000,43656000,0.70312434,0.70135766,0.7029894,0.70070344,nan,nan,nan,nan,nan,nan,nan,nan,0
43756000,43756000,0.7049598,0.7022518,0.7032131,0.7026151,nan,nan,nan,nan,nan,nan,nan,nan,0
43856000,43856000,0.7047703,0.70264244,0.7051014,0.7001561,nan,nan,nan,nan,nan,nan,nan,nan,0
43956000,43956000,0.70455515,0.7013776,0.70423067,0.7000535,nan,nan,nan,nan,nan,nan,nan,nan,0
44056000,44056000,0.7020623,0.6976363,0.7078278,0.70622075,nan,nan,nan,nan,nan,nan,nan,nan,0
44156000,44156000,0.70442045,0.7009654,0.7067243,0.7067816,nan,nan,nan,nan,nan,nan,nan,nan,0
44256000,44256000,0.7052796,0.7022995,0.70752275,0.7016089,nan,nan,nan,nan,nan,nan,nan,nan,0
44356000,44356000,0.7039503,0.70347095,0.704319,0.7012805,nan,nan,nan,nan,nan,nan,nan,nan,0
44456000,44456000,0.70706093,0.70226437,0.70468384,0.7019651,nan,nan,nan,nan,nan,nan,nan,nan,0
44552000,44552000,0.7070654,0.7055222,0.70434695,0.7032933,nan,nan,nan,nan,nan,nan,nan,nan,0
44656000,44656000,0.7058253,0.7038701,0.7079472,0.7011521,nan,nan,nan,nan,nan,nan,nan,nan,0
44756000,44756000,0.70499086,0.7027455,0.7055065,0.7019923,nan,nan,nan,nan,nan,nan,nan,nan,0
44856000,44856000,0.70599157,0.70258486,0.70549196,0.70352304,nan,nan,nan,nan,nan,nan,nan,nan,0
44952000,44952000,0.70599645,0.7058484,0.7054234,0.7054995,nan,nan,nan,nan,nan,nan,nan,nan,0
45056000,45056000,0.7084714,0.7035515,0.7096719,0.6991725,nan,nan,nan,nan,nan,nan,nan,nan,0
45156000,45156000,0.7077202,0.70280236,0.70426613,0.70230204,nan,nan,nan,nan,nan,nan,nan,nan,0
45256000,45256000,0.70569736,0.70613515,0.7046603,0.7042286,nan,nan,nan,nan,nan,nan,nan,nan,0
45356000,45356000,0.7084385,0.705353,0.7083719,0.70533025,nan,nan,nan,nan,nan,nan,nan,nan,0
45456000,45456000,0.7069818,0.7052375,0.7087921,0.7030989,nan,nan,nan,nan,nan,nan,nan,nan,0
45556000,45556000,0.70631963,0.7039926,0.7053678,0.7038261,nan,nan,nan,nan,nan,nan,nan,nan,0
45656000,45656000,0.7061472,0.70355844,0.7066651,0.70676106,nan,nan,nan,nan,nan,nan,nan,nan,0
45756000,45756000,0.70781523,0.7052755,0.7087561,0.7069458,nan,nan,nan,nan,nan,nan,nan,nan,0
45856000,45856000,0.70850164,0.704997,0.7096099,0.7026947,nan,nan,nan,nan,nan,nan,nan,nan,0
45956000,45956000,0.7064235,0.7037656,0.7065453,0.70200145,nan,nan,nan,nan,nan,nan,nan,nan,0
46056000,46056000,0.7067461,0.7039861,0.70635855,0.7051012,nan,nan,nan,nan,nan,nan,nan,nan,0
46156000,46156000,0.70901287,0.7064188,0.70721596,0.70597994,nan,nan,nan,nan,nan,nan,nan,nan,0
46256000,46256000,0.70639086,0.70610374,0.7073276,0.7057417,nan,nan,nan,nan,nan,nan,nan,nan,0
46356000,46356000,0.7077179,0.70313704,0.7070787,0.7027203,nan,nan,nan,nan,nan,nan,nan,nan,0
46456000,46456000,0.7065027,0.70552194,0.7079041,0.7041639,nan,nan,nan,nan,nan,nan,nan,nan,0
46556000,46556000,0.7084647,0.70571953,0.7089249,0.705909,nan,nan,nan,nan,nan,nan,nan,nan,0
46656000,46656000,0.7081602,0.7044417,0.7066416,0.7054866,nan,nan,nan,nan,nan,nan,nan,nan,0
46756000,46756000,0.7078154,0.70170283,0.70650285,0.70226747,nan,nan,nan,nan,nan,nan,nan,nan,0
46856000,46856000,0.7057608,0.70353717,0.7067289,0.70366436,nan,nan,nan,nan,nan,nan,nan,nan,0
46952000,46952000,0.7072355,0.70465744,0.7083792,0.7056055,nan,nan,nan,nan,nan,nan,nan,nan,0
47056000,47056000,0.70787144,0.70432085,0.70862776,0.704319,nan,nan,nan,nan,nan,nan,nan,nan,0
47156000,47156000,0.7069899,0.7034643,0.70851284,0.7041013,nan,nan,nan,nan,nan,nan,nan,nan,0
47256000,47256000,0.70791054,0.7057048,0.70832515,0.70553005,nan,nan,nan,nan,nan,nan,nan,nan,0
47356000,47356000,0.7092742,0.7071326,0.71012187,0.7068206,nan,nan,nan,nan,nan,nan,nan,nan,0
47456000,47456000,0.708151,0.70567185,0.7072137,0.7069378,nan,nan,nan,nan,nan,nan,nan,nan,0
47552000,47552000,0.7063275,0.7037468,0.7068807,0.70347553,nan,nan,nan,nan,nan,nan,nan,nan,0
47656000,47656000,0.70917207,0.7040972,0.70749426,0.7045827,nan,nan,nan,nan,nan,nan,nan,nan,0
47756000,47756000,0.7098837,0.70587784,0.7095236,0.7046702,nan,nan,nan,nan,nan,nan,nan,nan,0
47856000,47856000,0.7077154,0.70389307,0.70779485,0.70489126,nan,nan,nan,nan,nan,nan,nan,nan,0
47956000,47956000,0.7063321,0.7027807,0.7062392,0.70372427,nan,nan,nan,nan,nan,nan,nan,nan,0
48056000,48056000,0.7078017,0.7029745,0.7074944,0.7031179,nan,nan,nan,nan,nan,nan,nan,nan,0
48152000,48152000,0.70890754,0.7054476,0.7100688,0.70381784,nan,nan,nan,nan,nan,nan,nan,nan,0
48256000,48256000,0.7082076,0.70527524,0.7078111,0.7044547,nan,nan,nan,nan,nan,nan,nan,nan,0
48352000,48352000,0.7059861,0.7024392,0.70646495,0.704605,nan,nan,nan,nan,nan,nan,nan,nan,0
48456000,48456000,0.7061228,0.70300496,0.7075191,0.70167387,nan,nan,nan,nan,nan,nan,nan,nan,0
48556000,48556000,0.7053241,0.70242476,0.7065467,0.70293224,nan,nan,nan,nan,nan,nan,nan,nan,0
48656000,48656000,0.70743996,0.7035988,0.7076957,0.7045983,nan,nan,nan,nan,nan,nan,nan,nan,0
48752000,48752000,0.70984834,0.70576006,0.7091106,0.7060026,nan,nan,nan,nan,nan,nan,nan,nan,0
48856000,48856000,0.70791763,0.7055959,0.7081586,0.70593596,nan,nan,nan,nan,nan,nan,nan,nan,0
48956000,48956000,0.7075581,0.7039849,0.7070964,0.70407087,nan,nan,nan,nan,nan,nan,nan,nan,0
49056000,49056000,0.7093295,0.70554924,0.70830107,0.7044145,nan,nan,nan,nan,nan,nan,nan,nan,0
49156000,49156000,0.7099916,0.70773476,0.7094591,0.706735,nan,nan,nan,nan,nan,nan,nan,nan,0
49256000,49256000,0.7093007,0.7074123,0.70829374,0.70738953,nan,nan,nan,nan,nan,nan,nan,nan,0
49356000,49356000,0.7089508,0.7062743,0.7084596,0.7058751,nan,nan,nan,nan,nan,nan,nan,nan,0
49456000,49456000,0.70768213,0.7051257,0.70787925,0.70520157,nan,nan,nan,nan,nan,nan,nan,nan,0
49556000,49556000,0.70781654,0.70410043,0.7065481,0.7042924,nan,nan,nan,nan,nan,nan,nan,nan,0
49656000,49656000,0.7090161,0.7042358,0.70961195,0.7049758,nan,nan,nan,nan,nan,nan,nan,nan,0
49756000,49756000,0.7099696,0.705869,0.7097624,0.7074068,nan,nan,nan,nan,nan,nan,nan,nan,0
49856000,49856000,0.70912945,0.70700395,0.70882833,0.70544684,nan,nan,nan,nan,nan,nan,nan,nan,0
49952000,49952000,0.7076688,0.70549726,0.70746046,0.7051706,nan,nan,nan,nan,nan,nan,nan,nan,0
50056000,50056000,0.71026707,0.704874,0.709356,0.704389,nan,nan,nan,nan,nan,nan,nan,nan,0
50156000,50156000,0.7105426,0.70632553,0.71017534,0.70651555,nan,nan,nan,nan,nan,nan,nan,nan,0
50256000,50256000,0.707866,0.70707667,0.7080096,0.7063076,nan,nan,nan,nan,nan,nan,nan,nan,0
50356000,50356000,0.7075105,0.7034886,0.706688,0.70469064,nan,nan,nan,nan,nan,nan,nan,nan,0
50456000,50456000,0.7080585,0.7050618,0.70796627,0.7050465,nan,nan,nan,nan,nan,nan,nan,nan,0
50556000,50556000,0.709832,0.7052856,0.70993894,0.7064361,nan,nan,nan,nan,nan,nan,nan,nan,0
50656000,50656000,0.70758986,0.706737,0.70925266,0.7059643,nan,nan,nan,nan,nan,nan,nan,nan,0
50752000,50752000,0.7074278,0.7051522,0.70656157,0.7049172,nan,nan,nan,nan,nan,nan,nan,nan,0
50856000,50856000,0.7086888,0.70560217,0.70845145,0.706352,nan,nan,nan,nan,nan,nan,nan,nan,0
50956000,50956000,0.71090674,0.70619583,0.71064043,0.7068167,nan,nan,nan,nan,nan,nan,nan,nan,0
51056000,51056000,0.7103056,0.7049246,0.70967174,0.70635927,nan,nan,nan,nan,nan,nan,nan,nan,0
51156000,51156000,0.70850354,0.70499253,0.71043843,0.7035129,nan,nan,nan,nan,nan,nan,nan,nan,0
51256000,51256000,0.70847887,0.7066738,0.7087342,0.70617145,nan,nan,nan,nan,nan,nan,nan,nan,0
51356000,51356000,0.71147376,0.70720863,0.7098234,0.7068316,nan,nan,nan,nan,nan,nan,nan,nan,0
51456000,51456000,0.7092715,0.7064487,0.70840496,0.7062725,nan,nan,nan,nan,nan,nan,nan,nan,0
51556000,51556000,0.70747477,0.70509076,0.7072394,0.7043409,nan,nan,nan,nan,nan,nan,nan,nan,0
51656000,51656000,0.7079285,0.7060163,0.70796376,0.7044772,nan,nan,nan,nan,nan,nan,nan,nan,0
51756000,51756000,0.7089111,0.7060946,0.71011823,0.7058511,nan,nan,nan,nan,nan,nan,nan,nan,0
51856000,51856000,0.70810324,0.7044201,0.7069106,0.70545834,nan,nan,nan,nan,nan,nan,nan,nan,0
51956000,51956000,0.7063131,0.7029406,0.7065302,0.70247537,nan,nan,nan,nan,nan,nan,nan,nan,0
52056000,52056000,0.706115,0.7017063,0.704537,0.702679,nan,nan,nan,nan,nan,nan,nan,nan,0
52156000,52156000,0.7053217,0.7021779,0.7055915,0.70165765,nan,nan,nan,nan,nan,nan,nan,nan,0
52256000,52256000,0.7063338,0.70294803,0.70753765,0.704296,nan,nan,nan,nan,nan,nan,nan,nan,0
52352000,52352000,0.7093226,0.7053565,0.70830625,0.70528847,nan,nan,nan,nan,nan,nan,nan,nan,0
52456000,52456000,0.7083357,0.7058415,0.7095788,0.7054128,nan,nan,nan,nan,nan,nan,nan,nan,0
52556000,52556000,0.7083279,0.70547336,0.7075133,0.70457983,nan,nan,nan,nan,nan,nan,nan,nan,0
52656000,52656000,0.7069662,0.7043311,0.706329,0.70527446,nan,nan,nan,nan,nan,nan,nan,nan,0
52756000,52756000,0.7076232,0.7033573,0.706863,0.7031407,nan,nan,nan,nan,nan,nan,nan,nan,0
52856000,52856000,0.70867276,0.7043825,0.70882916,0.7046127,nan,nan,nan,nan,nan,nan,nan,nan,0
52956000,52956000,0.71012896,0.70695865,0.70935565,0.7074405,nan,nan,nan,nan,nan,nan,nan,nan,0
53056000,53056000,0.7091839,0.7064542,0.71010625,0.7068734,nan,nan,nan,nan,nan,nan,nan,nan,0
53152000,53152000,0.7083819,0.7076105,0.70818853,0.7056247,nan,nan,nan,nan,nan,nan,nan,nan,0
53256000,53256000,0.70914274,0.7075895,0.71020746,0.7068091,nan,nan,nan,nan,nan,nan,nan,nan,0
53356000,53356000,0.7107798,0.7080739,0.7111117,0.70741236,nan,nan,nan,nan,nan,nan,nan,nan,0
53452000,53452000,0.71023047,0.70775366,0.7109248,0.70499533,nan,nan,nan,nan,nan,nan,nan,nan,0
53556000,53556000,0.7074089,0.7061538,0.7075702,0.7050876,nan,nan,nan,nan,nan,nan,nan,nan,0
53656000,53656000,0.71006733,0.7051753,0.7083465,0.7059948,nan,nan,nan,nan,nan,nan,nan,nan,0
53756000,53756000,0.70927787,0.7085898,0.71023434,0.70780617,nan,nan,nan,nan,nan,nan,nan,nan,0
53856000,53856000,0.70840955,0.70681524,0.7091751,0.7067311,nan,nan,nan,nan,nan,nan,nan,nan,0
53956000,53956000,0.707556,0.7046347,0.7077818,0.70613354,nan,nan,nan,nan,nan,nan,nan,nan,0
54056000,54056000,0.7060744,0.704468,0.70765805,0.70424086,nan,nan,nan,nan,nan,nan,nan,nan,0
54156000,54156000,0.70766664,0.7023825,0.70727634,0.70333296,nan,nan,nan,nan,nan,nan,nan,nan,0
54256000,54256000,0.70853037,0.70477587,0.70807683,0.7040709,nan,nan,nan,nan,nan,nan,nan,nan,0
54356000,54356000,0.709339,0.70631003,0.71005684,0.706523,nan,nan,nan,nan,nan,nan,nan,nan,0
54456000,54456000,0.70885015,0.7058582,0.7090234,0.7056912,nan,nan,nan,nan,nan,nan,nan,nan,0
54556000,54556000,0.7068137,0.7053878,0.70830804,0.70470035,nan,nan,nan,nan,nan,nan,nan,nan,0
54656000,54656000,0.70910674,0.70396197,0.708541,0.706301,nan,nan,nan,nan,nan,nan,nan,nan,0
54756000,54756000,0.7101511,0.70715576,0.70987725,0.7057269,nan,nan,nan,nan,nan,nan,nan,nan,0
54856000,54856000,0.7092806,0.7055774,0.7104317,0.70577335,nan,nan,nan,nan,nan,nan,nan,nan,0
54956000,54956000,0.7084238,0.7046604,0.7083826,0.70595795,nan,nan,nan,nan,nan,nan,nan,nan,0
55056000,55056000,0.70727015,0.7042274,0.7080936,0.70405614,nan,nan,nan,nan,nan,nan,nan,nan,0
55156000,55156000,0.7055795,0.7035899,0.7051316,0.7043387,nan,nan,nan,nan,nan,nan,nan,nan,0
55256000,55256000,0.70706147,0.70446604,0.707427,0.70481646,nan,nan,nan,nan,nan,nan,nan,nan,0
55352000,55352000,0.7093964,0.7055191,0.7098065,0.7058947,nan,nan,nan,nan,nan,nan,nan,nan,0
55456000,55456000,0.7075404,0.70640934,0.7088832,0.7066038,nan,nan,nan,nan,nan,nan,nan,nan,0
55556000,55556000,0.708826,0.7048619,0.70787644,0.7039185,nan,nan,nan,nan,nan,nan,nan,nan,0
55656000,55656000,0.7096157,0.7055658,0.70852304,0.7058898,nan,nan,nan,nan,nan,nan,nan,nan,0
55756000,55756000,0.7098057,0.7077387,0.71052945,0.7071577,nan,nan,nan,nan,nan,nan,nan,nan,0
55856000,55856000,0.709855,0.7065003,0.70985395,0.7068465,nan,nan,nan,nan,nan,nan,nan,nan,0
55956000,55956000,0.7085424,0.7068901,0.707726,0.7048096,nan,nan,nan,nan,nan,nan,nan,nan,0
56056000,56056000,0.7091836,0.7054411,0.7093937,0.70512706,nan,nan,nan,nan,nan,nan,nan,nan,0
56156000,56156000,0.7104483,0.705615,0.7100073,0.7066022,nan,nan,nan,nan,nan,nan,nan,nan,0
56256000,56256000,0.70842516,0.7062351,0.7072359,0.70716226,nan,nan,nan,nan,nan,nan,nan,nan,0
56356000,56356000,0.7074241,0.70494765,0.7072979,0.7037866,nan,nan,nan,nan,nan,nan,nan,nan,0
56456000,56456000,0.70735365,0.70514584,0.70864326,0.70583045,nan,nan,nan,nan,nan,nan,nan,nan,0
56556000,56556000,0.71077275,0.7053505,0.7106309,0.70543134,nan,nan,nan,nan,nan,nan,nan,nan,0
56656000,56656000,0.7093219,0.7054346,0.70947284,0.7059136,nan,nan,nan,nan,nan,nan,nan,nan,0
56752000,56752000,0.7079042,0.7050923,0.7078441,0.7043945,nan,nan,nan,nan,nan,nan,nan,nan,0
56856000,56856000,0.70878345,0.7056916,0.70881206,0.70554197,nan,nan,nan,nan,nan,nan,nan,nan,0
56956000,56956000,0.70937645,0.70597327,0.71022356,0.70711124,nan,nan,nan,nan,nan,nan,nan,nan,0
57056000,57056000,0.7087163,0.70618653,0.7086108,0.70683324,nan,nan,nan,nan,nan,nan,nan,nan,0
57156000,57156000,0.7072575,0.7058337,0.7066585,0.70483744,nan,nan,nan,nan,nan,nan,nan,nan,0
57256000,57256000,0.70841265,0.7041699,0.70829964,0.7050913,nan,nan,nan,nan,nan,nan,nan,nan,0
57356000,57356000,0.7091364,0.7066166,0.70888925,0.70610654,nan,nan,nan,nan,nan,nan,nan,nan,0
57456000,57456000,0.70886064,0.70560616,0.7075945,0.70641464,nan,nan,nan,nan,nan,nan,nan,nan,0
57556000,57556000,0.70750546,0.70465344,0.70802855,0.70363075,nan,nan,nan,nan,nan,nan,nan,nan,0
57656000,57656000,0.70714325,0.7055178,0.7090009,0.7050914,nan,nan,nan,nan,nan,nan,nan,nan,0
57756000,57756000,0.7088553,0.7064596,0.709999,0.70631063,nan,nan,nan,nan,nan,nan,nan,nan,0
57856000,57856000,0.70911634,0.7063375,0.707667,0.70401114,nan,nan,nan,nan,nan,nan,nan,nan,0
57956000,57956000,0.70769185,0.70228124,0.70715696,0.7032988,nan,nan,nan,nan,nan,nan,nan,nan,0
58056000,58056000,0.7065416,0.7048232,0.70702153,0.70441,nan,nan,nan,nan,nan,nan,nan,nan,0
58156000,58156000,0.7089775,0.70591336,0.7087681,0.7061497,nan,nan,nan,nan,nan,nan,nan,nan,0
58256000,58256000,0.70641655,0.70570886,0.7081804,0.7053303,nan,nan,nan,nan,nan,nan,nan,nan,0
58356000,58356000,0.7065797,0.703308,0.70709807,0.7032848,nan,nan,nan,nan,nan,nan,nan,nan,0
58456000,58456000,0.70599794,0.70190835,0.7059043,0.70355624,nan,nan,nan,nan,nan,nan,nan,nan,0
58552000,58552000,0.7052227,0.7023181,0.7046213,0.70226455,nan,nan,nan,nan,nan,nan,nan,nan,0
58656000,58656000,0.70586485,0.7050075,0.7064541,0.70359117,nan,nan,nan,nan,nan,nan,nan,nan,0
58756000,58756000,0.70880455,0.7056126,0.70820427,0.70576227,nan,nan,nan,nan,nan,nan,nan,nan,0
58856000,58856000,0.70990604,0.70499784,0.7087756,0.70543784,nan,nan,nan,nan,nan,nan,nan,nan,0
58952000,58952000,0.7080241,0.70593446,0.7079336,0.70334226,nan,nan,nan,nan,nan,nan,nan,nan,0
59056000,59056000,0.70875496,0.7067443,0.7088819,0.7057539,nan,nan,nan,nan,nan,nan,nan,nan,0
59156000,59156000,0.71050906,0.7079836,0.71071666,0.70620865,nan,nan,nan,nan,nan,nan,nan,nan,0
59256000,59256000,0.7101282,0.70672816,0.70899546,0.70738846,nan,nan,nan,nan,nan,nan,nan,nan,0
59356000,59356000,0.7089719,0.7067109,0.7090219,0.7061509,nan,nan,nan,nan,nan,nan,nan,nan,0
59456000,59456000,0.7098165,0.7059336,0.7098541,0.7061376,nan,nan,nan,nan,nan,nan,nan,nan,0
59556000,59556000,0.71013576,0.7084829,0.7093684,0.7079466,nan,nan,nan,nan,nan,nan,nan,nan,0
59656000,59656000,0.7091826,0.7063981,0.7090964,0.7060881,nan,nan,nan,nan,nan,nan,nan,nan,0
59756000,59756000,0.70776314,0.7046493,0.70739067,0.70402366,nan,nan,nan,nan,nan,nan,nan,nan,0
59856000,59856000,0.7084229,0.7047854,0.7086557,0.70467526,nan,nan,nan,nan,nan,nan,nan,nan,0
59956000,59956000,0.70892596,0.7060441,0.70944756,0.70613045,nan,nan,nan,nan,nan,nan,nan,nan,0
60056000,60056000,0.7085832,0.70443803,0.70799714,0.70485026,nan,nan,nan,nan,nan,nan,nan,nan,0
60156000,60156000,0.7074677,0.70351505,0.7052749,0.7048343,nan,nan,nan,nan,nan,nan,nan,nan,0
60256000,60256000,0.70648634,0.7025558,0.70630914,0.7027597,nan,nan,nan,nan,nan,nan,nan,nan,0
60356000,60356000,0.70714563,0.70218676,0.70640063,0.702191,nan,nan,nan,nan,nan,nan,nan,nan,0
60456000,60456000,0.70851165,0.70540684,0.7088372,0.7042175,nan,nan,nan,nan,nan,nan,nan,nan,0
60556000,60556000,0.708668,0.70721996,0.7099305,0.70729905,nan,nan,nan,nan,nan,nan,nan,nan,0
60656000,60656000,0.70881426,0.7066462,0.7081796,0.7080319,nan,nan,nan,nan,nan,nan,nan,nan,0
60756000,60756000,0.7084981,0.70548356,0.70866865,0.70575386,nan,nan,nan,nan,nan,nan,nan,nan,0
60856000,60856000,0.70880556,0.7059883,0.7102563,0.70607275,nan,nan,nan,nan,nan,nan,nan,nan,0
60956000,60956000,0.71015596,0.7078132,0.7111303,0.7064649,nan,nan,nan,nan,nan,nan,nan,nan,0
61056000,61056000,0.7101989,0.70821595,0.7112222,0.70650196,nan,nan,nan,nan,nan,nan,nan,nan,0
61156000,61156000,0.7101329,0.7062423,0.70911807,0.7077625,nan,nan,nan,nan,nan,nan,nan,nan,0
61256000,61256000,0.7103732,0.7069731,0.7099024,0.7067488,nan,nan,nan,nan,nan,nan,nan,nan,0
61352000,61352000,0.71141154,0.70798755,0.7103766,0.7072275,nan,nan,nan,nan,nan,nan,nan,nan,0
61456000,61456000,0.710735,0.7071143,0.7098572,0.7071531,nan,nan,nan,nan,nan,nan,nan,nan,0
61556000,61556000,0.7094937,0.70640945,0.709423,0.7061691,nan,nan,nan,nan,nan,nan,nan,nan,0
61656000,61656000,0.7102998,0.7068525,0.7112303,0.70647085,nan,nan,nan,nan,nan,nan,nan,nan,0
61756000,61756000,0.7112512,0.7071986,0.7111147,0.70728564,nan,nan,nan,nan,nan,nan,nan,nan,0
61856000,61856000,0.70962274,0.7064544,0.7099063,0.70696336,nan,nan,nan,nan,nan,nan,nan,nan,0
61956000,61956000,0.709313,0.7045427,0.7084343,0.70559186,nan,nan,nan,nan,nan,nan,nan,nan,0
62056000,62056000,0.7077301,0.7056488,0.7092973,0.70621127,nan,nan,nan,nan,nan,nan,nan,nan,0
62156000,62156000,0.70947796,0.7081703,0.70860136,0.70615476,nan,nan,nan,nan,nan,nan,nan,nan,0
62256000,62256000,0.70862126,0.7053941,0.7076738,0.7069592,nan,nan,nan,nan,nan,nan,nan,nan,0
62356000,62356000,0.70761526,0.70474726,0.7079571,0.7042427,nan,nan,nan,nan,nan,nan,nan,nan,0
62456000,62456000,0.7068189,0.70640945,0.7091633,0.7039209,nan,nan,nan,nan,nan,nan,nan,nan,0
62556000,62556000,0.7079152,0.70682245,0.709695,0.7057535,nan,nan,nan,nan,nan,nan,nan,nan,0
62656000,62656000,0.7093827,0.7053312,0.70910054,0.7049469,nan,nan,nan,nan,nan,nan,nan,nan,0
62752000,62752000,0.7079754,0.7052822,0.7075107,0.7053952,nan,nan,nan,nan,nan,nan,nan,nan,0
62856000,62856000,0.7092812,0.7058258,0.70850646,0.7054206,nan,nan,nan,nan,nan,nan,nan,nan,0
62956000,62956000,0.70954245,0.7057992,0.7096554,0.70576435,nan,nan,nan,nan,nan,nan,nan,nan,0
63056000,63056000,0.70985335,0.705277,0.70692176,0.70616037,nan,nan,nan,nan,nan,nan,nan,nan,0
63152000,63152000,0.7075406,0.7048835,0.7069815,0.7055997,nan,nan,nan,nan,nan,nan,nan,nan,0
63256000,63256000,0.7075301,0.70597297,0.70900375,0.7051938,nan,nan,nan,nan,nan,nan,nan,nan,0
63356000,63356000,0.7095424,0.7076963,0.708219,0.70531374,nan,nan,nan,nan,nan,nan,nan,nan,0
63456000,63456000,0.70900095,0.7052973,0.70800847,0.705726,nan,nan,nan,nan,nan,nan,nan,nan,0
63556000,63556000,0.7085319,0.70314354,0.70794004,0.7053624,nan,nan,nan,nan,nan,nan,nan,nan,0
63656000,63656000,0.70901394,0.7059033,0.70836705,0.7053917,nan,nan,nan,nan,nan,nan,nan,nan,0
63756000,63756000,0.70993805,0.70584977,0.71008193,0.7051747,nan,nan,nan,nan,nan,nan,nan,nan,0
63856000,63856000,0.7100248,0.70355546,0.70914185,0.7056368,nan,nan,nan,nan,nan,nan,nan,nan,0
63956000,63956000,0.7068041,0.70413876,0.70780426,0.70427597,nan,nan,nan,nan,nan,nan,nan,nan,0
64056000,64056000,0.70801604,0.7045305,0.70847064,0.70427686,nan,nan,nan,nan,nan,nan,nan,nan,0
64156000,64156000,0.7088726,0.705292,0.70818037,0.70575523,nan,nan,nan,nan,nan,nan,nan,nan,0
64256000,64256000,0.70888245,0.7046986,0.70869285,0.70386505,nan,nan,nan,nan,nan,nan,nan,nan,0
64352000,64352000,0.7071358,0.7041665,0.70687205,0.705014,nan,nan,nan,nan,nan,nan,nan,nan,0
64456000,64456000,0.7081042,0.7053488,0.7086517,0.70432204,nan,nan,nan,nan,nan,nan,nan,nan,0
64556000,64556000,0.7092338,0.706277,0.7097757,0.70546347,nan,nan,nan,nan,nan,nan,nan,nan,0
64656000,64656000,0.70828843,0.7058099,0.70828223,0.7058262,nan,nan,nan,nan,nan,nan,nan,nan,0
64756000,64756000,0.7080571,0.70299923,0.7065439,0.7057993,nan,nan,nan,nan,nan,nan,nan,nan,0
64856000,64856000,0.7079124,0.7039993,0.7075932,0.70479757,nan,nan,nan,nan,nan,nan,nan,nan,0
64956000,64956000,0.7075042,0.7062315,0.70870507,0.70563084,nan,nan,nan,nan,nan,nan,nan,nan,0
65056000,65056000,0.7078731,0.70509785,0.7086081,0.7055527,nan,nan,nan,nan,nan,nan,nan,nan,0
65156000,65156000,0.70837986,0.7042347,0.7067356,0.70429516,nan,nan,nan,nan,nan,nan,nan,nan,0
65256000,65256000,0.70935,0.7040318,0.70918345,0.70407724,nan,nan,nan,nan,nan,nan,nan,nan,0
65356000,65356000,0.70844716,0.70644546,0.7100101,0.7057617,nan,nan,nan,nan,nan,nan,nan,nan,0
65452000,65452000,0.7097755,0.70480406,0.70888567,0.7062486,nan,nan,nan,nan,nan,nan,nan,nan,0
65556000,65556000,0.70761895,0.70477855,0.7083801,0.704834,nan,nan,nan,nan,nan,nan,nan,nan,0
65656000,65656000,0.7078346,0.70463336,0.71002764,0.7051314,nan,nan,nan,nan,nan,nan,nan,nan,0
65756000,65756000,0.7082594,0.7068897,0.70781034,0.70707697,nan,nan,nan,nan,nan,nan,nan,nan,0
65856000,65856000,0.70994765,0.70584786,0.70798624,0.7057585,nan,nan,nan,nan,nan,nan,nan,nan,0
65956000,65956000,0.70805144,0.70550895,0.7084059,0.7057248,nan,nan,nan,nan,nan,nan,nan,nan,0
66056000,66056000,0.7088942,0.706016,0.7092563,0.7044165,nan,nan,nan,nan,nan,nan,nan,nan,0
66156000,66156000,0.70840675,0.70662403,0.7090227,0.7071264,nan,nan,nan,nan,nan,nan,nan,nan,0
66256000,66256000,0.7097875,0.7044659,0.7083421,0.7046965,nan,nan,nan,nan,nan,nan,nan,nan,0
66356000,66356000,0.7063327,0.7050697,0.70752746,0.7035911,nan,nan,nan,nan,nan,nan,nan,nan,0
66456000,66456000,0.7067155,0.7060346,0.7069229,0.70457506,nan,nan,nan,nan,nan,nan,nan,nan,0
66556000,66556000,0.7080011,0.7061785,0.70905095,0.70573634,nan,nan,nan,nan,nan,nan,nan,nan,0
66656000,66656000,0.7096248,0.70430166,0.70817804,0.7058598,nan,nan,nan,nan,nan,nan,nan,nan,0
66756000,66756000,0.7069579,0.70431495,0.707362,0.703684,nan,nan,nan,nan,nan,nan,nan,nan,0
66856000,66856000,0.7057788,0.7064575,0.70798427,0.7042457,nan,nan,nan,nan,nan,nan,nan,nan,0
66956000,66956000,0.7080905,0.70657426,0.7084055,0.70628834,nan,nan,nan,nan,nan,nan,nan,nan,0
67056000,67056000,0.7082694,0.70552367,0.70844793,0.7060435,nan,nan,nan,nan,nan,nan,nan,nan,0
67156000,67156000,0.70815086,0.7048572,0.70934266,0.7047703,nan,nan,nan,nan,nan,nan,nan,nan,0
67256000,67256000,0.708005,0.70564353,0.70925605,0.7057242,nan,nan,nan,nan,nan,nan,nan,nan,0
67356000,67356000,0.70992863,0.7060838,0.7106586,0.7049969,nan,nan,nan,nan,nan,nan,nan,nan,0
67456000,67456000,0.70875937,0.7050729,0.7071608,0.7068192,nan,nan,nan,nan,nan,nan,nan,nan,0
67556000,67556000,0.70909125,0.70492834,0.7076308,0.70407563,nan,nan,nan,nan,nan,nan,nan,nan,0
67656000,67656000,0.70976907,0.7041838,0.70876974,0.7045622,nan,nan,nan,nan,nan,nan,nan,nan,0
67756000,67756000,0.70859814,0.7064304,0.7096407,0.7055181,nan,nan,nan,nan,nan,nan,nan,nan,0
67856000,67856000,0.70996815,0.7067118,0.70912665,0.70556253,nan,nan,nan,nan,nan,nan,nan,nan,0
67956000,67956000,0.70939267,0.70629674,0.70886266,0.7059185,nan,nan,nan,nan,nan,nan,nan,nan,0
68056000,68056000,0.7094976,0.7073888,0.70845246,0.70730823,nan,nan,nan,nan,nan,nan,nan,nan,0
68156000,68156000,0.71012104,0.7059972,0.7097563,0.7077891,nan,nan,nan,nan,nan,nan,nan,nan,0
68256000,68256000,0.7082425,0.7062909,0.70880806,0.70605505,nan,nan,nan,nan,nan,nan,nan,nan,0
68356000,68356000,0.7070769,0.70412874,0.7066374,0.705438,nan,nan,nan,nan,nan,nan,nan,nan,0
68456000,68456000,0.7068023,0.70544165,0.7068614,0.7046058,nan,nan,nan,nan,nan,nan,nan,nan,0
68556000,68556000,0.7074076,0.7044828,0.7086824,0.70435214,nan,nan,nan,nan,nan,nan,nan,nan,0
68656000,68656000,0.7078101,0.70494723,0.70649135,0.70564336,nan,nan,nan,nan,nan,nan,nan,nan,0
68756000,68756000,0.7068465,0.70486736,0.70739937,0.7055838,nan,nan,nan,nan,nan,nan,nan,nan,0
68856000,68856000,0.70735604,0.7060359,0.70785964,0.7053454,nan,nan,nan,nan,nan,nan,nan,nan,0
68956000,68956000,0.70845747,0.70606583,0.710329,0.70496047,nan,nan,nan,nan,nan,nan,nan,nan,0
69056000,69056000,0.7092663,0.70492625,0.70877385,0.70573246,nan,nan,nan,nan,nan,nan,nan,nan,0
69156000,69156000,0.7078753,0.7053794,0.7086712,0.7046124,nan,nan,nan,nan,nan,nan,nan,nan,0
69256000,69256000,0.7084622,0.70423514,0.7086866,0.7054894,nan,nan,nan,nan,nan,nan,nan,nan,0
69356000,69356000,0.70824414,0.70574486,0.70865154,0.70587236,nan,nan,nan,nan,nan,nan,nan,nan,0
69456000,69456000,0.70769536,0.706001,0.708465,0.7057579,nan,nan,nan,nan,nan,nan,nan,nan,0
69556000,69556000,0.7075489,0.7067564,0.7077078,0.7060806,nan,nan,nan,nan,nan,nan,nan,nan,0
69656000,69656000,0.7083706,0.7051762,0.7091391,0.70588565,nan,nan,nan,nan,nan,nan,nan,nan,0
69756000,69756000,0.70932883,0.7057404,0.7102862,0.7053185,nan,nan,nan,nan,nan,nan,nan,nan,0
69856000,69856000,0.71065754,0.70641136,0.7094728,0.70654076,nan,nan,nan,nan,nan,nan,nan,nan,0
69956000,69956000,0.7113036,0.70762515,0.7104529,0.70715,nan,nan,nan,nan,nan,nan,nan,nan,0
70056000,70056000,0.7113997,0.7077764,0.7114353,0.70587707,nan,nan,nan,nan,nan,nan,nan,nan,0
70156000,70156000,0.7109,0.70756847,0.71108216,0.7071317,nan,nan,nan,nan,nan,nan,nan,nan,0
70256000,70256000,0.70965683,0.7070371,0.7099162,0.70777625,nan,nan,nan,nan,nan,nan,nan,nan,0
70356000,70356000,0.70944464,0.70725703,0.7093185,0.7070768,nan,nan,nan,nan,nan,nan,nan,nan,0
70456000,70456000,0.7095547,0.7062723,0.71000284,0.7068671,nan,nan,nan,nan,nan,nan,nan,nan,0
70556000,70556000,0.708851,0.7077329,0.7110951,0.70676196,nan,nan,nan,nan,nan,nan,nan,nan,0
70656000,70656000,0.7081431,0.70781225,0.7091539,0.70737094,nan,nan,nan,nan,nan,nan,nan,nan,0
70756000,70756000,0.7099207,0.7047581,0.71085805,0.70408446,nan,nan,nan,nan,nan,nan,nan,nan,0
70856000,70856000,0.7090708,0.7057048,0.7082798,0.7052079,nan,nan,nan,nan,nan,nan,nan,nan,0
70956000,70956000,0.7085158,0.7054214,0.70944095,0.705649,nan,nan,nan,nan,nan,nan,nan,nan,0
71056000,71056000,0.7090327,0.7063166,0.70891786,0.7055728,nan,nan,nan,nan,nan,nan,nan,nan,0
71156000,71156000,0.70862246,0.706261,0.70880586,0.7061268,nan,nan,nan,nan,nan,nan,nan,nan,0
71256000,71256000,0.7096649,0.7059672,0.70998377,0.705642,nan,nan,nan,nan,nan,nan,nan,nan,0
71356000,71356000,0.7099681,0.7055088,0.70879567,0.7061808,nan,nan,nan,nan,nan,nan,nan,nan,0
71456000,71456000,0.70902354,0.7065511,0.71088934,0.70563024,nan,nan,nan,nan,nan,nan,nan,nan,0
71556000,71556000,0.7086391,0.70761776,0.7101219,0.70684767,nan,nan,nan,nan,nan,nan,nan,nan,0
71656000,71656000,0.70965016,0.70726347,0.70983064,0.7069926,nan,nan,nan,nan,nan,nan,nan,nan,0
71752000,71752000,0.7105209,0.7064278,0.7106613,0.70725864,nan,nan,nan,nan,nan,nan,nan,nan,0
71852000,71852000,0.7105973,0.7066314,0.7106099,0.7070699,nan,nan,nan,nan,nan,nan,nan,nan,0
71956000,71956000,0.7084451,0.7080624,0.7102951,0.7076758,nan,nan,nan,nan,nan,nan,nan,nan,0
72056000,72056000,0.71054703,0.70598334,0.7097923,0.7068775,nan,nan,nan,nan,nan,nan,nan,nan,0
72156000,72156000,0.7094137,0.70637655,0.7085361,0.7070743,nan,nan,nan,nan,nan,nan,nan,nan,0
72256000,72256000,0.7087369,0.7074832,0.70966417,0.7066799,nan,nan,nan,nan,nan,nan,nan,nan,0
72356000,72356000,0.7091255,0.7072353,0.7092264,0.70796347,nan,nan,nan,nan,nan,nan,nan,nan,0
72456000,72456000,0.7096727,0.7057212,0.70894873,0.7079616,nan,nan,nan,nan,nan,nan,nan,nan,0
72556000,72556000,0.71059006,0.70467484,0.7088695,0.70563614,nan,nan,nan,nan,nan,nan,nan,nan,0
72656000,72656000,0.7088432,0.70632464,0.7068487,0.70710343,nan,nan,nan,nan,nan,nan,nan,nan,0
72756000,72756000,0.7093268,0.70642644,0.70987135,0.7055827,nan,nan,nan,nan,nan,nan,nan,nan,0
72856000,72856000,0.7091792,0.7055281,0.70897686,0.70671535,nan,nan,nan,nan,nan,nan,nan,nan,0
72952000,72952000,0.70776623,0.70645165,0.70757616,0.70683974,nan,nan,nan,nan,nan,nan,nan,nan,0
73056000,73056000,0.70742744,0.7048252,0.7083298,0.7053286,nan,nan,nan,nan,nan,nan,nan,nan,0
73156000,73156000,0.70715123,0.70514876,0.70834595,0.7044504,nan,nan,nan,nan,nan,nan,nan,nan,0
73256000,73256000,0.7083617,0.70371264,0.70814747,0.70476085,nan,nan,nan,nan,nan,nan,nan,nan,0
73356000,73356000,0.70630276,0.7049872,0.7072501,0.7059795,nan,nan,nan,nan,nan,nan,nan,nan,0
73456000,73456000,0.70842826,0.7054505,0.70859677,0.70555604,nan,nan,nan,nan,nan,nan,nan,nan,0
73556000,73556000,0.71009433,0.7060079,0.7092658,0.70535046,nan,nan,nan,nan,nan,nan,nan,nan,0
73656000,73656000,0.7100844,0.70454735,0.7105113,0.70485187,nan,nan,nan,nan,nan,nan,nan,nan,0
73756000,73756000,0.7091102,0.7056245,0.70810896,0.70478946,nan,nan,nan,nan,nan,nan,nan,nan,0
73856000,73856000,0.707418,0.7052913,0.70802546,0.70667166,nan,nan,nan,nan,nan,nan,nan,nan,0
73956000,73956000,0.7089114,0.70581067,0.7092052,0.705334,nan,nan,nan,nan,nan,nan,nan,nan,0
74056000,74056000,0.709335,0.7045506,0.7093599,0.70592874,nan,nan,nan,nan,nan,nan,nan,nan,0
74156000,74156000,0.70905876,0.7049507,0.7085127,0.70561117,nan,nan,nan,nan,nan,nan,nan,nan,0
74256000,74256000,0.7084704,0.7061166,0.70801216,0.7049033,nan,nan,nan,nan,nan,nan,nan,nan,0
74356000,74356000,0.70693344,0.70647055,0.70865595,0.7047266,nan,nan,nan,nan,nan,nan,nan,nan,0
74456000,74456000,0.70928377,0.70548433,0.70915353,0.7055173,nan,nan,nan,nan,nan,nan,nan,nan,0
74556000,74556000,0.71030843,0.7068048,0.70938104,0.7067305,nan,nan,nan,nan,nan,nan,nan,nan,0
74656000,74656000,0.71011186,0.70766497,0.71006167,0.7062217,nan,nan,nan,nan,nan,nan,nan,nan,0
74756000,74756000,0.70944947,0.707998,0.7099783,0.7074782,nan,nan,nan,nan,nan,nan,nan,nan,0
74856000,74856000,0.7090049,0.7068472,0.7104835,0.70619017,nan,nan,nan,nan,nan,nan,nan,nan,0
74956000,74956000,0.708516,0.7057703,0.70896125,0.70553213,nan,nan,nan,nan,nan,nan,nan,nan,0
75056000,75056000,0.7087496,0.7067347,0.7099556,0.7053373,nan,nan,nan,nan,nan,nan,nan,nan,0
75156000,75156000,0.70928323,0.7068477,0.7093265,0.70541936,nan,nan,nan,nan,nan,nan,nan,nan,0
75256000,75256000,0.7089879,0.70658785,0.70918375,0.70636886,nan,nan,nan,nan,nan,nan,nan,nan,0
75356000,75356000,0.71027404,0.70660347,0.7099253,0.706061,nan,nan,nan,nan,nan,nan,nan,nan,0
75456000,75456000,0.7098726,0.70701945,0.7089808,0.7054384,nan,nan,nan,nan,nan,nan,nan,nan,0
75556000,75556000,0.70952445,0.7057954,0.708713,0.7053181,nan,nan,nan,nan,nan,nan,nan,nan,0
75656000,75656000,0.7073986,0.70543367,0.70846796,0.7054386,nan,nan,nan,nan,nan,nan,nan,nan,0
75756000,75756000,0.70755506,0.7055731,0.7075426,0.705813,nan,nan,nan,nan,nan,nan,nan,nan,0
75856000,75856000,0.70702064,0.70504063,0.70770264,0.70566887,nan,nan,nan,nan,nan,nan,nan,nan,0
75956000,75956000,0.7076379,0.70484537,0.70706725,0.7049739,nan,nan,nan,nan,nan,nan,nan,nan,0
76056000,76056000,0.7076162,0.7038982,0.70696133,0.70547336,nan,nan,nan,nan,nan,nan,nan,nan,0
76156000,76156000,0.70759726,0.7049314,0.70840937,0.7044185,nan,nan,nan,nan,nan,nan,nan,nan,0
76256000,76256000,0.70752454,0.7041712,0.70809877,0.705222,nan,nan,nan,nan,nan,nan,nan,nan,0
76356000,76356000,0.7067412,0.70723945,0.707577,0.7048028,nan,nan,nan,nan,nan,nan,nan,nan,0
76452000,76452000,0.7084319,0.7052187,0.7083946,0.7050494,nan,nan,nan,nan,nan,nan,nan,nan,0
76556000,76556000,0.70916915,0.7055654,0.70907974,0.70634085,nan,nan,nan,nan,nan,nan,nan,nan,0
76656000,76656000,0.7097623,0.7058668,0.7088193,0.706092,nan,nan,nan,nan,nan,nan,nan,nan,0
76756000,76756000,0.70841205,0.7061656,0.71000326,0.7057373,nan,nan,nan,nan,nan,nan,nan,nan,0
76856000,76856000,0.7098501,0.7060272,0.7094251,0.70555776,nan,nan,nan,nan,nan,nan,nan,nan,0
76956000,76956000,0.7093673,0.7060191,0.7085126,0.7072146,nan,nan,nan,nan,nan,nan,nan,nan,0
77056000,77056000,0.70897317,0.70643026,0.708995,0.7068344,nan,nan,nan,nan,nan,nan,nan,nan,0
77152000,77152000,0.7104774,0.7070844,0.70872533,0.7064989,nan,nan,nan,nan,nan,nan,nan,nan,0
77256000,77256000,0.708454,0.706402,0.70808667,0.70844007,nan,nan,nan,nan,nan,nan,nan,nan,0
77356000,77356000,0.7076188,0.70754987,0.7074912,0.707532,nan,nan,nan,nan,nan,nan,nan,nan,0
77456000,77456000,0.7096282,0.705226,0.7095803,0.7059192,nan,nan,nan,nan,nan,nan,nan,nan,0
77556000,77556000,0.710931,0.7058528,0.7091402,0.7055379,nan,nan,nan,nan,nan,nan,nan,nan,0
77656000,77656000,0.70977753,0.70642644,0.709671,0.7059338,nan,nan,nan,nan,nan,nan,nan,nan,0
77756000,77756000,0.7091407,0.70546937,0.7095652,0.70681405,nan,nan,nan,nan,nan,nan,nan,nan,0
77856000,77856000,0.7109607,0.7054722,0.71008825,0.7053852,nan,nan,nan,nan,nan,nan,nan,nan,0
77956000,77956000,0.7089475,0.70696163,0.70903575,0.70688874,nan,nan,nan,nan,nan,nan,nan,nan,0
78056000,78056000,0.70841146,0.707426,0.7086368,0.707037,nan,nan,nan,nan,nan,nan,nan,nan,0
78156000,78156000,0.71055704,0.7050513,0.71011466,0.7049979,nan,nan,nan,nan,nan,nan,nan,nan,0
78256000,78256000,0.709771,0.7062214,0.71168756,0.70572746,nan,nan,nan,nan,nan,nan,nan,nan,0
78352000,78352000,0.7108483,0.70746475,0.70897907,0.7071305,nan,nan,nan,nan,nan,nan,nan,nan,0
78452000,78452000,0.7112575,0.7056385,0.7093922,0.7080893,nan,nan,nan,nan,nan,nan,nan,nan,0
78556000,78556000,0.70995116,0.7066001,0.7097441,0.7070932,nan,nan,nan,nan,nan,nan,nan,nan,0
78656000,78656000,0.70978695,0.7075606,0.71030927,0.7060989,nan,nan,nan,nan,nan,nan,nan,nan,0
78756000,78756000,0.7093404,0.70723486,0.70913005,0.70685667,nan,nan,nan,nan,nan,nan,nan,nan,0
78856000,78856000,0.70941305,0.70640504,0.70835334,0.70754534,nan,nan,nan,nan,nan,nan,nan,nan,0
78952000,78952000,0.7096843,0.70571715,0.7091386,0.7067109,nan,nan,nan,nan,nan,nan,nan,nan,0
79056000,79056000,0.7093336,0.7057213,0.710283,0.70504135,nan,nan,nan,nan,nan,nan,nan,nan,0
79156000,79156000,0.70839703,0.7058538,0.7093711,0.7053869,nan,nan,nan,nan,nan,nan,nan,nan,0
79256000,79256000,0.7084703,0.7057681,0.70815253,0.7060042,nan,nan,nan,nan,nan,nan,nan,nan,0
79356000,79356000,0.70970625,0.70398617,0.7096577,0.704278,nan,nan,nan,nan,nan,nan,nan,nan,0
79456000,79456000,0.7076385,0.70506823,0.708043,0.70341706,nan,nan,nan,nan,nan,nan,nan,nan,0
79556000,79556000,0.70636576,0.7048786,0.70662665,0.704406,nan,nan,nan,nan,nan,nan,nan,nan,0
79652000,79652000,0.707045,0.7051522,0.70631546,0.7046518,nan,nan,nan,nan,nan,nan,nan,nan,0
79756000,79756000,0.70863825,0.7024368,0.70832974,0.7043767,nan,nan,nan,nan,nan,nan,nan,nan,0
79856000,79856000,0.7076808,0.7060005,0.7083422,0.70497805,nan,nan,nan,nan,nan,nan,nan,nan,0
79956000,79956000,0.7082398,0.7067459,0.7082295,0.7058289,nan,nan,nan,nan,nan,nan,nan,nan,0
80056000,80056000,0.70990574,0.70652056,0.7078733,0.70578283,nan,nan,nan,nan,nan,nan,nan,nan,0
80156000,80156000,0.70986426,0.7052196,0.7090678,0.70693064,nan,nan,nan,nan,nan,nan,nan,nan,0
80256000,80256000,0.7082602,0.70650774,0.7091024,0.70634085,nan,nan,nan,nan,nan,nan,nan,nan,0
80356000,80356000,0.7095013,0.7055137,0.70954573,0.7052203,nan,nan,nan,nan,nan,nan,nan,nan,0
80456000,80456000,0.7091787,0.7050869,0.7081272,0.708326,nan,nan,nan,nan,nan,nan,nan,nan,0
80556000,80556000,0.70896816,0.70697254,0.7091427,0.70591503,nan,nan,nan,nan,nan,nan,nan,nan,0
80656000,80656000,0.7080242,0.7070097,0.70873505,0.7054676,nan,nan,nan,nan,nan,nan,nan,nan,0
80756000,80756000,0.70744926,0.7062935,0.70880073,0.70525676,nan,nan,nan,nan,nan,nan,nan,nan,0
80856000,80856000,0.7091589,0.7048986,0.7083595,0.70568156,nan,nan,nan,nan,nan,nan,nan,nan,0
80956000,80956000,0.7088032,0.7043814,0.7090804,0.70572984,nan,nan,nan,nan,nan,nan,nan,nan,0
81056000,81056000,0.70724916,0.70745146,0.70909107,0.70484066,nan,nan,nan,nan,nan,nan,nan,nan,0
81156000,81156000,0.7083007,0.7064357,0.70907694,0.7055338,nan,nan,nan,nan,nan,nan,nan,nan,0
81256000,81256000,0.7089094,0.706496,0.7080487,0.7064259,nan,nan,nan,nan,nan,nan,nan,nan,0
81356000,81356000,0.7094695,0.7060018,0.70995206,0.7053972,nan,nan,nan,nan,nan,nan,nan,nan,0
81456000,81456000,0.70906425,0.7064336,0.7093733,0.7057537,nan,nan,nan,nan,nan,nan,nan,nan,0
81552000,81552000,0.7090079,0.70450664,0.7102262,0.70496243,nan,nan,nan,nan,nan,nan,nan,nan,0
81656000,81656000,0.7087209,0.70570976,0.70874137,0.70537424,nan,nan,nan,nan,nan,nan,nan,nan,0
81756000,81756000,0.7106617,0.70476323,0.70906943,0.70607394,nan,nan,nan,nan,nan,nan,nan,nan,0
81856000,81856000,0.7088843,0.70589113,0.7090827,0.70612746,nan,nan,nan,nan,nan,nan,nan,nan,0
81956000,81956000,0.70852053,0.7057384,0.70975405,0.7052528,nan,nan,nan,nan,nan,nan,nan,nan,0
82056000,82056000,0.7085299,0.704997,0.70919925,0.70647794,nan,nan,nan,nan,nan,nan,nan,nan,0
82156000,82156000,0.7093152,0.7063888,0.70946103,0.7057221,nan,nan,nan,nan,nan,nan,nan,nan,0
82252000,82252000,0.7085071,0.7046574,0.7093073,0.7045171,nan,nan,nan,nan,nan,nan,nan,nan,0
82356000,82356000,0.70747596,0.7035326,0.70744497,0.70317674,nan,nan,nan,nan,nan,nan,nan,nan,0
82456000,82456000,0.7077138,0.7049911,0.7059004,0.7039205,nan,nan,nan,nan,nan,nan,nan,nan,0
82556000,82556000,0.7079255,0.7039296,0.70961887,0.7038894,nan,nan,nan,nan,nan,nan,nan,nan,0
82652000,82652000,0.70703834,0.7047068,0.70766425,0.7050485,nan,nan,nan,nan,nan,nan,nan,nan,0
82756000,82756000,0.7072737,0.70475465,0.70817316,0.70402676,nan,nan,nan,nan,nan,nan,nan,nan,0
82856000,82856000,0.7084038,0.7047412,0.70803833,0.7045627,nan,nan,nan,nan,nan,nan,nan,nan,0
82956000,82956000,0.7104289,0.7037579,0.7096299,0.7051566,nan,nan,nan,nan,nan,nan,nan,nan,0
83056000,83056000,0.7091985,0.7060561,0.70964175,0.705218,nan,nan,nan,nan,nan,nan,nan,nan,0
83156000,83156000,0.7077797,0.7066639,0.70834196,0.70613146,nan,nan,nan,nan,nan,nan,nan,nan,0
83256000,83256000,0.7089555,0.70671725,0.7088644,0.70488983,nan,nan,nan,nan,nan,nan,nan,nan,0
83356000,83356000,0.70858884,0.70636207,0.7087156,0.70627785,nan,nan,nan,nan,nan,nan,nan,nan,0
83456000,83456000,0.7094137,0.70570874,0.70919245,0.70602286,nan,nan,nan,nan,nan,nan,nan,nan,0
83556000,83556000,0.7089683,0.7054683,0.7093037,0.70509285,nan,nan,nan,nan,nan,nan,nan,nan,0
83656000,83656000,0.70898885,0.7063582,0.7086594,0.70737463,nan,nan,nan,nan,nan,nan,nan,nan,0
83756000,83756000,0.7103141,0.7060719,0.7099402,0.7064816,nan,nan,nan,nan,nan,nan,nan,nan,0
83856000,83856000,0.7090009,0.7064124,0.7090632,0.70560026,nan,nan,nan,nan,nan,nan,nan,nan,0
83956000,83956000,0.70809966,0.7050711,0.7080431,0.7049826,nan,nan,nan,nan,nan,nan,nan,nan,0
84056000,84056000,0.70839095,0.7057315,0.7102065,0.70365584,nan,nan,nan,nan,nan,nan,nan,nan,0
84156000,84156000,0.70988804,0.70541716,0.7097074,0.7054141,nan,nan,nan,nan,nan,nan,nan,nan,0
84256000,84256000,0.7090363,0.7058102,0.7091192,0.70553666,nan,nan,nan,nan,nan,nan,nan,nan,0
84356000,84356000,0.70826316,0.7066642,0.708295,0.7059026,nan,nan,nan,nan,nan,nan,nan,nan,0
84456000,84456000,0.7089445,0.7059445,0.70829594,0.7067938,nan,nan,nan,nan,nan,nan,nan,nan,0
84556000,84556000,0.7084919,0.70736194,0.7088369,0.70624804,nan,nan,nan,nan,nan,nan,nan,nan,0
84656000,84656000,0.70913666,0.70595634,0.7088474,0.70689064,nan,nan,nan,nan,nan,nan,nan,nan,0
84756000,84756000,0.70813406,0.7066518,0.70877117,0.70625,nan,nan,nan,nan,nan,nan,nan,nan,0
84856000,84856000,0.7085949,0.7051817,0.7081406,0.706125,nan,nan,nan,nan,nan,nan,nan,nan,0
84952000,84952000,0.70749235,0.7061473,0.70725274,0.7053529,nan,nan,nan,nan,nan,nan,nan,nan,0
85056000,85056000,0.70745915,0.70565444,0.7074497,0.70550275,nan,nan,nan,nan,nan,nan,nan,nan,0
85156000,85156000,0.7093959,0.70681286,0.709313,0.70403546,nan,nan,nan,nan,nan,nan,nan,nan,0
85256000,85256000,0.7084895,0.7044749,0.70901287,0.7050174,nan,nan,nan,nan,nan,nan,nan,nan,0
85356000,85356000,0.707259,0.7052742,0.7072623,0.7050012,nan,nan,nan,nan,nan,nan,nan,nan,0
85456000,85456000,0.70667666,0.703553,0.7075647,0.7042433,nan,nan,nan,nan,nan,nan,nan,nan,0
85556000,85556000,0.70653003,0.70445246,0.7070058,0.7042027,nan,nan,nan,nan,nan,nan,nan,nan,0
85656000,85656000,0.7072061,0.705835,0.7070694,0.704963,nan,nan,nan,nan,nan,nan,nan,nan,0
85756000,85756000,0.7088584,0.70548975,0.7080603,0.7063176,nan,nan,nan,nan,nan,nan,nan,nan,0
85856000,85856000,0.70806676,0.7055227,0.7095325,0.70531917,nan,nan,nan,nan,nan,nan,nan,nan,0
85952000,85952000,0.70794034,0.7044308,0.70918614,0.704806,nan,nan,nan,nan,nan,nan,nan,nan,0
86056000,86056000,0.7096351,0.70538926,0.7089494,0.7049266,nan,nan,nan,nan,nan,nan,nan,nan,0
86152000,86152000,0.7087542,0.7052868,0.70828307,0.7064795,nan,nan,nan,nan,nan,nan,nan,nan,0
86256000,86256000,0.7097293,0.7060932,0.7093294,0.7067284,nan,nan,nan,nan,nan,nan,nan,nan,0
86352000,86352000,0.70924395,0.7077563,0.7095675,0.707322,nan,nan,nan,nan,nan,nan,nan,nan,0
86456000,86456000,0.71019226,0.70729405,0.70881826,0.7064765,nan,nan,nan,nan,nan,nan,nan,nan,0
86556000,86556000,0.7088344,0.70606893,0.7086885,0.70720226,nan,nan,nan,nan,nan,nan,nan,nan,0
86656000,86656000,0.70793605,0.7067036,0.70860726,0.70751286,nan,nan,nan,nan,nan,nan,nan,nan,0
86752000,86752000,0.7105516,0.70640945,0.70942056,0.7063303,nan,nan,nan,nan,nan,nan,nan,nan,0
86856000,86856000,0.70927584,0.7055764,0.7085982,0.7055946,nan,nan,nan,nan,nan,nan,nan,nan,0
86956000,86956000,0.7072724,0.70490015,0.70736665,0.70584446,nan,nan,nan,nan,nan,nan,nan,nan,0
87056000,87056000,0.70791054,0.70616335,0.7084578,0.70505446,nan,nan,nan,nan,nan,nan,nan,nan,0
87156000,87156000,0.70856845,0.7061738,0.7086731,0.70670927,nan,nan,nan,nan,nan,nan,nan,nan,0
87256000,87256000,0.70851946,0.7048448,0.7096478,0.7048207,nan,nan,nan,nan,nan,nan,nan,nan,0
87356000,87356000,0.7074693,0.7050591,0.7072243,0.7047877,nan,nan,nan,nan,nan,nan,nan,nan,0
87456000,87456000,0.70957184,0.7043549,0.7097471,0.7032262,nan,nan,nan,nan,nan,nan,nan,nan,0
87552000,87552000,0.7082767,0.70725954,0.7085677,0.70561683,nan,nan,nan,nan,nan,nan,nan,nan,0
87656000,87656000,0.70809764,0.7064131,0.70830894,0.70702815,nan,nan,nan,nan,nan,nan,nan,nan,0
87756000,87756000,0.7082543,0.7053071,0.7079902,0.7057816,nan,nan,nan,nan,nan,nan,nan,nan,0
87856000,87856000,0.7080785,0.70588106,0.70933694,0.7054963,nan,nan,nan,nan,nan,nan,nan,nan,0
87956000,87956000,0.70956063,0.70522785,0.7094583,0.7061768,nan,nan,nan,nan,nan,nan,nan,nan,0
88056000,88056000,0.70895237,0.70501894,0.7091455,0.70493716,nan,nan,nan,nan,nan,nan,nan,nan,0
88156000,88156000,0.70722264,0.70412296,0.7075613,0.7057546,nan,nan,nan,nan,nan,nan,nan,nan,0
88256000,88256000,0.70792735,0.7056664,0.70876604,0.70392746,nan,nan,nan,nan,nan,nan,nan,nan,0
88356000,88356000,0.70863795,0.7063793,0.7089098,0.7054511,nan,nan,nan,nan,nan,nan,nan,nan,0
88456000,88456000,0.7081593,0.7048667,0.70881546,0.70537585,nan,nan,nan,nan,nan,nan,nan,nan,0
88556000,88556000,0.7077976,0.704128,0.7085974,0.7043051,nan,nan,nan,nan,nan,nan,nan,nan,0
88656000,88656000,0.7081267,0.7055365,0.70788133,0.704444,nan,nan,nan,nan,nan,nan,nan,nan,0
88756000,88756000,0.7088812,0.70595497,0.70878154,0.70637196,nan,nan,nan,nan,nan,nan,nan,nan,0
88852000,88852000,0.7082171,0.7066258,0.7085555,0.7060305,nan,nan,nan,nan,nan,nan,nan,nan,0
88952000,88952000,0.70922303,0.7047367,0.7076806,0.70549524,nan,nan,nan,nan,nan,nan,nan,nan,0
89056000,89056000,0.70669067,0.7052546,0.70761085,0.7041665,nan,nan,nan,nan,nan,nan,nan,nan,0
89152000,89152000,0.7068321,0.70233023,0.707385,0.70277023,nan,nan,nan,nan,nan,nan,nan,nan,0
89256000,89256000,0.70753956,0.7030797,0.7083716,0.70387226,nan,nan,nan,nan,nan,nan,nan,nan,0
89356000,89356000,0.7077794,0.7051278,0.70799494,0.705157,nan,nan,nan,nan,nan,nan,nan,nan,0
89456000,89456000,0.7071764,0.70494086,0.70749074,0.7053675,nan,nan,nan,nan,nan,nan,nan,nan,0
89556000,89556000,0.70761687,0.70369077,0.7066257,0.70557064,nan,nan,nan,nan,nan,nan,nan,nan,0
89656000,89656000,0.7078299,0.70519245,0.7084945,0.70467365,nan,nan,nan,nan,nan,nan,nan,nan,0
89756000,89756000,0.7097858,0.7052847,0.7094786,0.7049153,nan,nan,nan,nan,nan,nan,nan,nan,0
89856000,89856000,0.70869565,0.70582706,0.70863515,0.70598114,nan,nan,nan,nan,nan,nan,nan,nan,0
89952000,89952000,0.7085281,0.70392066,0.7086488,0.7055025,nan,nan,nan,nan,nan,nan,nan,nan,0
90056000,90056000,0.7096014,0.7048816,0.70812094,0.7039072,nan,nan,nan,nan,nan,nan,nan,nan,0
90156000,90156000,0.70787627,0.705519,0.7074085,0.7047122,nan,nan,nan,nan,nan,nan,nan,nan,0
90252000,90252000,0.709494,0.7062667,0.70940953,0.70443344,nan,nan,nan,nan,nan,nan,nan,nan,0
90356000,90356000,0.709266,0.7073732,0.71101904,0.70589817,nan,nan,nan,nan,nan,nan,nan,nan,0
90456000,90456000,0.7099038,0.70577896,0.70888203,0.7054194,nan,nan,nan,nan,nan,nan,nan,nan,0
90552000,90552000,0.7080633,0.7052716,0.70742905,0.70627433,nan,nan,nan,nan,nan,nan,nan,nan,0
90656000,90656000,0.7086694,0.704529,0.70830756,0.7052169,nan,nan,nan,nan,nan,nan,nan,nan,0
90756000,90756000,0.7080858,0.7060159,0.71009284,0.70465505,nan,nan,nan,nan,nan,nan,nan,nan,0
90856000,90856000,0.70786303,0.7058363,0.70814437,0.7051815,nan,nan,nan,nan,nan,nan,nan,nan,0
90952000,90952000,0.70770437,0.70512766,0.7075013,0.7044662,nan,nan,nan,nan,nan,nan,nan,nan,0
91056000,91056000,0.7088808,0.7043267,0.7072317,0.7067424,nan,nan,nan,nan,nan,nan,nan,nan,0
91156000,91156000,0.70864385,0.70559806,0.7091753,0.70595807,nan,nan,nan,nan,nan,nan,nan,nan,0
91256000,91256000,0.70873654,0.70514035,0.7077992,0.70515764,nan,nan,nan,nan,nan,nan,nan,nan,0
91356000,91356000,0.70782536,0.7036153,0.7071648,0.70376503,nan,nan,nan,nan,nan,nan,nan,nan,0
91456000,91456000,0.7061979,0.7058149,0.706594,0.7051947,nan,nan,nan,nan,nan,nan,nan,nan,0
91556000,91556000,0.70837545,0.70512474,0.7094724,0.7039615,nan,nan,nan,nan,nan,nan,nan,nan,0
91656000,91656000,0.70904917,0.7057536,0.7076777,0.70630586,nan,nan,nan,nan,nan,nan,nan,nan,0
91752000,91752000,0.709661,0.7058841,0.70935243,0.70728225,nan,nan,nan,nan,nan,nan,nan,nan,0
91856000,91856000,0.7094233,0.70869416,0.7093874,0.7066123,nan,nan,nan,nan,nan,nan,nan,nan,0
91956000,91956000,0.71082455,0.70764107,0.7095661,0.70717597,nan,nan,nan,nan,nan,nan,nan,nan,0
92056000,92056000,0.709838,0.7059323,0.70811206,0.70796627,nan,nan,nan,nan,nan,nan,nan,nan,0
92152000,92152000,0.70739406,0.7065449,0.70781654,0.70571077,nan,nan,nan,nan,nan,nan,nan,nan,0
92256000,92256000,0.708516,0.70538497,0.70857066,0.70541304,nan,nan,nan,nan,nan,nan,nan,nan,0
92356000,92356000,0.7095284,0.7053442,0.7097679,0.704263,nan,nan,nan,nan,nan,nan,nan,nan,0
92456000,92456000,0.7088082,0.70463973,0.708597,0.704929,nan,nan,nan,nan,nan,nan,nan,nan,0
92556000,92556000,0.7080121,0.7037,0.7082474,0.70456845,nan,nan,nan,nan,nan,nan,nan,nan,0
92656000,92656000,0.7080894,0.70585287,0.70801616,0.70401174,nan,nan,nan,nan,nan,nan,nan,nan,0
92756000,92756000,0.70895267,0.7046181,0.7081017,0.70450443,nan,nan,nan,nan,nan,nan,nan,nan,0
92856000,92856000,0.7094764,0.70394796,0.7094373,0.7056121,nan,nan,nan,nan,nan,nan,nan,nan,0
92956000,92956000,0.70889187,0.70590127,0.7079002,0.70719665,nan,nan,nan,nan,nan,nan,nan,nan,0
93056000,93056000,0.70835423,0.7064264,0.7071963,0.7070717,nan,nan,nan,nan,nan,nan,nan,nan,0
93156000,93156000,0.70810276,0.7063147,0.7082331,0.7058466,nan,nan,nan,nan,nan,nan,nan,nan,0
93256000,93256000,0.7093778,0.70643425,0.7096973,0.70640624,nan,nan,nan,nan,nan,nan,nan,nan,0
93356000,93356000,0.7108761,0.70592225,0.71068925,0.70581037,nan,nan,nan,nan,nan,nan,nan,nan,0
93456000,93456000,0.70995295,0.70518,0.70936435,0.70610344,nan,nan,nan,nan,nan,nan,nan,nan,0
93556000,93556000,0.7090166,0.70375854,0.70884633,0.7051929,nan,nan,nan,nan,nan,nan,nan,nan,0
93656000,93656000,0.7083035,0.7052454,0.7091516,0.7045223,nan,nan,nan,nan,nan,nan,nan,nan,0
93756000,93756000,0.70809585,0.7058731,0.70864916,0.7067567,nan,nan,nan,nan,nan,nan,nan,nan,0
93852000,93852000,0.7089992,0.7051917,0.7081847,0.70570934,nan,nan,nan,nan,nan,nan,nan,nan,0
93956000,93956000,0.7087454,0.7055231,0.7084227,0.70515364,nan,nan,nan,nan,nan,nan,nan,nan,0
94056000,94056000,0.70874226,0.70548755,0.7095923,0.7043289,nan,nan,nan,nan,nan,nan,nan,nan,0
94152000,94152000,0.70866275,0.7062202,0.7092949,0.70606047,nan,nan,nan,nan,nan,nan,nan,nan,0
94256000,94256000,0.7106249,0.7059916,0.70828927,0.70599514,nan,nan,nan,nan,nan,nan,nan,nan,0
94356000,94356000,0.7095619,0.7056846,0.70954615,0.70632285,nan,nan,nan,nan,nan,nan,nan,nan,0
94456000,94456000,0.7091154,0.70616525,0.7085196,0.70732886,nan,nan,nan,nan,nan,nan,nan,nan,0
94556000,94556000,0.70942825,0.7042312,0.70959055,0.7053132,nan,nan,nan,nan,nan,nan,nan,nan,0
94656000,94656000,0.7078354,0.705197,0.70767874,0.70679426,nan,nan,nan,nan,nan,nan,nan,nan,0
94756000,94756000,0.7081555,0.70564413,0.70882666,0.70499444,nan,nan,nan,nan,nan,nan,nan,nan,0
94856000,94856000,0.70926464,0.70426637,0.70789695,0.7062128,nan,nan,nan,nan,nan,nan,nan,nan,0
94956000,94956000,0.70766836,0.7054474,0.70845103,0.7065394,nan,nan,nan,nan,nan,nan,nan,nan,0
95056000,95056000,0.70821095,0.70436996,0.70764804,0.7058509,nan,nan,nan,nan,nan,nan,nan,nan,0
95156000,95156000,0.7073212,0.70561796,0.7080113,0.7048096,nan,nan,nan,nan,nan,nan,nan,nan,0
95256000,95256000,0.7071618,0.7054254,0.7081808,0.7050661,nan,nan,nan,nan,nan,nan,nan,nan,0
95356000,95356000,0.70925653,0.7048696,0.70920795,0.7038875,nan,nan,nan,nan,nan,nan,nan,nan,0
95456000,95456000,0.7091912,0.70388836,0.7073983,0.70711,nan,nan,nan,nan,nan,nan,nan,nan,0
95556000,95556000,0.7085441,0.7052339,0.7085548,0.70569617,nan,nan,nan,nan,nan,nan,nan,nan,0
95656000,95656000,0.7093111,0.7041958,0.7094633,0.70477784,nan,nan,nan,nan,nan,nan,nan,nan,0
95756000,95756000,0.70769906,0.70513064,0.70807457,0.7052385,nan,nan,nan,nan,nan,nan,nan,nan,0
95852000,95852000,0.7078694,0.70535,0.70868874,0.70490056,nan,nan,nan,nan,nan,nan,nan,nan,0
95956000,95956000,0.7081852,0.7066998,0.7089467,0.7058421,nan,nan,nan,nan,nan,nan,nan,nan,0
96056000,96056000,0.7099153,0.705654,0.70877093,0.7071715,nan,nan,nan,nan,nan,nan,nan,nan,0
96156000,96156000,0.7101485,0.7059889,0.71017843,0.707623,nan,nan,nan,nan,nan,nan,nan,nan,0
96256000,96256000,0.70981526,0.7065052,0.7111951,0.7067642,nan,nan,nan,nan,nan,nan,nan,nan,0
96356000,96356000,0.7094299,0.70665914,0.71113646,0.7064251,nan,nan,nan,nan,nan,nan,nan,nan,0
96456000,96456000,0.7112819,0.7058022,0.7102484,0.70574826,nan,nan,nan,nan,nan,nan,nan,nan,0
96556000,96556000,0.7111644,0.70564365,0.7100584,0.70706093,nan,nan,nan,nan,nan,nan,nan,nan,0
96656000,96656000,0.70931804,0.70812637,0.7096103,0.70604753,nan,nan,nan,nan,nan,nan,nan,nan,0
96752000,96752000,0.70975673,0.70690167,0.71037173,0.70637846,nan,nan,nan,nan,nan,nan,nan,nan,0
96856000,96856000,0.70940334,0.7069785,0.7074399,0.70900273,nan,nan,nan,nan,nan,nan,nan,nan,0
96956000,96956000,0.7081542,0.70739037,0.7084249,0.7066379,nan,nan,nan,nan,nan,nan,nan,nan,0
97056000,97056000,0.7099095,0.70599467,0.7090967,0.7046736,nan,nan,nan,nan,nan,nan,nan,nan,0
97156000,97156000,0.7106532,0.7055497,0.7093469,0.7040639,nan,nan,nan,nan,nan,nan,nan,nan,0
97256000,97256000,0.70904535,0.7068827,0.70752275,0.70676416,nan,nan,nan,nan,nan,nan,nan,nan,0
97356000,97356000,0.70926934,0.7052434,0.710959,0.7062965,nan,nan,nan,nan,nan,nan,nan,nan,0
97456000,97456000,0.7114266,0.7050289,0.7101824,0.7071018,nan,nan,nan,nan,nan,nan,nan,nan,0
97556000,97556000,0.71001464,0.706797,0.71008414,0.7065135,nan,nan,nan,nan,nan,nan,nan,nan,0
97656000,97656000,0.70868516,0.7078029,0.70917165,0.70609164,nan,nan,nan,nan,nan,nan,nan,nan,0
97756000,97756000,0.7087332,0.70607305,0.708618,0.7073558,nan,nan,nan,nan,nan,nan,nan,nan,0
97856000,97856000,0.70971066,0.70577455,0.71047866,0.70538336,nan,nan,nan,nan,nan,nan,nan,nan,0
97956000,97956000,0.71105355,0.70585257,0.71055454,0.7069655,nan,nan,nan,nan,nan,nan,nan,nan,0
98052000,98052000,0.7104713,0.7071054,0.70990014,0.7069839,nan,nan,nan,nan,nan,nan,nan,nan,0
98156000,98156000,0.7096991,0.707184,0.7089351,0.70701677,nan,nan,nan,nan,nan,nan,nan,nan,0
98256000,98256000,0.709396,0.70772797,0.708578,0.7064907,nan,nan,nan,nan,nan,nan,nan,nan,0
98356000,98356000,0.70833075,0.70726687,0.70798135,0.7079666,nan,nan,nan,nan,nan,nan,nan,nan,0
98456000,98456000,0.7090177,0.70662606,0.7089145,0.7059731,nan,nan,nan,nan,nan,nan,nan,nan,0
98556000,98556000,0.70975804,0.70492834,0.70874923,0.7055291,nan,nan,nan,nan,nan,nan,nan,nan,0
98656000,98656000,0.70931876,0.70543146,0.7085302,0.70545256,nan,nan,nan,nan,nan,nan,nan,nan,0
98756000,98756000,0.70932007,0.70585656,0.7104084,0.70516616,nan,nan,nan,nan,nan,nan,nan,nan,0
98856000,98856000,0.70965016,0.7061351,0.7093227,0.7056616,nan,nan,nan,nan,nan,nan,nan,nan,0
98956000,98956000,0.7097041,0.704094,0.70886254,0.7058432,nan,nan,nan,nan,nan,nan,nan,nan,0
99056000,99056000,0.70702916,0.70718473,0.70794755,0.70590657,nan,nan,nan,nan,nan,nan,nan,nan,0
99156000,99156000,0.70843667,0.7043528,0.70912653,0.70608884,nan,nan,nan,nan,nan,nan,nan,nan,0
99256000,99256000,0.5443091,0.46435946,0.51007825,0.4995871,nan,nan,nan,nan,nan,nan,nan,nan,0
99356000,99356000,0.5642661,0.5616443,0.5661803,0.5632091,nan,nan,nan,nan,nan,nan,nan,nan,0
99456000,99456000,0.63806593,0.659516,0.64947706,0.64902896,nan,nan,nan,nan,nan,nan,nan,nan,0
99556000,99556000,0.6816046,0.6950381,0.68888944,0.6882017,nan,nan,nan,nan,nan,nan,nan,nan,0
99656000,99656000,0.7067685,0.7077349,0.70783275,0.70879626,nan,nan,nan,nan,nan,nan,nan,nan,0
99756000,99756000,0.7196443,0.71136415,0.71757174,0.7145828,nan,nan,nan,nan,nan,nan,nan,nan,0
99856000,99856000,0.72387785,0.7163261,0.72211367,0.7167369,nan,nan,nan,nan,nan,nan,nan,nan,0
99956000,99956000,0.7249889,0.71873814,0.72248256,0.7193202,nan,nan,nan,nan,nan,nan,nan,nan,0
100056000,100056000,0.723587,0.7204629,0.72310245,0.7212098,nan,nan,nan,nan,nan,nan,nan,nan,0
100156000,100156000,0.72440696,0.7206515,0.7233296,0.72058994,nan,nan,nan,nan,nan,nan,nan,nan,0
100256000,100256000,0.7238693,0.72041553,0.7227524,0.7212682,nan,nan,nan,nan,nan,nan,nan,nan,0
100356000,100356000,0.7244643,0.71857595,0.72397476,0.72001725,nan,nan,nan,nan,nan,nan,nan,nan,0
100456000,100456000,0.7244565,0.7190747,0.7243393,0.71940994,nan,nan,nan,nan,nan,nan,nan,nan,0
100556000,100556000,0.72516567,0.71882373,0.7234397,0.7201692,nan,nan,nan,nan,nan,nan,nan,nan,0
100656000,100656000,0.7242928,0.71977735,0.72291774,0.7190623,nan,nan,nan,nan,nan,nan,nan,nan,0
100756000,100756000,0.7249345,0.7179007,0.7227706,0.71861506,nan,nan,nan,nan,nan,nan,nan,nan,0
100856000,100856000,0.72560406,0.71861964,0.72270274,0.7203011,nan,nan,nan,nan,nan,nan,nan,nan,0
100956000,100956000,0.72593606,0.7182394,0.72418416,0.7204057,nan,nan,nan,nan,nan,nan,nan,nan,0
101056000,101056000,0.7265586,0.71884215,0.7229099,0.72048515,nan,nan,nan,nan,nan,nan,nan,nan,0
101156000,101156000,0.7254489,0.718453,0.7230628,0.7203823,nan,nan,nan,nan,nan,nan,nan,nan,0
101256000,101256000,0.7247461,0.7180261,0.72230244,0.7191147,nan,nan,nan,nan,nan,nan,nan,nan,0
101352000,101352000,0.7228933,0.71767986,0.7201788,0.71984255,nan,nan,nan,nan,nan,nan,nan,nan,0
101456000,101456000,0.7232222,0.7165884,0.72172403,0.71779555,nan,nan,nan,nan,nan,nan,nan,nan,0
101556000,101556000,0.72347015,0.7161555,0.72213143,0.71797884,nan,nan,nan,nan,nan,nan,nan,nan,0
101656000,101656000,0.72286385,0.71672827,0.721271,0.7185021,nan,nan,nan,nan,nan,nan,nan,nan,0
101756000,101756000,0.7224214,0.71624887,0.7208345,0.7187928,nan,nan,nan,nan,nan,nan,nan,nan,0
101856000,101856000,0.7238688,0.7158929,0.72187513,0.717572,nan,nan,nan,nan,nan,nan,nan,nan,0
101956000,101956000,0.7239187,0.71584624,0.7219066,0.71830237,nan,nan,nan,nan,nan,nan,nan,nan,0
102056000,102056000,0.72401553,0.7153099,0.7218165,0.71744317,nan,nan,nan,nan,nan,nan,nan,nan,0
102156000,102156000,0.7227729,0.7160324,0.7206948,0.71742207,nan,nan,nan,nan,nan,nan,nan,nan,0
102256000,102256000,0.5286531,0.6942003,0.56889874,0.9023535,nan,nan,nan,nan,nan,nan,nan,nan,0
102356000,102356000,0.54902494,0.4936232,0.53813154,0.5045961,nan,nan,nan,nan,nan,nan,nan,nan,0
102456000,102456000,0.55962765,0.45351878,0.51325214,0.5011149,nan,nan,nan,nan,nan,nan,nan,nan,0
102556000,102556000,0.5551788,0.4392257,0.5040799,0.4925173,nan,nan,nan,nan,nan,nan,nan,nan,0
102656000,102656000,0.54986763,0.42346698,0.49402422,0.48117337,nan,nan,nan,nan,nan,nan,nan,nan,0
102756000,102756000,0.5446126,0.40856346,0.48548108,0.46930602,nan,nan,nan,nan,nan,nan,nan,nan,0
102856000,102856000,0.5373707,0.39384475,0.47326592,0.46097153,nan,nan,nan,nan,nan,nan,nan,nan,0
102952000,102952000,0.532122,0.37978938,0.4648129,0.44921002,nan,nan,nan,nan,nan,nan,nan,nan,0
103056000,103056000,0.52508074,0.36507043,0.4550641,0.43810698,nan,nan,nan,nan,nan,nan,nan,nan,0
103156000,103156000,0.52091473,0.35145897,0.4459241,0.42733854,nan,nan,nan,nan,nan,nan,nan,nan,0
103256000,103256000,0.2082034,0.03139522,0.12965323,0.11074812,nan,nan,nan,nan,nan,nan,nan,nan,0
103356000,103356000,0.21312088,0.025260497,0.13094328,0.1106753,nan,nan,nan,nan,nan,nan,nan,nan,0
103456000,103456000,0.21686722,0.021884926,0.13155729,0.10969052,nan,nan,nan,nan,nan,nan,nan,nan,0
103552000,103552000,0.22211033,0.017337233,0.13154246,0.10900994,nan,nan,nan,nan,nan,nan,nan,nan,0
103656000,103656000,0.2210792,0.01762551,0.13187881,0.109416455,nan,nan,nan,nan,nan,nan,nan,nan,0
103756000,103756000,0.22082438,0.017586423,0.1322148,0.10937436,nan,nan,nan,nan,nan,nan,nan,nan,0
103856000,103856000,0.22158933,0.018423589,0.1307493,0.10923775,nan,nan,nan,nan,nan,nan,nan,nan,0
103956000,103956000,0.0019999836,0.0,0.0020000022,7.450581e-09,nan,nan,nan,nan,nan,nan,nan,nan,0
104056000,104056000,0.0020000078,0.0,0.0020000003,0.0,nan,nan,nan,nan,nan,nan,nan,nan,0
104156000,104156000,0.0020000115,0.0,0.0019999966,0.0,nan,nan,nan,nan,nan,nan,nan,nan,0
104256000,104256000,0.0020000003,0.0,0.0020000003,0.0,nan,nan,nan,nan,nan,nan,nan,nan,0
104356000,104356000,0.0020000003,0.0,0.0020000003,0.0,nan,nan,nan,nan,nan,nan,nan,nan,0
104456000,104456000,0.0020000078,0.0,0.0019999929,7.450581e-09,nan,nan,nan,nan,nan,nan,nan,nan,0
104556000,104556000,0.0019999938,0.0,0.001999992,1.4901161e-08,nan,nan,nan,nan,nan,nan,nan,nan,0
104656000,104656000,0.0019999836,0.0,0.0020000022,7.450581e-09,nan,nan,nan,nan,nan,nan,nan,nan,0
104756000,104756000,0.0020000003,0.0,0.0020000003,0.0,nan,nan,nan,nan,nan,nan,nan,nan,0
104856000,104856000,0.001999991,0.0,0.0020000099,7.450581e-09,nan,nan,nan,nan,nan,nan,nan,nan,0
104956000,104956000,0.0020000003,0.0,0.0019999929,7.450581e-09,nan,nan,nan,nan,nan,nan,nan,nan,0
105056000,105056000,0.0019999966,0.0,0.0019999966,0.0,nan,nan,nan,nan,nan,nan,nan,nan,0
105156000,105156000,0.0020000078,0.0,0.0020000003,0.0,nan,nan,nan,nan,nan,nan,nan,nan,0
105256000,105256000,0.002000004,0.0,0.002000004,0.0,nan,nan,nan,nan,nan,nan,nan,nan,0
105352000,105352000,0.002000004,0.0,0.002000004,0.0,nan,nan,nan,nan,nan,nan,nan,nan,0
105456000,105456000,0.0019999994,7.450581e-09,0.0019999938,0.0,nan,nan,nan,nan,nan,nan,nan,nan,0
105556000,105556000,0.0020000115,0.0,0.0019999966,0.0,nan,nan,nan,nan,nan,nan,nan,nan,0
105656000,105656000,0.0019999938,0.0,0.001999992,1.4901161e-08,nan,nan,nan,nan,nan,nan,nan,nan,0
105756000,105756000,0.002000004,0.0,0.002000004,0.0,nan,nan,nan,nan,nan,nan,nan,nan,0
105856000,105856000,0.0020000003,0.0,0.0020000003,0.0,nan,nan,nan,nan,nan,nan,nan,nan,0
105956000,105956000,0.0019999985,0.0,0.0019999966,1.8626451e-09,nan,nan,nan,nan,nan,nan,nan,nan,0
106052000,106052000,0.0020000003,0.0,0.0020000003,0.0,nan,nan,nan,nan,nan,nan,nan,nan,0
106156000,106156000,0.0019999985,0.0,0.0020000022,0.0,nan,nan,nan,nan,nan,nan,nan,nan,0
106256000,106256000,0.0019999985,0.0,0.0019999985,0.0,nan,nan,nan,nan,nan,nan,nan,nan,0
106356000,106356000,0.00199999,0.0,0.0019999994,3.7252903e-09,nan,nan,nan,nan,nan,nan,nan,nan,0
106456000,106456000,0.0020000003,0.0,0.0020000003,0.0,nan,nan,nan,nan,nan,nan,nan,nan,0
106556000,106556000,0.0019999985,0.0,0.0019999985,0.0,nan,nan,nan,nan,nan,nan,nan,nan,0
106656000,106656000,0.0019999966,3.7252903e-09,0.0020000003,0.0,nan,nan,nan,nan,nan,nan,nan,nan,0
106756000,106756000,0.0019999929,3.7252903e-09,0.0019999966,0.0,nan,nan,nan,nan,nan,nan,nan,nan,0
106856000,106856000,0.0019999966,0.0,0.0019999966,3.7252903e-09,nan,nan,nan,nan,nan,nan,nan,nan,0
