timestamp,timestamp_sample,lat,lon,alt,alt_ellipsoid,delta_alt,eph,epv,terrain_alt,lat_lon_reset_counter,alt_reset_counter,terrain_alt_valid,dead_reckoning
356000,0,47.397742099999995,8.5455934,488.104,0.0,0.0,0.0,0.0,0.0,0,0,0,0
360000,0,47.397742099999995,8.5455934,488.104,0.0,0.0,0.0,0.0,0.0,0,0,0,0
456000,0,47.397742099999995,8.5455934,488.104,0.0,0.0,0.0,0.0,0.0,0,0,0,0
556000,0,47.397742099999995,8.5455934,488.104,0.0,0.0,0.0,0.0,0.0,0,0,0,0
656000,0,47.397742099999995,8.5455934,488.104,0.0,0.0,0.0,0.0,0.0,0,0,0,0
756000,0,47.397742099999995,8.5455934,488.104,0.0,0.0,0.0,0.0,0.0,0,0,0,0
856000,0,47.397742099999995,8.5455934,488.104,0.0,0.0,0.0,0.0,0.0,0,0,0,0
956000,0,47.397742099999995,8.5455934,488.104,0.0,0.0,0.0,0.0,0.0,0,0,0,0
1056000,0,47.397742099999995,8.5455934,488.104,0.0,0.0,0.0,0.0,0.0,0,0,0,0
1156000,0,47.397742099999995,8.5455934,488.104,0.0,0.0,0.0,0.0,0.0,0,0,0,0
1256000,0,47.397742099999995,8.5455934,488.104,0.0,0.0,0.0,0.0,0.0,0,0,0,0
1356000,0,47.397742099999995,8.5455934,488.104,0.0,0.0,0.0,0.0,0.0,0,0,0,0
1456000,0,47.397742099999995,8.5455934,488.104,0.0,0.0,0.0,0.0,0.0,0,0,0,0
1556000,0,47.397742099999995,8.5455934,488.104,0.0,0.0,0.0,0.0,0.0,0,0,0,0
1656000,0,47.397742099999995,8.5455934,488.104,0.0,0.0,0.0,0.0,0.0,0,0,0,0
1756000,0,47.397742099999995,8.5455934,488.104,0.0,0.0,0.0,0.0,0.0,0,0,0,0
1856000,0,47.397742099999995,8.5455934,488.104,0.0,0.0,0.0,0.0,0.0,0,0,0,0
1956000,0,47.397742099999995,8.5455934,488.104,0.0,0.0,0.0,0.0,0.0,0,0,0,0
2056000,0,47.397742099999995,8.5455934,488.104,0.0,0.0,0.0,0.0,0.0,0,0,0,0
2156000,0,47.397742099999995,8.5455934,488.104,0.0,0.0,0.0,0.0,0.0,0,0,0,0
2256000,0,47.397742099999995,8.5455934,488.104,0.0,0.0,0.0,0.0,0.0,0,0,0,0
2356000,0,47.397742099999995,8.5455934,488.104,0.0,0.0,0.0,0.0,0.0,0,0,0,0
2456000,0,47.397742099999995,8.5455934,488.104,0.0,0.0,0.0,0.0,0.0,0,0,0,0
2556000,0,47.397742099999995,8.5455934,488.104,0.0,0.0,0.0,0.0,0.0,0,0,0,0
2656000,0,47.397742099999995,8.5455934,488.104,0.0,0.0,0.0,0.0,0.0,0,0,0,0
2756000,0,47.397742099999995,8.5455934,488.104,0.0,0.0,0.0,0.0,0.0,0,0,0,0
2856000,0,47.397742099999995,8.5455934,488.104,0.0,0.0,0.0,0.0,0.0,0,0,0,0
2956000,0,47.397742099999995,8.5455934,488.104,0.0,0.0,0.0,0.0,0.0,0,0,0,0
3056000,0,47.397742099999995,8.5455934,488.104,0.0,0.0,0.0,0.0,0.0,0,0,0,0
3156000,0,47.397742099999995,8.5455934,488.104,0.0,0.0,0.0,0.0,0.0,0,0,0,0
3256000,0,47.397742099999995,8.5455934,488.104,0.0,0.0,0.0,0.0,0.0,0,0,0,0
3356000,0,47.397742099999995,8.5455934,488.104,0.0,0.0,0.0,0.0,0.0,0,0,0,0
3456000,0,47.397742099999995,8.5455934,488.104,0.0,0.0,0.0,0.0,0.0,0,0,0,0
3556000,0,47.397742099999995,8.5455934,488.104,0.0,0.0,0.0,0.0,0.0,0,0,0,0
3656000,0,47.397742099999995,8.5455934,488.104,0.0,0.0,0.0,0.0,0.0,0,0,0,0
3756000,0,47.397742099999995,8.5455934,488.104,0.0,0.0,0.0,0.0,0.0,0,0,0,0
3856000,0,47.397742099999995,8.5455934,488.104,0.0,0.0,0.0,0.0,0.0,0,0,0,0
3956000,0,47.397742099999995,8.5455934,488.104,0.0,0.0,0.0,0.0,0.0,0,0,0,0
4056000,0,47.397742099999995,8.5455934,488.104,0.0,0.0,0.0,0.0,0.0,0,0,0,0
4156000,0,47.397742099999995,8.5455934,488.104,0.0,0.0,0.0,0.0,0.0,0,0,0,0
4256000,0,47.397742099999995,8.5455934,488.104,0.0,0.0,0.0,0.0,0.0,0,0,0,0
4356000,0,47.397742099999995,8.5455934,488.104,0.0,0.0,0.0,0.0,0.0,0,0,0,0
4456000,0,47.397742099999995,8.5455934,488.104,0.0,0.0,0.0,0.0,0.0,0,0,0,0
4556000,0,47.397742099999995,8.5455934,488.104,0.0,0.0,0.0,0.0,0.0,0,0,0,0
4656000,0,47.397742099999995,8.5455934,488.104,0.0,0.0,0.0,0.0,0.0,0,0,0,0
4756000,0,47.397742099999995,8.5455934,488.104,0.0,0.0,0.0,0.0,0.0,0,0,0,0
4856000,0,47.397742099999995,8.5455934,488.104,0.0,0.0,0.0,0.0,0.0,0,0,0,0
4956000,0,47.397742099999995,8.5455934,488.104,0.0,0.0,0.0,0.0,0.0,0,0,0,0
5056000,0,47.397742099999995,8.5455934,488.104,0.0,0.0,0.0,0.0,0.0,0,0,0,0
5156000,0,47.397742099999995,8.5455934,488.104,0.0,0.0,0.0,0.0,0.0,0,0,0,0
5256000,0,47.397742099999995,8.5455934,488.104,0.0,0.0,0.0,0.0,0.0,0,0,0,0
5356000,0,47.397742099999995,8.5455934,488.104,0.0,0.0,0.0,0.0,0.0,0,0,0,0
5456000,0,47.397742099999995,8.5455934,488.104,0.0,0.0,0.0,0.0,0.0,0,0,0,0
5556000,0,47.397742099999995,8.5455934,488.104,0.0,0.0,0.0,0.0,0.0,0,0,0,0
5656000,0,47.397742099999995,8.5455934,488.104,0.0,0.0,0.0,0.0,0.0,0,0,0,0
5756000,0,47.397742099999995,8.5455934,488.104,0.0,0.0,0.0,0.0,0.0,0,0,0,0
5856000,0,47.397742099999995,8.5455934,488.104,0.0,0.0,0.0,0.0,0.0,0,0,0,0
5956000,0,47.397742099999995,8.5455934,488.104,0.0,0.0,0.0,0.0,0.0,0,0,0,0
6056000,0,47.397742099999995,8.5455934,488.104,0.0,0.0,0.0,0.0,0.0,0,0,0,0
6156000,0,47.397742099999995,8.5455934,488.104,0.0,0.0,0.0,0.0,0.0,0,0,0,0
6256000,0,47.397742099999995,8.5455934,488.104,0.0,0.0,0.0,0.0,0.0,0,0,0,0
6356000,0,47.397742099999995,8.5455934,488.104,0.0,0.0,0.0,0.0,0.0,0,0,0,0
6456000,0,47.397742099999995,8.5455934,488.104,0.0,0.0,0.0,0.0,0.0,0,0,0,0
6556000,0,47.397742099999995,8.5455934,488.104,0.0,0.0,0.0,0.0,0.0,0,0,0,0
6656000,0,47.397742099999995,8.5455934,488.104,0.0,0.0,0.0,0.0,0.0,0,0,0,0
6756000,0,47.397742099999995,8.5455934,488.104,0.0,0.0,0.0,0.0,0.0,0,0,0,0
6856000,0,47.397742099999995,8.5455934,488.104,0.0,0.0,0.0,0.0,0.0,0,0,0,0
6956000,0,47.397742099999995,8.5455934,488.104,0.0,0.0,0.0,0.0,0.0,0,0,0,0
7056000,0,47.397742099999995,8.5455934,488.104,0.0,0.0,0.0,0.0,0.0,0,0,0,0
7156000,0,47.397742099999995,8.5455934,488.104,0.0,0.0,0.0,0.0,0.0,0,0,0,0
7256000,0,47.397742099999995,8.5455934,488.104,0.0,0.0,0.0,0.0,0.0,0,0,0,0
7356000,0,47.397742099999995,8.5455934,488.104,0.0,0.0,0.0,0.0,0.0,0,0,0,0
7456000,0,47.397742099999995,8.5455934,488.104,0.0,0.0,0.0,0.0,0.0,0,0,0,0
7556000,0,47.397742099999995,8.5455934,488.104,0.0,0.0,0.0,0.0,0.0,0,0,0,0
7656000,0,47.397742099999995,8.5455934,488.104,0.0,0.0,0.0,0.0,0.0,0,0,0,0
7756000,0,47.397742099999995,8.5455934,488.104,0.0,0.0,0.0,0.0,0.0,0,0,0,0
7856000,0,47.397742099999995,8.5455934,488.104,0.0,0.0,0.0,0.0,0.0,0,0,0,0
7956000,0,47.397742099999995,8.5455934,488.104,0.0,0.0,0.0,0.0,0.0,0,0,0,0
8056000,0,47.397742099999995,8.5455934,488.104,0.0,0.0,0.0,0.0,0.0,0,0,0,0
8156000,0,47.397742099999995,8.5455934,488.104,0.0,0.0,0.0,0.0,0.0,0,0,0,0
8256000,0,47.397742099999995,8.5455934,488.104,0.0,0.0,0.0,0.0,0.0,0,0,0,0
8356000,0,47.397742099999995,8.5455934,488.104,0.0,0.0,0.0,0.0,0.0,0,0,0,0
8456000,0,47.397742099999995,8.5455934,488.104,0.0,0.0,0.0,0.0,0.0,0,0,0,0
8556000,0,47.397742099999995,8.5455934,488.104,0.0,0.0,0.0,0.0,0.0,0,0,0,0
8656000,0,47.397742099999995,8.5455934,488.104,0.0,0.0,0.0,0.0,0.0,0,0,0,0
8756000,0,47.397742099999995,8.5455934,488.104,0.0,0.0,0.0,0.0,0.0,0,0,0,0
8856000,0,47.397742099999995,8.5455934,488.104,0.0,0.0,0.0,0.0,0.0,0,0,0,0
8956000,0,47.397742099999995,8.5455934,488.104,0.0,0.0,0.0,0.0,0.0,0,0,0,0
9056000,0,47.397742099999995,8.5455934,488.104,0.0,0.0,0.0,0.0,0.0,0,0,0,0
9156000,0,47.397742099999995,8.5455934,488.104,0.0,0.0,0.0,0.0,0.0,0,0,0,0
9256000,0,47.397742099999995,8.5455934,488.104,0.0,0.0,0.0,0.0,0.0,0,0,0,0
9356000,0,47.397742099999995,8.5455934,488.104,0.0,0.0,0.0,0.0,0.0,0,0,0,0
9456000,0,47.397742099999995,8.5455934,488.104,0.0,0.0,0.0,0.0,0.0,0,0,0,0
9556000,0,47.397742099999995,8.5455934,488.104,0.0,0.0,0.0,0.0,0.0,0,0,0,0
9656000,0,47.397742099999995,8.5455934,488.104,0.0,0.0,0.0,0.0,0.0,0,0,0,0
9756000,0,47.397742099999995,8.5455934,488.104,0.0,0.0,0.0,0.0,0.0,0,0,0,0
9856000,0,47.397742099999995,8.5455934,488.104,0.0,0.0,0.0,0.0,0.0,0,0,0,0
9956000,0,47.397742099999995,8.5455934,488.104,0.0,0.0,0.0,0.0,0.0,0,0,0,0
10056000,0,47.397742099999995,8.5455934,488.104,0.0,0.0,0.0,0.0,0.0,0,0,0,0
10156000,0,47.397742099999995,8.5455934,488.104,0.0,0.0,0.0,0.0,0.0,0,0,0,0
10256000,0,47.397742099999995,8.5455934,488.104,0.0,0.0,0.0,0.0,0.0,0,0,0,0
10356000,0,47.397742099999995,8.5455934,488.104,0.0,0.0,0.0,0.0,0.0,0,0,0,0
10456000,0,47.397742099999995,8.5455934,488.104,0.0,0.0,0.0,0.0,0.0,0,0,0,0
10556000,0,47.397742099999995,8.5455934,488.104,0.0,0.0,0.0,0.0,0.0,0,0,0,0
10656000,0,47.397742099999995,8.5455934,488.104,0.0,0.0,0.0,0.0,0.0,0,0,0,0
10756000,0,47.397742099999995,8.5455934,488.104,0.0,0.0,0.0,0.0,0.0,0,0,0,0
10856000,0,47.397742099999995,8.5455934,488.104,0.0,0.0,0.0,0.0,0.0,0,0,0,0
10956000,0,47.397742099999995,8.5455934,488.104,0.0,0.0,0.0,0.0,0.0,0,0,0,0
11056000,0,47.397742099999995,8.5455934,488.104,0.0,0.0,0.0,0.0,0.0,0,0,0,0
11156000,0,47.397742099999995,8.5455934,488.104,0.0,0.0,0.0,0.0,0.0,0,0,0,0
11256000,0,47.397742099999995,8.5455934,488.104,0.0,0.0,0.0,0.0,0.0,0,0,0,0
11356000,0,47.397742099999995,8.5455934,488.104,0.0,0.0,0.0,0.0,0.0,0,0,0,0
11456000,0,47.397742099999995,8.5455934,488.104,0.0,0.0,0.0,0.0,0.0,0,0,0,0
11556000,0,47.397742099999995,8.5455934,488.104,0.0,0.0,0.0,0.0,0.0,0,0,0,0
11656000,0,47.397742099999995,8.5455934,488.104,0.0,0.0,0.0,0.0,0.0,0,0,0,0
11756000,0,47.397742099999995,8.5455934,488.104,0.0,0.0,0.0,0.0,0.0,0,0,0,0
11856000,0,47.397742099999995,8.5455934,488.104,0.0,0.0,0.0,0.0,0.0,0,0,0,0
11956000,0,47.397742099999995,8.5455934,488.104,0.0,0.0,0.0,0.0,0.0,0,0,0,0
12056000,0,47.397742099999995,8.5455934,488.104,0.0,0.0,0.0,0.0,0.0,0,0,0,0
12156000,0,47.397742099999995,8.5455934,488.104,0.0,0.0,0.0,0.0,0.0,0,0,0,0
12256000,0,47.397742099999995,8.5455934,488.104,0.0,0.0,0.0,0.0,0.0,0,0,0,0
12356000,0,47.397742099999995,8.5455934,488.104,0.0,0.0,0.0,0.0,0.0,0,0,0,0
12456000,0,47.397742099999995,8.5455934,488.104,0.0,0.0,0.0,0.0,0.0,0,0,0,0
12556000,0,47.397742099999995,8.5455934,488.104,0.0,0.0,0.0,0.0,0.0,0,0,0,0
12656000,0,47.397742099999995,8.5455934,488.104,0.0,0.0,0.0,0.0,0.0,0,0,0,0
12756000,0,47.397742099999995,8.5455934,488.104,0.0,0.0,0.0,0.0,0.0,0,0,0,0
12856000,0,47.397742099999995,8.5455934,488.104,0.0,0.0,0.0,0.0,0.0,0,0,0,0
12956000,0,47.397742099999995,8.5455934,488.104,0.0,0.0,0.0,0.0,0.0,0,0,0,0
13056000,0,47.397742099999995,8.5455934,488.104,0.0,0.0,0.0,0.0,0.0,0,0,0,0
13156000,0,47.397742099999995,8.5455934,488.104,0.0,0.0,0.0,0.0,0.0,0,0,0,0
13256000,0,47.397742099999995,8.5455934,488.104,0.0,0.0,0.0,0.0,0.0,0,0,0,0
13356000,0,47.397742099999995,8.5455934,488.104,0.0,0.0,0.0,0.0,0.0,0,0,0,0
13456000,0,47.397742099999995,8.5455934,488.104,0.0,0.0,0.0,0.0,0.0,0,0,0,0
13556000,0,47.397742099999995,8.5455934,488.104,0.0,0.0,0.0,0.0,0.0,0,0,0,0
13656000,0,47.397742099999995,8.5455934,488.104,0.0,0.0,0.0,0.0,0.0,0,0,0,0
13756000,0,47.397742099999995,8.5455934,488.104,0.0,0.0,0.0,0.0,0.0,0,0,0,0
13856000,0,47.397742099999995,8.5455934,488.104,0.0,0.0,0.0,0.0,0.0,0,0,0,0
13956000,0,47.397742099999995,8.5455934,488.104,0.0,0.0,0.0,0.0,0.0,0,0,0,0
14056000,0,47.397742099999995,8.5455934,488.104,0.0,0.0,0.0,0.0,0.0,0,0,0,0
14156000,0,47.397742099999995,8.5455934,488.104,0.0,0.0,0.0,0.0,0.0,0,0,0,0
14256000,0,47.397742099999995,8.5455934,488.104,0.0,0.0,0.0,0.0,0.0,0,0,0,0
14356000,0,47.397742099999995,8.5455934,488.104,0.0,0.0,0.0,0.0,0.0,0,0,0,0
14456000,0,47.397742099999995,8.5455934,488.104,0.0,0.0,0.0,0.0,0.0,0,0,0,0
14556000,0,47.397742099999995,8.5455934,488.104,0.0,0.0,0.0,0.0,0.0,0,0,0,0
14656000,0,47.397742099999995,8.5455934,488.104,0.0,0.0,0.0,0.0,0.0,0,0,0,0
14756000,0,47.397742099999995,8.5455934,488.104,0.0,0.0,0.0,0.0,0.0,0,0,0,0
14856000,0,47.397742099999995,8.5455934,488.104,0.0,0.0,0.0,0.0,0.0,0,0,0,0
14956000,0,47.397742099999995,8.5455934,488.104,0.0,0.0,0.0,0.0,0.0,0,0,0,0
15056000,0,47.397742099999995,8.5455934,488.104,0.0,0.0,0.0,0.0,0.0,0,0,0,0
15156000,0,47.397742099999995,8.5455934,488.104,0.0,0.0,0.0,0.0,0.0,0,0,0,0
15256000,0,47.397742099999995,8.5455934,488.104,0.0,0.0,0.0,0.0,0.0,0,0,0,0
15356000,0,47.397742099999995,8.5455934,488.104,0.0,0.0,0.0,0.0,0.0,0,0,0,0
15456000,0,47.397742099999995,8.5455934,488.104,0.0,0.0,0.0,0.0,0.0,0,0,0,0
15556000,0,47.397742099999995,8.5455934,488.104,0.0,0.0,0.0,0.0,0.0,0,0,0,0
15656000,0,47.397742099999995,8.5455934,488.104,0.0,0.0,0.0,0.0,0.0,0,0,0,0
15756000,0,47.397742099999995,8.5455934,488.104,0.0,0.0,0.0,0.0,0.0,0,0,0,0
15856000,0,47.397742099999995,8.5455934,488.104,0.0,0.0,0.0,0.0,0.0,0,0,0,0
15956000,0,47.397742099999995,8.5455934,488.104,0.0,0.0,0.0,0.0,0.0,0,0,0,0
16056000,0,47.397742099999995,8.5455934,488.104,0.0,0.0,0.0,0.0,0.0,0,0,0,0
16156000,0,47.397742099999995,8.5455934,488.104,0.0,0.0,0.0,0.0,0.0,0,0,0,0
16256000,0,47.397742099999995,8.5455934,488.104,0.0,0.0,0.0,0.0,0.0,0,0,0,0
16356000,0,47.397742099999995,8.5455934,488.104,0.0,0.0,0.0,0.0,0.0,0,0,0,0
16456000,0,47.397742099999995,8.5455934,488.104,0.0,0.0,0.0,0.0,0.0,0,0,0,0
16556000,0,47.397742099999995,8.5455934,488.104,0.0,0.0,0.0,0.0,0.0,0,0,0,0
16656000,0,47.397742099999995,8.5455934,488.104,0.0,0.0,0.0,0.0,0.0,0,0,0,0
16756000,0,47.397742099999995,8.5455934,488.104,0.0,0.0,0.0,0.0,0.0,0,0,0,0
16856000,0,47.397742099999995,8.5455934,488.104,0.0,0.0,0.0,0.0,0.0,0,0,0,0
16956000,0,47.397742099999995,8.5455934,488.104,0.0,0.0,0.0,0.0,0.0,0,0,0,0
17056000,0,47.397742099999995,8.5455934,488.104,0.0,0.0,0.0,0.0,0.0,0,0,0,0
17156000,0,47.397742099999995,8.5455934,488.104,0.0,0.0,0.0,0.0,0.0,0,0,0,0
17256000,0,47.397742099999995,8.5455934,488.104,0.0,0.0,0.0,0.0,0.0,0,0,0,0
17356000,0,47.397742099999995,8.5455934,488.104,0.0,0.0,0.0,0.0,0.0,0,0,0,0
17456000,0,47.397742099999995,8.5455934,488.104,0.0,0.0,0.0,0.0,0.0,0,0,0,0
17556000,0,47.397742099999995,8.5455934,488.104,0.0,0.0,0.0,0.0,0.0,0,0,0,0
17656000,0,47.397742099999995,8.5455934,488.104,0.0,0.0,0.0,0.0,0.0,0,0,0,0
17756000,0,47.397742099999995,8.5455934,488.104,0.0,0.0,0.0,0.0,0.0,0,0,0,0
17856000,0,47.397742099999995,8.5455934,488.104,0.0,0.0,0.0,0.0,0.0,0,0,0,0
17956000,0,47.397742099999995,8.5455934,488.104,0.0,0.0,0.0,0.0,0.0,0,0,0,0
18056000,0,47.397742099999995,8.5455934,488.104,0.0,0.0,0.0,0.0,0.0,0,0,0,0
18156000,0,47.397742099999995,8.5455934,488.104,0.0,0.0,0.0,0.0,0.0,0,0,0,0
18256000,0,47.397742099999995,8.5455934,488.104,0.0,0.0,0.0,0.0,0.0,0,0,0,0
18356000,0,47.397742099999995,8.5455934,488.104,0.0,0.0,0.0,0.0,0.0,0,0,0,0
18456000,0,47.397742099999995,8.5455934,488.104,0.0,0.0,0.0,0.0,0.0,0,0,0,0
18556000,0,47.397742099999995,8.5455934,488.104,0.0,0.0,0.0,0.0,0.0,0,0,0,0
18656000,0,47.397742099999995,8.5455934,488.104,0.0,0.0,0.0,0.0,0.0,0,0,0,0
18756000,0,47.397742099999995,8.5455934,488.104,0.0,0.0,0.0,0.0,0.0,0,0,0,0
18856000,0,47.397742099999995,8.5455934,488.104,0.0,0.0,0.0,0.0,0.0,0,0,0,0
18956000,0,47.397742099999995,8.5455934,488.104,0.0,0.0,0.0,0.0,0.0,0,0,0,0
19056000,0,47.397742099999995,8.5455934,488.104,0.0,0.0,0.0,0.0,0.0,0,0,0,0
19156000,0,47.397742099999995,8.5455934,488.104,0.0,0.0,0.0,0.0,0.0,0,0,0,0
19256000,0,47.397742099999995,8.5455934,488.104,0.0,0.0,0.0,0.0,0.0,0,0,0,0
19356000,0,47.397742099999995,8.5455934,488.104,0.0,0.0,0.0,0.0,0.0,0,0,0,0
19456000,0,47.397742099999995,8.5455934,488.104,0.0,0.0,0.0,0.0,0.0,0,0,0,0
19556000,0,47.397742099999995,8.5455934,488.104,0.0,0.0,0.0,0.0,0.0,0,0,0,0
19656000,0,47.397742099999995,8.5455934,488.104,0.0,0.0,0.0,0.0,0.0,0,0,0,0
19756000,0,47.397742099999995,8.5455934,488.104,0.0,0.0,0.0,0.0,0.0,0,0,0,0
19856000,0,47.397742099999995,8.5455934,488.104,0.0,0.0,0.0,0.0,0.0,0,0,0,0
19956000,0,47.397742099999995,8.5455934,488.104,0.0,0.0,0.0,0.0,0.0,0,0,0,0
20056000,0,47.397742099999995,8.5455934,488.104,0.0,0.0,0.0,0.0,0.0,0,0,0,0
20156000,0,47.397742099999995,8.5455934,488.104,0.0,0.0,0.0,0.0,0.0,0,0,0,0
20256000,0,47.397742099999995,8.5455934,488.104,0.0,0.0,0.0,0.0,0.0,0,0,0,0
20356000,0,47.397742099999995,8.5455934,488.104,0.0,0.0,0.0,0.0,0.0,0,0,0,0
20456000,0,47.397742099999995,8.5455934,488.104,0.0,0.0,0.0,0.0,0.0,0,0,0,0
20556000,0,47.397742099999995,8.5455934,488.104,0.0,0.0,0.0,0.0,0.0,0,0,0,0
20656000,0,47.397742099999995,8.5455934,488.104,0.0,0.0,0.0,0.0,0.0,0,0,0,0
20756000,0,47.397742099999995,8.5455934,488.104,0.0,0.0,0.0,0.0,0.0,0,0,0,0
20856000,0,47.397742099999995,8.5455934,488.104,0.0,0.0,0.0,0.0,0.0,0,0,0,0
20956000,0,47.397742099999995,8.5455934,488.104,0.0,0.0,0.0,0.0,0.0,0,0,0,0
21056000,0,47.397742099999995,8.5455934,488.104,0.0,0.0,0.0,0.0,0.0,0,0,0,0
21156000,0,47.397742099999995,8.5455934,488.104,0.0,0.0,0.0,0.0,0.0,0,0,0,0
21256000,0,47.397742099999995,8.5455934,488.104,0.0,0.0,0.0,0.0,0.0,0,0,0,0
21356000,0,47.397742099999995,8.5455934,488.104,0.0,0.0,0.0,0.0,0.0,0,0,0,0
21456000,0,47.397742099999995,8.5455934,488.104,0.0,0.0,0.0,0.0,0.0,0,0,0,0
21556000,0,47.397742099999995,8.5455934,488.104,0.0,0.0,0.0,0.0,0.0,0,0,0,0
21656000,0,47.397742099999995,8.5455934,488.104,0.0,0.0,0.0,0.0,0.0,0,0,0,0
21756000,0,47.397742099999995,8.5455934,488.104,0.0,0.0,0.0,0.0,0.0,0,0,0,0
21856000,0,47.397742099999995,8.5455934,488.104,0.0,0.0,0.0,0.0,0.0,0,0,0,0
21956000,0,47.397742099999995,8.5455934,488.104,0.0,0.0,0.0,0.0,0.0,0,0,0,0
22056000,0,47.397742099999995,8.5455934,488.104,0.0,0.0,0.0,0.0,0.0,0,0,0,0
22156000,0,47.397742099999995,8.5455934,488.104,0.0,0.0,0.0,0.0,0.0,0,0,0,0
22256000,0,47.397742099999995,8.5455934,488.104,0.0,0.0,0.0,0.0,0.0,0,0,0,0
22356000,0,47.397742099999995,8.5455934,488.104,0.0,0.0,0.0,0.0,0.0,0,0,0,0
22456000,0,47.397742099999995,8.5455934,488.104,0.0,0.0,0.0,0.0,0.0,0,0,0,0
22556000,0,47.397742099999995,8.5455934,488.104,0.0,0.0,0.0,0.0,0.0,0,0,0,0
22656000,0,47.397742099999995,8.5455934,488.104,0.0,0.0,0.0,0.0,0.0,0,0,0,0
22756000,0,47.397742099999995,8.5455934,488.104,0.0,0.0,0.0,0.0,0.0,0,0,0,0
22856000,0,47.397742099999995,8.5455934,488.104,0.0,0.0,0.0,0.0,0.0,0,0,0,0
22956000,0,47.397742099999995,8.5455934,488.104,0.0,0.0,0.0,0.0,0.0,0,0,0,0
23056000,0,47.397742099999995,8.5455934,488.104,0.0,0.0,0.0,0.0,0.0,0,0,0,0
23156000,0,47.397742099999995,8.5455934,488.104,0.0,0.0,0.0,0.0,0.0,0,0,0,0
23256000,0,47.397742099999995,8.5455934,488.104,0.0,0.0,0.0,0.0,0.0,0,0,0,0
23356000,0,47.397742099999995,8.5455934,488.104,0.0,0.0,0.0,0.0,0.0,0,0,0,0
23456000,0,47.397742099999995,8.5455934,488.104,0.0,0.0,0.0,0.0,0.0,0,0,0,0
23556000,0,47.397742099999995,8.5455934,488.104,0.0,0.0,0.0,0.0,0.0,0,0,0,0
23656000,0,47.397742099999995,8.5455934,488.104,0.0,0.0,0.0,0.0,0.0,0,0,0,0
23756000,0,47.397742099999995,8.5455934,488.104,0.0,0.0,0.0,0.0,0.0,0,0,0,0
23856000,0,47.397742099999995,8.5455934,488.104,0.0,0.0,0.0,0.0,0.0,0,0,0,0
23956000,0,47.397742099999995,8.5455934,488.104,0.0,0.0,0.0,0.0,0.0,0,0,0,0
24056000,0,47.397742099999995,8.5455934,488.104,0.0,0.0,0.0,0.0,0.0,0,0,0,0
24156000,0,47.397742099999995,8.5455934,488.104,0.0,0.0,0.0,0.0,0.0,0,0,0,0
24256000,0,47.397742099999995,8.5455934,488.104,0.0,0.0,0.0,0.0,0.0,0,0,0,0
24356000,0,47.397742099999995,8.5455934,488.104,0.0,0.0,0.0,0.0,0.0,0,0,0,0
24456000,0,47.397742099999995,8.5455934,488.104,0.0,0.0,0.0,0.0,0.0,0,0,0,0
24556000,0,47.397742099999995,8.5455934,488.104,0.0,0.0,0.0,0.0,0.0,0,0,0,0
24656000,0,47.397742099999995,8.5455934,488.104,0.0,0.0,0.0,0.0,0.0,0,0,0,0
24756000,0,47.397742099999995,8.5455934,488.104,0.0,0.0,0.0,0.0,0.0,0,0,0,0
24856000,0,47.397742099999995,8.5455934,488.104,0.0,0.0,0.0,0.0,0.0,0,0,0,0
24956000,0,47.397742099999995,8.5455934,488.104,0.0,0.0,0.0,0.0,0.0,0,0,0,0
25056000,0,47.397742099999995,8.5455934,488.104,0.0,0.0,0.0,0.0,0.0,0,0,0,0
25156000,0,47.397742099999995,8.5455934,488.104,0.0,0.0,0.0,0.0,0.0,0,0,0,0
25256000,0,47.397742099999995,8.5455934,488.104,0.0,0.0,0.0,0.0,0.0,0,0,0,0
25356000,0,47.397742099999995,8.5455934,488.104,0.0,0.0,0.0,0.0,0.0,0,0,0,0
25456000,0,47.397742099999995,8.5455934,488.104,0.0,0.0,0.0,0.0,0.0,0,0,0,0
25556000,0,47.397742099999995,8.5455934,488.104,0.0,0.0,0.0,0.0,0.0,0,0,0,0
25656000,0,47.397742099999995,8.5455934,488.104,0.0,0.0,0.0,0.0,0.0,0,0,0,0
25756000,0,47.397742099999995,8.5455934,488.104,0.0,0.0,0.0,0.0,0.0,0,0,0,0
25856000,0,47.397742099999995,8.5455934,488.104,0.0,0.0,0.0,0.0,0.0,0,0,0,0
25956000,0,47.397742099999995,8.5455934,488.104,0.0,0.0,0.0,0.0,0.0,0,0,0,0
26056000,0,47.397742099999995,8.5455934,488.104,0.0,0.0,0.0,0.0,0.0,0,0,0,0
26156000,0,47.397742099999995,8.5455934,488.104,0.0,0.0,0.0,0.0,0.0,0,0,0,0
26256000,0,47.397742099999995,8.5455934,488.104,0.0,0.0,0.0,0.0,0.0,0,0,0,0
26356000,0,47.397742099999995,8.5455934,488.104,0.0,0.0,0.0,0.0,0.0,0,0,0,0
26456000,0,47.397742099999995,8.5455934,488.104,0.0,0.0,0.0,0.0,0.0,0,0,0,0
26556000,0,47.397742099999995,8.5455934,488.104,0.0,0.0,0.0,0.0,0.0,0,0,0,0
26656000,0,47.397742099999995,8.5455934,488.104,0.0,0.0,0.0,0.0,0.0,0,0,0,0
26756000,0,47.397742099999995,8.5455934,488.104,0.0,0.0,0.0,0.0,0.0,0,0,0,0
26856000,0,47.397742099999995,8.5455934,488.104,0.0,0.0,0.0,0.0,0.0,0,0,0,0
26956000,0,47.397742099999995,8.5455934,488.104,0.0,0.0,0.0,0.0,0.0,0,0,0,0
27056000,0,47.397742099999995,8.5455934,488.104,0.0,0.0,0.0,0.0,0.0,0,0,0,0
27156000,0,47.397742099999995,8.5455934,488.104,0.0,0.0,0.0,0.0,0.0,0,0,0,0
27256000,0,47.397742099999995,8.5455934,488.104,0.0,0.0,0.0,0.0,0.0,0,0,0,0
27356000,0,47.397742099999995,8.5455934,488.104,0.0,0.0,0.0,0.0,0.0,0,0,0,0
27456000,0,47.397742099999995,8.5455934,488.104,0.0,0.0,0.0,0.0,0.0,0,0,0,0
27556000,0,47.397742099999995,8.5455934,488.104,0.0,0.0,0.0,0.0,0.0,0,0,0,0
27656000,0,47.397742099999995,8.5455934,488.104,0.0,0.0,0.0,0.0,0.0,0,0,0,0
27756000,0,47.397742099999995,8.5455934,488.104,0.0,0.0,0.0,0.0,0.0,0,0,0,0
27856000,0,47.397742099999995,8.5455934,488.104,0.0,0.0,0.0,0.0,0.0,0,0,0,0
27956000,0,47.397742099999995,8.5455934,488.104,0.0,0.0,0.0,0.0,0.0,0,0,0,0
28056000,0,47.397742099999995,8.5455934,488.104,0.0,0.0,0.0,0.0,0.0,0,0,0,0
28156000,0,47.397742099999995,8.5455934,488.104,0.0,0.0,0.0,0.0,0.0,0,0,0,0
28256000,0,47.397742099999995,8.5455934,488.104,0.0,0.0,0.0,0.0,0.0,0,0,0,0
28356000,0,47.397742099999995,8.5455934,488.104,0.0,0.0,0.0,0.0,0.0,0,0,0,0
28456000,0,47.397742099999995,8.5455934,488.104,0.0,0.0,0.0,0.0,0.0,0,0,0,0
28556000,0,47.397742099999995,8.5455934,488.104,0.0,0.0,0.0,0.0,0.0,0,0,0,0
28656000,0,47.397742099999995,8.5455934,488.104,0.0,0.0,0.0,0.0,0.0,0,0,0,0
28756000,0,47.397742099999995,8.5455934,488.104,0.0,0.0,0.0,0.0,0.0,0,0,0,0
28856000,0,47.397742099999995,8.5455934,488.104,0.0,0.0,0.0,0.0,0.0,0,0,0,0
28956000,0,47.397742099999995,8.5455934,488.104,0.0,0.0,0.0,0.0,0.0,0,0,0,0
29056000,0,47.397742099999995,8.5455934,488.104,0.0,0.0,0.0,0.0,0.0,0,0,0,0
29156000,0,47.397742099999995,8.5455934,488.104,0.0,0.0,0.0,0.0,0.0,0,0,0,0
29256000,0,47.397742099999995,8.5455934,488.104,0.0,0.0,0.0,0.0,0.0,0,0,0,0
29356000,0,47.397742099999995,8.5455934,488.104,0.0,0.0,0.0,0.0,0.0,0,0,0,0
29456000,0,47.397742099999995,8.5455934,488.104,0.0,0.0,0.0,0.0,0.0,0,0,0,0
29556000,0,47.397742099999995,8.5455934,488.104,0.0,0.0,0.0,0.0,0.0,0,0,0,0
29656000,0,47.397742099999995,8.5455934,488.104,0.0,0.0,0.0,0.0,0.0,0,0,0,0
29756000,0,47.397742099999995,8.5455934,488.104,0.0,0.0,0.0,0.0,0.0,0,0,0,0
29856000,0,47.397742099999995,8.5455934,488.104,0.0,0.0,0.0,0.0,0.0,0,0,0,0
29956000,0,47.397742099999995,8.5455934,488.104,0.0,0.0,0.0,0.0,0.0,0,0,0,0
30056000,0,47.397742099999995,8.5455934,488.104,0.0,0.0,0.0,0.0,0.0,0,0,0,0
30156000,0,47.397742099999995,8.5455934,488.104,0.0,0.0,0.0,0.0,0.0,0,0,0,0
30256000,0,47.397742099999995,8.5455934,488.104,0.0,0.0,0.0,0.0,0.0,0,0,0,0
30356000,0,47.397742099999995,8.5455934,488.104,0.0,0.0,0.0,0.0,0.0,0,0,0,0
30456000,0,47.397742099999995,8.5455934,488.104,0.0,0.0,0.0,0.0,0.0,0,0,0,0
30556000,0,47.397742099999995,8.5455934,488.104,0.0,0.0,0.0,0.0,0.0,0,0,0,0
30656000,0,47.397742099999995,8.5455934,488.104,0.0,0.0,0.0,0.0,0.0,0,0,0,0
30756000,0,47.397742099999995,8.5455934,488.104,0.0,0.0,0.0,0.0,0.0,0,0,0,0
30856000,0,47.397742099999995,8.5455934,488.104,0.0,0.0,0.0,0.0,0.0,0,0,0,0
30956000,0,47.397742099999995,8.5455934,488.104,0.0,0.0,0.0,0.0,0.0,0,0,0,0
31056000,0,47.397742099999995,8.5455934,488.104,0.0,0.0,0.0,0.0,0.0,0,0,0,0
31156000,0,47.397742099999995,8.5455934,488.104,0.0,0.0,0.0,0.0,0.0,0,0,0,0
31256000,0,47.397742099999995,8.5455934,488.104,0.0,0.0,0.0,0.0,0.0,0,0,0,0
31356000,0,47.397742099999995,8.5455934,488.104,0.0,0.0,0.0,0.0,0.0,0,0,0,0
31456000,0,47.397742099999995,8.5455934,488.104,0.0,0.0,0.0,0.0,0.0,0,0,0,0
31556000,0,47.397742099999995,8.5455934,488.104,0.0,0.0,0.0,0.0,0.0,0,0,0,0
31656000,0,47.397742099999995,8.5455934,488.104,0.0,0.0,0.0,0.0,0.0,0,0,0,0
31756000,0,47.397742099999995,8.5455934,488.104,0.0,0.0,0.0,0.0,0.0,0,0,0,0
31856000,0,47.397742099999995,8.5455934,488.104,0.0,0.0,0.0,0.0,0.0,0,0,0,0
31956000,0,47.397742099999995,8.5455934,488.104,0.0,0.0,0.0,0.0,0.0,0,0,0,0
32056000,0,47.397742099999995,8.5455934,488.104,0.0,0.0,0.0,0.0,0.0,0,0,0,0
32156000,0,47.397742099999995,8.5455934,488.104,0.0,0.0,0.0,0.0,0.0,0,0,0,0
32256000,0,47.397742099999995,8.5455934,488.104,0.0,0.0,0.0,0.0,0.0,0,0,0,0
32356000,0,47.397742099999995,8.5455934,488.104,0.0,0.0,0.0,0.0,0.0,0,0,0,0
32456000,0,47.397742099999995,8.5455934,488.104,0.0,0.0,0.0,0.0,0.0,0,0,0,0
32556000,0,47.397742099999995,8.5455934,488.104,0.0,0.0,0.0,0.0,0.0,0,0,0,0
32656000,0,47.397742099999995,8.5455934,488.104,0.0,0.0,0.0,0.0,0.0,0,0,0,0
32756000,0,47.397742099999995,8.5455934,488.104,0.0,0.0,0.0,0.0,0.0,0,0,0,0
32856000,0,47.397742099999995,8.5455934,488.104,0.0,0.0,0.0,0.0,0.0,0,0,0,0
32956000,0,47.397742099999995,8.5455934,488.104,0.0,0.0,0.0,0.0,0.0,0,0,0,0
33056000,0,47.397742099999995,8.5455934,488.104,0.0,0.0,0.0,0.0,0.0,0,0,0,0
33156000,0,47.397742099999995,8.5455934,488.104,0.0,0.0,0.0,0.0,0.0,0,0,0,0
33256000,0,47.397742099999995,8.5455934,488.104,0.0,0.0,0.0,0.0,0.0,0,0,0,0
33356000,0,47.397742099999995,8.5455934,488.104,0.0,0.0,0.0,0.0,0.0,0,0,0,0
33456000,0,47.397742099999995,8.5455934,488.104,0.0,0.0,0.0,0.0,0.0,0,0,0,0
33556000,0,47.397742099999995,8.5455934,488.104,0.0,0.0,0.0,0.0,0.0,0,0,0,0
33656000,0,47.397742099999995,8.5455934,488.104,0.0,0.0,0.0,0.0,0.0,0,0,0,0
33756000,0,47.397742099999995,8.5455934,488.104,0.0,0.0,0.0,0.0,0.0,0,0,0,0
33856000,0,47.397742099999995,8.5455934,488.104,0.0,0.0,0.0,0.0,0.0,0,0,0,0
33956000,0,47.397742099999995,8.5455934,488.104,0.0,0.0,0.0,0.0,0.0,0,0,0,0
34056000,0,47.397742099999995,8.5455934,488.104,0.0,0.0,0.0,0.0,0.0,0,0,0,0
34156000,0,47.397742099999995,8.5455934,488.104,0.0,0.0,0.0,0.0,0.0,0,0,0,0
34256000,0,47.397742099999995,8.5455934,488.104,0.0,0.0,0.0,0.0,0.0,0,0,0,0
34356000,0,47.397742099999995,8.5455934,488.104,0.0,0.0,0.0,0.0,0.0,0,0,0,0
34456000,0,47.397742099999995,8.5455934,488.104,0.0,0.0,0.0,0.0,0.0,0,0,0,0
34556000,0,47.397742099999995,8.5455934,488.104,0.0,0.0,0.0,0.0,0.0,0,0,0,0
34656000,0,47.397742099999995,8.5455934,488.104,0.0,0.0,0.0,0.0,0.0,0,0,0,0
34756000,0,47.397742099999995,8.5455934,488.104,0.0,0.0,0.0,0.0,0.0,0,0,0,0
34856000,0,47.397742099999995,8.5455934,488.104,0.0,0.0,0.0,0.0,0.0,0,0,0,0
34956000,0,47.397742099999995,8.5455934,488.104,0.0,0.0,0.0,0.0,0.0,0,0,0,0
35056000,0,47.397742099999995,8.5455934,488.104,0.0,0.0,0.0,0.0,0.0,0,0,0,0
35156000,0,47.397742099999995,8.5455934,488.104,0.0,0.0,0.0,0.0,0.0,0,0,0,0
35256000,0,47.397742099999995,8.5455934,488.104,0.0,0.0,0.0,0.0,0.0,0,0,0,0
35356000,0,47.397742099999995,8.5455934,488.104,0.0,0.0,0.0,0.0,0.0,0,0,0,0
35456000,0,47.397742099999995,8.5455934,488.104,0.0,0.0,0.0,0.0,0.0,0,0,0,0
35556000,0,47.397742099999995,8.5455934,488.104,0.0,0.0,0.0,0.0,0.0,0,0,0,0
35656000,0,47.397742099999995,8.5455934,488.104,0.0,0.0,0.0,0.0,0.0,0,0,0,0
35756000,0,47.397742099999995,8.5455934,488.104,0.0,0.0,0.0,0.0,0.0,0,0,0,0
35856000,0,47.397742099999995,8.5455934,488.104,0.0,0.0,0.0,0.0,0.0,0,0,0,0
35956000,0,47.397742099999995,8.5455934,488.104,0.0,0.0,0.0,0.0,0.0,0,0,0,0
36056000,0,47.397742099999995,8.5455934,488.104,0.0,0.0,0.0,0.0,0.0,0,0,0,0
36156000,0,47.397742099999995,8.5455934,488.104,0.0,0.0,0.0,0.0,0.0,0,0,0,0
36256000,0,47.397742099999995,8.5455934,488.104,0.0,0.0,0.0,0.0,0.0,0,0,0,0
36356000,0,47.397742099999995,8.5455934,488.104,0.0,0.0,0.0,0.0,0.0,0,0,0,0
36456000,0,47.397742099999995,8.5455934,488.104,0.0,0.0,0.0,0.0,0.0,0,0,0,0
36556000,0,47.397742099999995,8.5455934,488.104,0.0,0.0,0.0,0.0,0.0,0,0,0,0
36656000,0,47.397742099999995,8.5455934,488.104,0.0,0.0,0.0,0.0,0.0,0,0,0,0
36756000,0,47.397742099999995,8.5455934,488.104,0.0,0.0,0.0,0.0,0.0,0,0,0,0
36856000,0,47.397742099999995,8.5455934,488.104,0.0,0.0,0.0,0.0,0.0,0,0,0,0
36956000,0,47.397742099999995,8.5455934,488.104,0.0,0.0,0.0,0.0,0.0,0,0,0,0
37056000,0,47.397742099999995,8.5455934,488.104,0.0,0.0,0.0,0.0,0.0,0,0,0,0
37156000,0,47.397742099999995,8.5455934,488.104,0.0,0.0,0.0,0.0,0.0,0,0,0,0
37256000,0,47.397742099999995,8.5455934,488.104,0.0,0.0,0.0,0.0,0.0,0,0,0,0
37356000,0,47.397742099999995,8.5455934,488.104,0.0,0.0,0.0,0.0,0.0,0,0,0,0
37456000,0,47.397742099999995,8.5455934,488.104,0.0,0.0,0.0,0.0,0.0,0,0,0,0
37556000,0,47.397742099999995,8.5455934,488.104,0.0,0.0,0.0,0.0,0.0,0,0,0,0
37656000,0,47.397742099999995,8.5455934,488.104,0.0,0.0,0.0,0.0,0.0,0,0,0,0
37756000,0,47.397742099999995,8.5455934,488.104,0.0,0.0,0.0,0.0,0.0,0,0,0,0
37856000,0,47.397742099999995,8.5455934,488.104,0.0,0.0,0.0,0.0,0.0,0,0,0,0
37956000,0,47.397742099999995,8.5455934,488.104,0.0,0.0,0.0,0.0,0.0,0,0,0,0
38056000,0,47.397742099999995,8.5455934,488.104,0.0,0.0,0.0,0.0,0.0,0,0,0,0
38156000,0,47.397742099999995,8.5455934,488.104,0.0,0.0,0.0,0.0,0.0,0,0,0,0
38256000,0,47.397742099999995,8.5455934,488.104,0.0,0.0,0.0,0.0,0.0,0,0,0,0
38356000,0,47.397742099999995,8.5455934,488.104,0.0,0.0,0.0,0.0,0.0,0,0,0,0
38456000,0,47.397742099999995,8.5455934,488.104,0.0,0.0,0.0,0.0,0.0,0,0,0,0
38556000,0,47.397742099999995,8.5455934,488.104,0.0,0.0,0.0,0.0,0.0,0,0,0,0
38656000,0,47.397742099999995,8.5455934,488.104,0.0,0.0,0.0,0.0,0.0,0,0,0,0
38756000,0,47.397742099999995,8.5455934,488.104,0.0,0.0,0.0,0.0,0.0,0,0,0,0
38856000,0,47.397742099999995,8.5455934,488.104,0.0,0.0,0.0,0.0,0.0,0,0,0,0
38956000,0,47.397742099999995,8.5455934,488.104,0.0,0.0,0.0,0.0,0.0,0,0,0,0
39056000,0,47.397742099999995,8.5455934,488.104,0.0,0.0,0.0,0.0,0.0,0,0,0,0
39156000,0,47.397742099999995,8.5455934,488.104,0.0,0.0,0.0,0.0,0.0,0,0,0,0
39256000,0,47.397742099999995,8.5455934,488.104,0.0,0.0,0.0,0.0,0.0,0,0,0,0
39356000,0,47.397742099999995,8.5455934,488.104,0.0,0.0,0.0,0.0,0.0,0,0,0,0
39456000,0,47.397742099999995,8.5455934,488.104,0.0,0.0,0.0,0.0,0.0,0,0,0,0
39556000,0,47.397742099999995,8.5455934,488.104,0.0,0.0,0.0,0.0,0.0,0,0,0,0
39652000,0,47.397742099999995,8.5455934,488.104,0.0,0.0,0.0,0.0,0.0,0,0,0,0
39756000,0,47.397742099999995,8.5455934,488.104,0.0,0.0,0.0,0.0,0.0,0,0,0,0
39856000,0,47.397742099999995,8.5455934,488.104,0.0,0.0,0.0,0.0,0.0,0,0,0,0
39956000,0,47.397742099999995,8.5455934,488.104,0.0,0.0,0.0,0.0,0.0,0,0,0,0
40056000,0,47.397742099999995,8.5455934,488.104,0.0,0.0,0.0,0.0,0.0,0,0,0,0
40156000,0,47.397742099999995,8.5455934,488.104,0.0,0.0,0.0,0.0,0.0,0,0,0,0
40256000,0,47.397742099999995,8.5455934,488.104,0.0,0.0,0.0,0.0,0.0,0,0,0,0
40356000,0,47.397742099999995,8.5455934,488.104,0.0,0.0,0.0,0.0,0.0,0,0,0,0
40456000,0,47.397742099999995,8.5455934,488.104,0.0,0.0,0.0,0.0,0.0,0,0,0,0
40556000,0,47.397742099999995,8.5455934,488.104,0.0,0.0,0.0,0.0,0.0,0,0,0,0
40656000,0,47.397742099999995,8.5455934,488.104,0.0,0.0,0.0,0.0,0.0,0,0,0,0
40756000,0,47.397742099999995,8.5455934,488.104,0.0,0.0,0.0,0.0,0.0,0,0,0,0
40856000,0,47.397742099999995,8.5455934,488.104,0.0,0.0,0.0,0.0,0.0,0,0,0,0
40956000,0,47.397742099999995,8.5455934,488.104,0.0,0.0,0.0,0.0,0.0,0,0,0,0
41056000,0,47.397742099999995,8.5455934,488.104,0.0,0.0,0.0,0.0,0.0,0,0,0,0
41156000,0,47.397742099999995,8.5455934,488.104,0.0,0.0,0.0,0.0,0.0,0,0,0,0
41256000,0,47.397742099999995,8.5455934,488.104,0.0,0.0,0.0,0.0,0.0,0,0,0,0
41356000,0,47.397742099999995,8.5455934,488.104,0.0,0.0,0.0,0.0,0.0,0,0,0,0
41456000,0,47.397742099999995,8.5455934,488.104,0.0,0.0,0.0,0.0,0.0,0,0,0,0
41556000,0,47.397742099999995,8.5455934,488.104,0.0,0.0,0.0,0.0,0.0,0,0,0,0
41656000,0,47.397742099999995,8.5455934,488.104,0.0,0.0,0.0,0.0,0.0,0,0,0,0
41756000,0,47.397742099999995,8.5455934,488.107,0.0,0.0,0.0,0.0,0.0,0,0,0,0
41856000,0,47.397742099999995,8.545593499999999,488.119,0.0,0.0,0.0,0.0,0.0,0,0,0,0
41956000,0,47.397742199999996,8.5455934,488.147,0.0,0.0,0.0,0.0,0.0,0,0,0,0
42056000,0,47.3977423,8.5455933,488.198,0.0,0.0,0.0,0.0,0.0,0,0,0,0
42156000,0,47.3977424,8.5455931,488.266,0.0,0.0,0.0,0.0,0.0,0,0,0,0
42256000,0,47.3977425,8.545592899999999,488.362,0.0,0.0,0.0,0.0,0.0,0,0,0,0
42356000,0,47.3977426,8.5455927,488.466,0.0,0.0,0.0,0.0,0.0,0,0,0,0
42456000,0,47.397742799999996,8.5455925,488.569,0.0,0.0,0.0,0.0,0.0,0,0,0,0
42556000,0,47.3977429,8.5455923,488.675,0.0,0.0,0.0,0.0,0.0,0,0,0,0
42656000,0,47.397743,8.5455921,488.778,0.0,0.0,0.0,0.0,0.0,0,0,0,0
42756000,0,47.3977431,8.5455919,488.877,0.0,0.0,0.0,0.0,0.0,0,0,0,0
42856000,0,47.3977432,8.5455917,488.975,0.0,0.0,0.0,0.0,0.0,0,0,0,0
42956000,0,47.397743299999995,8.5455916,489.061,0.0,0.0,0.0,0.0,0.0,0,0,0,0
43056000,0,47.397743399999996,8.5455915,489.145,0.0,0.0,0.0,0.0,0.0,0,0,0,0
43156000,0,47.3977435,8.5455914,489.225,0.0,0.0,0.0,0.0,0.0,0,0,0,0
43256000,0,47.3977436,8.5455913,489.303,0.0,0.0,0.0,0.0,0.0,0,0,0,0
43356000,0,47.3977437,8.5455912,489.371,0.0,0.0,0.0,0.0,0.0,0,0,0,0
43456000,0,47.3977437,8.5455912,489.437,0.0,0.0,0.0,0.0,0.0,0,0,0,0
43556000,0,47.3977438,8.5455912,489.503,0.0,0.0,0.0,0.0,0.0,0,0,0,0
43656000,0,47.3977438,8.5455912,489.56,0.0,0.0,0.0,0.0,0.0,0,0,0,0
43756000,0,47.397743899999995,8.5455913,489.616,0.0,0.0,0.0,0.0,0.0,0,0,0,0
43856000,0,47.397743899999995,8.5455913,489.669,0.0,0.0,0.0,0.0,0.0,0,0,0,0
43956000,0,47.397743899999995,8.5455914,489.719,0.0,0.0,0.0,0.0,0.0,0,0,0,0
44056000,0,47.397743899999995,8.5455915,489.768,0.0,0.0,0.0,0.0,0.0,0,0,0,0
44156000,0,47.397743999999996,8.5455916,489.811,0.0,0.0,0.0,0.0,0.0,0,0,0,0
44256000,0,47.397743999999996,8.5455917,489.853,0.0,0.0,0.0,0.0,0.0,0,0,0,0
44356000,0,47.397743999999996,8.5455918,489.893,0.0,0.0,0.0,0.0,0.0,0,0,0,0
44456000,0,47.397743899999995,8.545592,489.93,0.0,0.0,0.0,0.0,0.0,0,0,0,0
44556000,0,47.397743899999995,8.5455921,489.966,0.0,0.0,0.0,0.0,0.0,0,0,0,0
44656000,0,47.397743899999995,8.5455922,489.999,0.0,0.0,0.0,0.0,0.0,0,0,0,0
44756000,0,47.397743899999995,8.5455924,490.031,0.0,0.0,0.0,0.0,0.0,0,0,0,0
44856000,0,47.397743899999995,8.5455925,490.061,0.0,0.0,0.0,0.0,0.0,0,0,0,0
44956000,0,47.3977438,8.545592599999999,490.089,0.0,0.0,0.0,0.0,0.0,0,0,0,0
45056000,0,47.3977438,8.5455928,490.116,0.0,0.0,0.0,0.0,0.0,0,0,0,0
45156000,0,47.3977438,8.545592899999999,490.141,0.0,0.0,0.0,0.0,0.0,0,0,0,0
45256000,0,47.3977437,8.545593,490.165,0.0,0.0,0.0,0.0,0.0,0,0,0,0
45356000,0,47.3977437,8.5455931,490.187,0.0,0.0,0.0,0.0,0.0,0,0,0,0
45456000,0,47.3977436,8.545593199999999,490.208,0.0,0.0,0.0,0.0,0.0,0,0,0,0
45556000,0,47.3977436,8.5455933,490.228,0.0,0.0,0.0,0.0,0.0,0,0,0,0
45656000,0,47.3977435,8.5455934,490.248,0.0,0.0,0.0,0.0,0.0,0,0,0,0
45756000,0,47.3977435,8.5455934,490.266,0.0,0.0,0.0,0.0,0.0,0,0,0,0
45856000,0,47.397743399999996,8.545593499999999,490.284,0.0,0.0,0.0,0.0,0.0,0,0,0,0
45956000,0,47.397743299999995,8.545593499999999,490.3,0.0,0.0,0.0,0.0,0.0,0,0,0,0
46056000,0,47.397743299999995,8.545593499999999,490.316,0.0,0.0,0.0,0.0,0.0,0,0,0,0
46156000,0,47.3977432,8.545593499999999,490.33,0.0,0.0,0.0,0.0,0.0,0,0,0,0
46256000,0,47.3977431,8.545593499999999,490.344,0.0,0.0,0.0,0.0,0.0,0,0,0,0
46356000,0,47.397743,8.545593499999999,490.358,0.0,0.0,0.0,0.0,0.0,0,0,0,0
46456000,0,47.3977429,8.545593499999999,490.37,0.0,0.0,0.0,0.0,0.0,0,0,0,0
46556000,0,47.397742799999996,8.5455934,490.382,0.0,0.0,0.0,0.0,0.0,0,0,0,0
46656000,0,47.397742699999995,8.5455934,490.393,0.0,0.0,0.0,0.0,0.0,0,0,0,0
46756000,0,47.3977426,8.5455933,490.404,0.0,0.0,0.0,0.0,0.0,0,0,0,0
46856000,0,47.3977425,8.545593199999999,490.414,0.0,0.0,0.0,0.0,0.0,0,0,0,0
46956000,0,47.3977424,8.545593199999999,490.423,0.0,0.0,0.0,0.0,0.0,0,0,0,0
47056000,0,47.3977423,8.5455931,490.431,0.0,0.0,0.0,0.0,0.0,0,0,0,0
47156000,0,47.397742199999996,8.545593,490.439,0.0,0.0,0.0,0.0,0.0,0,0,0,0
47256000,0,47.397742199999996,8.545593,490.447,0.0,0.0,0.0,0.0,0.0,0,0,0,0
47356000,0,47.397742099999995,8.545592899999999,490.454,0.0,0.0,0.0,0.0,0.0,0,0,0,0
47456000,0,47.397742,8.5455928,490.461,0.0,0.0,0.0,0.0,0.0,0,0,0,0
47556000,0,47.3977419,8.5455927,490.468,0.0,0.0,0.0,0.0,0.0,0,0,0,0
47656000,0,47.3977419,8.5455927,490.474,0.0,0.0,0.0,0.0,0.0,0,0,0,0
47756000,0,47.3977418,8.545592599999999,490.48,0.0,0.0,0.0,0.0,0.0,0,0,0,0
47856000,0,47.3977418,8.5455925,490.486,0.0,0.0,0.0,0.0,0.0,0,0,0,0
47956000,0,47.3977418,8.5455925,490.491,0.0,0.0,0.0,0.0,0.0,0,0,0,0
48056000,0,47.3977417,8.5455924,490.496,0.0,0.0,0.0,0.0,0.0,0,0,0,0
48156000,0,47.3977417,8.5455924,490.5,0.0,0.0,0.0,0.0,0.0,0,0,0,0
48256000,0,47.3977417,8.5455924,490.504,0.0,0.0,0.0,0.0,0.0,0,0,0,0
48356000,0,47.3977417,8.5455923,490.508,0.0,0.0,0.0,0.0,0.0,0,0,0,0
48456000,0,47.3977417,8.5455923,490.511,0.0,0.0,0.0,0.0,0.0,0,0,0,0
48556000,0,47.3977417,8.5455923,490.513,0.0,0.0,0.0,0.0,0.0,0,0,0,0
48656000,0,47.3977417,8.5455922,490.515,0.0,0.0,0.0,0.0,0.0,0,0,0,0
48756000,0,47.3977417,8.5455922,490.517,0.0,0.0,0.0,0.0,0.0,0,0,0,0
48856000,0,47.3977417,8.5455922,490.518,0.0,0.0,0.0,0.0,0.0,0,0,0,0
48956000,0,47.3977417,8.5455922,490.52,0.0,0.0,0.0,0.0,0.0,0,0,0,0
49056000,0,47.3977418,8.5455922,490.521,0.0,0.0,0.0,0.0,0.0,0,0,0,0
49156000,0,47.3977418,8.5455922,490.522,0.0,0.0,0.0,0.0,0.0,0,0,0,0
49256000,0,47.3977418,8.5455922,490.523,0.0,0.0,0.0,0.0,0.0,0,0,0,0
49356000,0,47.3977419,8.5455922,490.524,0.0,0.0,0.0,0.0,0.0,0,0,0,0
49456000,0,47.3977419,8.5455922,490.526,0.0,0.0,0.0,0.0,0.0,0,0,0,0
49556000,0,47.397742,8.5455922,490.528,0.0,0.0,0.0,0.0,0.0,0,0,0,0
49656000,0,47.397742,8.5455922,490.529,0.0,0.0,0.0,0.0,0.0,0,0,0,0
49756000,0,47.397742,8.5455923,490.53,0.0,0.0,0.0,0.0,0.0,0,0,0,0
49856000,0,47.397742099999995,8.5455923,490.531,0.0,0.0,0.0,0.0,0.0,0,0,0,0
49956000,0,47.397742099999995,8.5455923,490.533,0.0,0.0,0.0,0.0,0.0,0,0,0,0
50056000,0,47.397742199999996,8.5455923,490.534,0.0,0.0,0.0,0.0,0.0,0,0,0,0
50156000,0,47.397742199999996,8.5455924,490.535,0.0,0.0,0.0,0.0,0.0,0,0,0,0
50256000,0,47.397742199999996,8.5455924,490.537,0.0,0.0,0.0,0.0,0.0,0,0,0,0
50356000,0,47.3977423,8.5455924,490.539,0.0,0.0,0.0,0.0,0.0,0,0,0,0
50456000,0,47.3977423,8.5455925,490.54,0.0,0.0,0.0,0.0,0.0,0,0,0,0
50556000,0,47.3977424,8.5455925,490.541,0.0,0.0,0.0,0.0,0.0,0,0,0,0
50656000,0,47.3977424,8.5455925,490.543,0.0,0.0,0.0,0.0,0.0,0,0,0,0
50756000,0,47.3977424,8.545592599999999,490.544,0.0,0.0,0.0,0.0,0.0,0,0,0,0
50856000,0,47.3977425,8.545592599999999,490.546,0.0,0.0,0.0,0.0,0.0,0,0,0,0
50956000,0,47.3977425,8.5455927,490.547,0.0,0.0,0.0,0.0,0.0,0,0,0,0
51056000,0,47.3977425,8.5455927,490.548,0.0,0.0,0.0,0.0,0.0,0,0,0,0
51156000,0,47.3977425,8.5455927,490.55,0.0,0.0,0.0,0.0,0.0,0,0,0,0
51256000,0,47.3977426,8.5455928,490.552,0.0,0.0,0.0,0.0,0.0,0,0,0,0
51356000,0,47.3977426,8.5455928,490.553,0.0,0.0,0.0,0.0,0.0,0,0,0,0
51456000,0,47.3977426,8.5455928,490.555,0.0,0.0,0.0,0.0,0.0,0,0,0,0
51556000,0,47.3977426,8.545592899999999,490.558,0.0,0.0,0.0,0.0,0.0,0,0,0,0
51656000,0,47.3977426,8.545592899999999,490.56,0.0,0.0,0.0,0.0,0.0,0,0,0,0
51756000,0,47.3977426,8.545592899999999,490.561,0.0,0.0,0.0,0.0,0.0,0,0,0,0
51856000,0,47.3977426,8.545592899999999,490.563,0.0,0.0,0.0,0.0,0.0,0,0,0,0
51956000,0,47.3977426,8.545593,490.565,0.0,0.0,0.0,0.0,0.0,0,0,0,0
52056000,0,47.3977426,8.545593,490.566,0.0,0.0,0.0,0.0,0.0,0,0,0,0
52156000,0,47.3977426,8.545593,490.567,0.0,0.0,0.0,0.0,0.0,0,0,0,0
52256000,0,47.3977426,8.545593,490.567,0.0,0.0,0.0,0.0,0.0,0,0,0,0
52356000,0,47.3977426,8.545593,490.566,0.0,0.0,0.0,0.0,0.0,0,0,0,0
52456000,0,47.3977425,8.545593,490.565,0.0,0.0,0.0,0.0,0.0,0,0,0,0
52556000,0,47.3977425,8.545593,490.564,0.0,0.0,0.0,0.0,0.0,0,0,0,0
52656000,0,47.3977425,8.5455931,490.564,0.0,0.0,0.0,0.0,0.0,0,0,0,0
52756000,0,47.3977425,8.5455931,490.562,0.0,0.0,0.0,0.0,0.0,0,0,0,0
52856000,0,47.3977425,8.5455931,490.561,0.0,0.0,0.0,0.0,0.0,0,0,0,0
52956000,0,47.3977425,8.5455931,490.559,0.0,0.0,0.0,0.0,0.0,0,0,0,0
53056000,0,47.3977424,8.5455931,490.557,0.0,0.0,0.0,0.0,0.0,0,0,0,0
53156000,0,47.3977424,8.5455931,490.556,0.0,0.0,0.0,0.0,0.0,0,0,0,0
53256000,0,47.3977424,8.5455931,490.555,0.0,0.0,0.0,0.0,0.0,0,0,0,0
53356000,0,47.3977424,8.5455931,490.554,0.0,0.0,0.0,0.0,0.0,0,0,0,0
53456000,0,47.3977423,8.545593199999999,490.553,0.0,0.0,0.0,0.0,0.0,0,0,0,0
53556000,0,47.3977423,8.545593199999999,490.553,0.0,0.0,0.0,0.0,0.0,0,0,0,0
53656000,0,47.3977423,8.545593199999999,490.553,0.0,0.0,0.0,0.0,0.0,0,0,0,0
53756000,0,47.3977423,8.545593199999999,490.553,0.0,0.0,0.0,0.0,0.0,0,0,0,0
53856000,0,47.3977423,8.545593199999999,490.554,0.0,0.0,0.0,0.0,0.0,0,0,0,0
53956000,0,47.397742199999996,8.5455931,490.554,0.0,0.0,0.0,0.0,0.0,0,0,0,0
54056000,0,47.397742199999996,8.5455931,490.555,0.0,0.0,0.0,0.0,0.0,0,0,0,0
54156000,0,47.397742199999996,8.5455931,490.555,0.0,0.0,0.0,0.0,0.0,0,0,0,0
54256000,0,47.397742199999996,8.5455931,490.555,0.0,0.0,0.0,0.0,0.0,0,0,0,0
54356000,0,47.397742199999996,8.5455931,490.555,0.0,0.0,0.0,0.0,0.0,0,0,0,0
54456000,0,47.397742099999995,8.5455931,490.555,0.0,0.0,0.0,0.0,0.0,0,0,0,0
54556000,0,47.397742099999995,8.5455931,490.555,0.0,0.0,0.0,0.0,0.0,0,0,0,0
54656000,0,47.397742099999995,8.5455931,490.555,0.0,0.0,0.0,0.0,0.0,0,0,0,0
54756000,0,47.397742099999995,8.545593,490.555,0.0,0.0,0.0,0.0,0.0,0,0,0,0
54856000,0,47.397742099999995,8.545593,490.555,0.0,0.0,0.0,0.0,0.0,0,0,0,0
54956000,0,47.397742099999995,8.545593,490.555,0.0,0.0,0.0,0.0,0.0,0,0,0,0
55056000,0,47.397742099999995,8.545593,490.556,0.0,0.0,0.0,0.0,0.0,0,0,0,0
55156000,0,47.397742099999995,8.545593,490.556,0.0,0.0,0.0,0.0,0.0,0,0,0,0
55256000,0,47.397742099999995,8.545593,490.556,0.0,0.0,0.0,0.0,0.0,0,0,0,0
55356000,0,47.397742099999995,8.545592899999999,490.555,0.0,0.0,0.0,0.0,0.0,0,0,0,0
55456000,0,47.397742099999995,8.545592899999999,490.554,0.0,0.0,0.0,0.0,0.0,0,0,0,0
55556000,0,47.397742099999995,8.545592899999999,490.554,0.0,0.0,0.0,0.0,0.0,0,0,0,0
55656000,0,47.397742099999995,8.545592899999999,490.553,0.0,0.0,0.0,0.0,0.0,0,0,0,0
55756000,0,47.397742099999995,8.545592899999999,490.553,0.0,0.0,0.0,0.0,0.0,0,0,0,0
55856000,0,47.397742099999995,8.545592899999999,490.553,0.0,0.0,0.0,0.0,0.0,0,0,0,0
55956000,0,47.397742099999995,8.545592899999999,490.553,0.0,0.0,0.0,0.0,0.0,0,0,0,0
56056000,0,47.397742099999995,8.545592899999999,490.553,0.0,0.0,0.0,0.0,0.0,0,0,0,0
56156000,0,47.397742099999995,8.5455928,490.554,0.0,0.0,0.0,0.0,0.0,0,0,0,0
56256000,0,47.397742099999995,8.5455928,490.554,0.0,0.0,0.0,0.0,0.0,0,0,0,0
56356000,0,47.397742099999995,8.5455928,490.555,0.0,0.0,0.0,0.0,0.0,0,0,0,0
56456000,0,47.397742099999995,8.5455928,490.555,0.0,0.0,0.0,0.0,0.0,0,0,0,0
56556000,0,47.397742099999995,8.5455928,490.556,0.0,0.0,0.0,0.0,0.0,0,0,0,0
56656000,0,47.397742099999995,8.5455928,490.556,0.0,0.0,0.0,0.0,0.0,0,0,0,0
56756000,0,47.397742099999995,8.5455928,490.557,0.0,0.0,0.0,0.0,0.0,0,0,0,0
56856000,0,47.397742099999995,8.5455928,490.558,0.0,0.0,0.0,0.0,0.0,0,0,0,0
56956000,0,47.397742099999995,8.5455928,490.558,0.0,0.0,0.0,0.0,0.0,0,0,0,0
57056000,0,47.397742099999995,8.5455928,490.559,0.0,0.0,0.0,0.0,0.0,0,0,0,0
57156000,0,47.397742099999995,8.545592899999999,490.56,0.0,0.0,0.0,0.0,0.0,0,0,0,0
57256000,0,47.397742199999996,8.545592899999999,490.561,0.0,0.0,0.0,0.0,0.0,0,0,0,0
57356000,0,47.397742199999996,8.545592899999999,490.562,0.0,0.0,0.0,0.0,0.0,0,0,0,0
57456000,0,47.397742199999996,8.545592899999999,490.563,0.0,0.0,0.0,0.0,0.0,0,0,0,0
57556000,0,47.397742199999996,8.545593,490.563,0.0,0.0,0.0,0.0,0.0,0,0,0,0
57656000,0,47.397742199999996,8.545593,490.564,0.0,0.0,0.0,0.0,0.0,0,0,0,0
57756000,0,47.397742199999996,8.545593,490.565,0.0,0.0,0.0,0.0,0.0,0,0,0,0
57856000,0,47.397742199999996,8.545593,490.565,0.0,0.0,0.0,0.0,0.0,0,0,0,0
57956000,0,47.397742199999996,8.5455931,490.566,0.0,0.0,0.0,0.0,0.0,0,0,0,0
58056000,0,47.397742199999996,8.5455931,490.566,0.0,0.0,0.0,0.0,0.0,0,0,0,0
58156000,0,47.397742199999996,8.5455931,490.566,0.0,0.0,0.0,0.0,0.0,0,0,0,0
58256000,0,47.397742199999996,8.545593199999999,490.566,0.0,0.0,0.0,0.0,0.0,0,0,0,0
58356000,0,47.397742199999996,8.545593199999999,490.566,0.0,0.0,0.0,0.0,0.0,0,0,0,0
58456000,0,47.397742199999996,8.545593199999999,490.566,0.0,0.0,0.0,0.0,0.0,0,0,0,0
58556000,0,47.397742199999996,8.545593199999999,490.565,0.0,0.0,0.0,0.0,0.0,0,0,0,0
58656000,0,47.3977423,8.5455933,490.563,0.0,0.0,0.0,0.0,0.0,0,0,0,0
58756000,0,47.3977423,8.5455933,490.561,0.0,0.0,0.0,0.0,0.0,0,0,0,0
58856000,0,47.3977423,8.5455933,490.558,0.0,0.0,0.0,0.0,0.0,0,0,0,0
58956000,0,47.3977423,8.5455933,490.556,0.0,0.0,0.0,0.0,0.0,0,0,0,0
59056000,0,47.3977423,8.5455933,490.553,0.0,0.0,0.0,0.0,0.0,0,0,0,0
59156000,0,47.3977423,8.5455934,490.55,0.0,0.0,0.0,0.0,0.0,0,0,0,0
59256000,0,47.3977423,8.5455934,490.548,0.0,0.0,0.0,0.0,0.0,0,0,0,0
59356000,0,47.3977423,8.5455934,490.545,0.0,0.0,0.0,0.0,0.0,0,0,0,0
59456000,0,47.3977423,8.5455934,490.543,0.0,0.0,0.0,0.0,0.0,0,0,0,0
59556000,0,47.3977423,8.5455934,490.541,0.0,0.0,0.0,0.0,0.0,0,0,0,0
59656000,0,47.3977423,8.5455934,490.539,0.0,0.0,0.0,0.0,0.0,0,0,0,0
59756000,0,47.3977423,8.545593499999999,490.538,0.0,0.0,0.0,0.0,0.0,0,0,0,0
59856000,0,47.3977423,8.545593499999999,490.537,0.0,0.0,0.0,0.0,0.0,0,0,0,0
59956000,0,47.3977423,8.545593499999999,490.535,0.0,0.0,0.0,0.0,0.0,0,0,0,0
60056000,0,47.3977423,8.545593499999999,490.533,0.0,0.0,0.0,0.0,0.0,0,0,0,0
60156000,0,47.3977423,8.545593499999999,490.531,0.0,0.0,0.0,0.0,0.0,0,0,0,0
60256000,0,47.3977423,8.545593499999999,490.529,0.0,0.0,0.0,0.0,0.0,0,0,0,0
60356000,0,47.3977423,8.545593499999999,490.526,0.0,0.0,0.0,0.0,0.0,0,0,0,0
60456000,0,47.3977423,8.5455936,490.523,0.0,0.0,0.0,0.0,0.0,0,0,0,0
60556000,0,47.3977423,8.5455936,490.519,0.0,0.0,0.0,0.0,0.0,0,0,0,0
60656000,0,47.397742199999996,8.5455936,490.515,0.0,0.0,0.0,0.0,0.0,0,0,0,0
60756000,0,47.397742199999996,8.5455936,490.512,0.0,0.0,0.0,0.0,0.0,0,0,0,0
60856000,0,47.397742199999996,8.5455936,490.508,0.0,0.0,0.0,0.0,0.0,0,0,0,0
60956000,0,47.397742199999996,8.5455936,490.504,0.0,0.0,0.0,0.0,0.0,0,0,0,0
61056000,0,47.397742199999996,8.5455936,490.501,0.0,0.0,0.0,0.0,0.0,0,0,0,0
61156000,0,47.397742199999996,8.5455936,490.498,0.0,0.0,0.0,0.0,0.0,0,0,0,0
61256000,0,47.397742099999995,8.5455936,490.495,0.0,0.0,0.0,0.0,0.0,0,0,0,0
61356000,0,47.397742099999995,8.5455936,490.493,0.0,0.0,0.0,0.0,0.0,0,0,0,0
61456000,0,47.397742099999995,8.5455936,490.49,0.0,0.0,0.0,0.0,0.0,0,0,0,0
61556000,0,47.397742099999995,8.5455936,490.489,0.0,0.0,0.0,0.0,0.0,0,0,0,0
61656000,0,47.397742099999995,8.5455936,490.487,0.0,0.0,0.0,0.0,0.0,0,0,0,0
61756000,0,47.397742,8.5455936,490.486,0.0,0.0,0.0,0.0,0.0,0,0,0,0
61856000,0,47.397742,8.5455936,490.486,0.0,0.0,0.0,0.0,0.0,0,0,0,0
61956000,0,47.397742,8.5455936,490.485,0.0,0.0,0.0,0.0,0.0,0,0,0,0
62056000,0,47.3977419,8.5455936,490.485,0.0,0.0,0.0,0.0,0.0,0,0,0,0
62156000,0,47.3977419,8.5455936,490.485,0.0,0.0,0.0,0.0,0.0,0,0,0,0
62256000,0,47.3977419,8.5455937,490.485,0.0,0.0,0.0,0.0,0.0,0,0,0,0
62356000,0,47.3977419,8.5455937,490.486,0.0,0.0,0.0,0.0,0.0,0,0,0,0
62456000,0,47.3977418,8.5455937,490.486,0.0,0.0,0.0,0.0,0.0,0,0,0,0
62556000,0,47.3977418,8.5455937,490.486,0.0,0.0,0.0,0.0,0.0,0,0,0,0
62656000,0,47.3977418,8.5455937,490.486,0.0,0.0,0.0,0.0,0.0,0,0,0,0
62756000,0,47.3977418,8.5455937,490.486,0.0,0.0,0.0,0.0,0.0,0,0,0,0
62856000,0,47.3977417,8.5455937,490.486,0.0,0.0,0.0,0.0,0.0,0,0,0,0
62956000,0,47.3977417,8.5455937,490.486,0.0,0.0,0.0,0.0,0.0,0,0,0,0
63056000,0,47.3977417,8.5455937,490.486,0.0,0.0,0.0,0.0,0.0,0,0,0,0
63156000,0,47.3977417,8.5455937,490.487,0.0,0.0,0.0,0.0,0.0,0,0,0,0
63256000,0,47.397741599999996,8.5455937,490.487,0.0,0.0,0.0,0.0,0.0,0,0,0,0
63356000,0,47.397741599999996,8.5455937,490.487,0.0,0.0,0.0,0.0,0.0,0,0,0,0
63456000,0,47.397741599999996,8.5455937,490.487,0.0,0.0,0.0,0.0,0.0,0,0,0,0
63556000,0,47.397741599999996,8.5455937,490.488,0.0,0.0,0.0,0.0,0.0,0,0,0,0
63656000,0,47.397741599999996,8.5455937,490.488,0.0,0.0,0.0,0.0,0.0,0,0,0,0
63756000,0,47.397741599999996,8.5455937,490.488,0.0,0.0,0.0,0.0,0.0,0,0,0,0
63856000,0,47.397741499999995,8.5455937,490.488,0.0,0.0,0.0,0.0,0.0,0,0,0,0
63956000,0,47.397741499999995,8.5455937,490.489,0.0,0.0,0.0,0.0,0.0,0,0,0,0
64056000,0,47.397741499999995,8.5455937,490.489,0.0,0.0,0.0,0.0,0.0,0,0,0,0
64156000,0,47.397741499999995,8.5455937,490.489,0.0,0.0,0.0,0.0,0.0,0,0,0,0
64256000,0,47.397741499999995,8.5455937,490.489,0.0,0.0,0.0,0.0,0.0,0,0,0,0
64356000,0,47.397741499999995,8.5455937,490.489,0.0,0.0,0.0,0.0,0.0,0,0,0,0
64456000,0,47.397741499999995,8.5455937,490.489,0.0,0.0,0.0,0.0,0.0,0,0,0,0
64556000,0,47.397741499999995,8.5455937,490.489,0.0,0.0,0.0,0.0,0.0,0,0,0,0
64656000,0,47.397741499999995,8.5455937,490.488,0.0,0.0,0.0,0.0,0.0,0,0,0,0
64756000,0,47.397741499999995,8.5455937,490.488,0.0,0.0,0.0,0.0,0.0,0,0,0,0
64856000,0,47.397741499999995,8.5455937,490.488,0.0,0.0,0.0,0.0,0.0,0,0,0,0
64956000,0,47.397741499999995,8.5455937,490.487,0.0,0.0,0.0,0.0,0.0,0,0,0,0
65056000,0,47.397741499999995,8.5455937,490.486,0.0,0.0,0.0,0.0,0.0,0,0,0,0
65156000,0,47.397741599999996,8.5455936,490.486,0.0,0.0,0.0,0.0,0.0,0,0,0,0
65256000,0,47.397741599999996,8.5455936,490.485,0.0,0.0,0.0,0.0,0.0,0,0,0,0
65356000,0,47.397741599999996,8.5455936,490.484,0.0,0.0,0.0,0.0,0.0,0,0,0,0
65456000,0,47.397741599999996,8.5455936,490.483,0.0,0.0,0.0,0.0,0.0,0,0,0,0
65556000,0,47.397741599999996,8.5455936,490.482,0.0,0.0,0.0,0.0,0.0,0,0,0,0
65656000,0,47.397741599999996,8.5455936,490.481,0.0,0.0,0.0,0.0,0.0,0,0,0,0
65756000,0,47.397741599999996,8.5455936,490.479,0.0,0.0,0.0,0.0,0.0,0,0,0,0
65856000,0,47.397741599999996,8.5455936,490.478,0.0,0.0,0.0,0.0,0.0,0,0,0,0
65956000,0,47.397741599999996,8.5455936,490.477,0.0,0.0,0.0,0.0,0.0,0,0,0,0
66056000,0,47.397741599999996,8.5455936,490.476,0.0,0.0,0.0,0.0,0.0,0,0,0,0
66156000,0,47.397741599999996,8.5455936,490.475,0.0,0.0,0.0,0.0,0.0,0,0,0,0
66256000,0,47.397741599999996,8.5455936,490.474,0.0,0.0,0.0,0.0,0.0,0,0,0,0
66356000,0,47.3977417,8.5455936,490.474,0.0,0.0,0.0,0.0,0.0,0,0,0,0
66456000,0,47.3977417,8.5455936,490.472,0.0,0.0,0.0,0.0,0.0,0,0,0,0
66556000,0,47.3977417,8.5455936,490.471,0.0,0.0,0.0,0.0,0.0,0,0,0,0
66656000,0,47.3977417,8.5455936,490.469,0.0,0.0,0.0,0.0,0.0,0,0,0,0
66756000,0,47.3977417,8.5455936,490.468,0.0,0.0,0.0,0.0,0.0,0,0,0,0
66856000,0,47.397741599999996,8.5455936,490.466,0.0,0.0,0.0,0.0,0.0,0,0,0,0
66956000,0,47.397741599999996,8.5455936,490.464,0.0,0.0,0.0,0.0,0.0,0,0,0,0
67056000,0,47.397741599999996,8.5455936,490.461,0.0,0.0,0.0,0.0,0.0,0,0,0,0
67156000,0,47.397741599999996,8.5455936,490.459,0.0,0.0,0.0,0.0,0.0,0,0,0,0
67256000,0,47.397741599999996,8.5455936,490.457,0.0,0.0,0.0,0.0,0.0,0,0,0,0
67356000,0,47.397741599999996,8.5455936,490.454,0.0,0.0,0.0,0.0,0.0,0,0,0,0
67456000,0,47.397741599999996,8.545593499999999,490.452,0.0,0.0,0.0,0.0,0.0,0,0,0,0
67556000,0,47.397741599999996,8.545593499999999,490.449,0.0,0.0,0.0,0.0,0.0,0,0,0,0
67656000,0,47.397741599999996,8.545593499999999,490.447,0.0,0.0,0.0,0.0,0.0,0,0,0,0
67756000,0,47.3977417,8.545593499999999,490.444,0.0,0.0,0.0,0.0,0.0,0,0,0,0
67856000,0,47.3977417,8.545593499999999,490.441,0.0,0.0,0.0,0.0,0.0,0,0,0,0
67956000,0,47.3977417,8.545593499999999,490.439,0.0,0.0,0.0,0.0,0.0,0,0,0,0
68056000,0,47.3977417,8.545593499999999,490.436,0.0,0.0,0.0,0.0,0.0,0,0,0,0
68156000,0,47.3977417,8.545593499999999,490.434,0.0,0.0,0.0,0.0,0.0,0,0,0,0
68256000,0,47.3977417,8.545593499999999,490.432,0.0,0.0,0.0,0.0,0.0,0,0,0,0
68356000,0,47.3977417,8.5455934,490.43,0.0,0.0,0.0,0.0,0.0,0,0,0,0
68456000,0,47.3977417,8.5455934,490.427,0.0,0.0,0.0,0.0,0.0,0,0,0,0
68556000,0,47.3977417,8.5455934,490.425,0.0,0.0,0.0,0.0,0.0,0,0,0,0
68656000,0,47.3977417,8.5455934,490.422,0.0,0.0,0.0,0.0,0.0,0,0,0,0
68756000,0,47.3977417,8.5455933,490.418,0.0,0.0,0.0,0.0,0.0,0,0,0,0
68856000,0,47.3977417,8.5455933,490.415,0.0,0.0,0.0,0.0,0.0,0,0,0,0
68956000,0,47.3977417,8.5455933,490.411,0.0,0.0,0.0,0.0,0.0,0,0,0,0
69056000,0,47.3977417,8.545593199999999,490.407,0.0,0.0,0.0,0.0,0.0,0,0,0,0
69156000,0,47.3977417,8.545593199999999,490.403,0.0,0.0,0.0,0.0,0.0,0,0,0,0
69256000,0,47.3977417,8.545593199999999,490.399,0.0,0.0,0.0,0.0,0.0,0,0,0,0
69356000,0,47.3977417,8.545593199999999,490.394,0.0,0.0,0.0,0.0,0.0,0,0,0,0
69456000,0,47.3977417,8.5455931,490.39,0.0,0.0,0.0,0.0,0.0,0,0,0,0
69556000,0,47.3977417,8.5455931,490.385,0.0,0.0,0.0,0.0,0.0,0,0,0,0
69656000,0,47.3977417,8.5455931,490.38,0.0,0.0,0.0,0.0,0.0,0,0,0,0
69756000,0,47.3977417,8.5455931,490.375,0.0,0.0,0.0,0.0,0.0,0,0,0,0
69856000,0,47.3977417,8.5455931,490.369,0.0,0.0,0.0,0.0,0.0,0,0,0,0
69956000,0,47.3977417,8.545593,490.364,0.0,0.0,0.0,0.0,0.0,0,0,0,0
70056000,0,47.3977418,8.545593,490.359,0.0,0.0,0.0,0.0,0.0,0,0,0,0
70156000,0,47.3977418,8.545593,490.354,0.0,0.0,0.0,0.0,0.0,0,0,0,0
70256000,0,47.3977418,8.545593,490.35,0.0,0.0,0.0,0.0,0.0,0,0,0,0
70356000,0,47.3977418,8.545593,490.346,0.0,0.0,0.0,0.0,0.0,0,0,0,0
70456000,0,47.3977418,8.545593,490.342,0.0,0.0,0.0,0.0,0.0,0,0,0,0
70556000,0,47.3977418,8.545593,490.339,0.0,0.0,0.0,0.0,0.0,0,0,0,0
70656000,0,47.3977419,8.545593,490.335,0.0,0.0,0.0,0.0,0.0,0,0,0,0
70756000,0,47.3977419,8.545593,490.332,0.0,0.0,0.0,0.0,0.0,0,0,0,0
70856000,0,47.3977419,8.545593,490.329,0.0,0.0,0.0,0.0,0.0,0,0,0,0
70956000,0,47.3977419,8.545593,490.326,0.0,0.0,0.0,0.0,0.0,0,0,0,0
71056000,0,47.397742,8.545593,490.322,0.0,0.0,0.0,0.0,0.0,0,0,0,0
71156000,0,47.397742,8.545593,490.319,0.0,0.0,0.0,0.0,0.0,0,0,0,0
71256000,0,47.397742,8.545593,490.315,0.0,0.0,0.0,0.0,0.0,0,0,0,0
71356000,0,47.397742,8.545593,490.312,0.0,0.0,0.0,0.0,0.0,0,0,0,0
71456000,0,47.397742099999995,8.545593,490.309,0.0,0.0,0.0,0.0,0.0,0,0,0,0
71556000,0,47.397742099999995,8.545593,490.305,0.0,0.0,0.0,0.0,0.0,0,0,0,0
71656000,0,47.397742099999995,8.545593,490.302,0.0,0.0,0.0,0.0,0.0,0,0,0,0
71756000,0,47.397742099999995,8.5455931,490.299,0.0,0.0,0.0,0.0,0.0,0,0,0,0
71856000,0,47.397742199999996,8.5455931,490.296,0.0,0.0,0.0,0.0,0.0,0,0,0,0
71956000,0,47.397742199999996,8.5455931,490.294,0.0,0.0,0.0,0.0,0.0,0,0,0,0
72056000,0,47.397742199999996,8.5455931,490.292,0.0,0.0,0.0,0.0,0.0,0,0,0,0
72156000,0,47.397742199999996,8.5455931,490.29,0.0,0.0,0.0,0.0,0.0,0,0,0,0
72256000,0,47.397742199999996,8.5455931,490.289,0.0,0.0,0.0,0.0,0.0,0,0,0,0
72356000,0,47.397742199999996,8.5455931,490.287,0.0,0.0,0.0,0.0,0.0,0,0,0,0
72456000,0,47.397742199999996,8.545593199999999,490.286,0.0,0.0,0.0,0.0,0.0,0,0,0,0
72556000,0,47.397742199999996,8.545593199999999,490.285,0.0,0.0,0.0,0.0,0.0,0,0,0,0
72656000,0,47.397742199999996,8.545593199999999,490.285,0.0,0.0,0.0,0.0,0.0,0,0,0,0
72756000,0,47.397742199999996,8.545593199999999,490.284,0.0,0.0,0.0,0.0,0.0,0,0,0,0
72856000,0,47.397742199999996,8.545593199999999,490.283,0.0,0.0,0.0,0.0,0.0,0,0,0,0
72956000,0,47.397742199999996,8.545593199999999,490.283,0.0,0.0,0.0,0.0,0.0,0,0,0,0
73056000,0,47.397742199999996,8.545593199999999,490.282,0.0,0.0,0.0,0.0,0.0,0,0,0,0
73156000,0,47.397742199999996,8.5455933,490.282,0.0,0.0,0.0,0.0,0.0,0,0,0,0
73256000,0,47.397742199999996,8.5455933,490.281,0.0,0.0,0.0,0.0,0.0,0,0,0,0
73356000,0,47.397742199999996,8.5455933,490.28,0.0,0.0,0.0,0.0,0.0,0,0,0,0
73456000,0,47.397742199999996,8.5455933,490.279,0.0,0.0,0.0,0.0,0.0,0,0,0,0
73556000,0,47.397742199999996,8.5455933,490.278,0.0,0.0,0.0,0.0,0.0,0,0,0,0
73656000,0,47.397742199999996,8.5455933,490.277,0.0,0.0,0.0,0.0,0.0,0,0,0,0
73756000,0,47.397742199999996,8.5455934,490.276,0.0,0.0,0.0,0.0,0.0,0,0,0,0
73856000,0,47.397742099999995,8.5455934,490.275,0.0,0.0,0.0,0.0,0.0,0,0,0,0
73956000,0,47.397742099999995,8.5455934,490.274,0.0,0.0,0.0,0.0,0.0,0,0,0,0
74056000,0,47.397742099999995,8.5455934,490.273,0.0,0.0,0.0,0.0,0.0,0,0,0,0
74156000,0,47.397742099999995,8.5455934,490.272,0.0,0.0,0.0,0.0,0.0,0,0,0,0
74256000,0,47.397742099999995,8.5455934,490.271,0.0,0.0,0.0,0.0,0.0,0,0,0,0
74356000,0,47.397742099999995,8.5455934,490.27,0.0,0.0,0.0,0.0,0.0,0,0,0,0
74456000,0,47.397742099999995,8.5455934,490.269,0.0,0.0,0.0,0.0,0.0,0,0,0,0
74556000,0,47.397742,8.5455934,490.267,0.0,0.0,0.0,0.0,0.0,0,0,0,0
74656000,0,47.397742,8.545593499999999,490.266,0.0,0.0,0.0,0.0,0.0,0,0,0,0
74756000,0,47.397742,8.545593499999999,490.266,0.0,0.0,0.0,0.0,0.0,0,0,0,0
74856000,0,47.397742,8.545593499999999,490.265,0.0,0.0,0.0,0.0,0.0,0,0,0,0
74956000,0,47.397742,8.545593499999999,490.265,0.0,0.0,0.0,0.0,0.0,0,0,0,0
75056000,0,47.397742,8.545593499999999,490.266,0.0,0.0,0.0,0.0,0.0,0,0,0,0
75156000,0,47.397742,8.545593499999999,490.266,0.0,0.0,0.0,0.0,0.0,0,0,0,0
75256000,0,47.397742,8.545593499999999,490.266,0.0,0.0,0.0,0.0,0.0,0,0,0,0
75356000,0,47.397742,8.545593499999999,490.267,0.0,0.0,0.0,0.0,0.0,0,0,0,0
75456000,0,47.397742,8.5455936,490.268,0.0,0.0,0.0,0.0,0.0,0,0,0,0
75556000,0,47.3977419,8.5455936,490.269,0.0,0.0,0.0,0.0,0.0,0,0,0,0
75656000,0,47.3977419,8.5455936,490.27,0.0,0.0,0.0,0.0,0.0,0,0,0,0
75756000,0,47.3977419,8.5455936,490.271,0.0,0.0,0.0,0.0,0.0,0,0,0,0
75856000,0,47.3977419,8.5455936,490.272,0.0,0.0,0.0,0.0,0.0,0,0,0,0
75956000,0,47.3977419,8.5455936,490.272,0.0,0.0,0.0,0.0,0.0,0,0,0,0
76056000,0,47.3977419,8.5455937,490.273,0.0,0.0,0.0,0.0,0.0,0,0,0,0
76156000,0,47.3977419,8.5455937,490.273,0.0,0.0,0.0,0.0,0.0,0,0,0,0
76256000,0,47.3977419,8.5455937,490.273,0.0,0.0,0.0,0.0,0.0,0,0,0,0
76356000,0,47.3977419,8.5455937,490.273,0.0,0.0,0.0,0.0,0.0,0,0,0,0
76456000,0,47.3977419,8.5455937,490.273,0.0,0.0,0.0,0.0,0.0,0,0,0,0
76556000,0,47.3977419,8.5455937,490.273,0.0,0.0,0.0,0.0,0.0,0,0,0,0
76656000,0,47.3977419,8.5455937,490.273,0.0,0.0,0.0,0.0,0.0,0,0,0,0
76756000,0,47.3977419,8.545593799999999,490.272,0.0,0.0,0.0,0.0,0.0,0,0,0,0
76856000,0,47.3977419,8.545593799999999,490.273,0.0,0.0,0.0,0.0,0.0,0,0,0,0
76956000,0,47.3977419,8.545593799999999,490.273,0.0,0.0,0.0,0.0,0.0,0,0,0,0
77056000,0,47.3977419,8.545593799999999,490.273,0.0,0.0,0.0,0.0,0.0,0,0,0,0
77156000,0,47.397742,8.545593799999999,490.274,0.0,0.0,0.0,0.0,0.0,0,0,0,0
77256000,0,47.397742,8.545593799999999,490.275,0.0,0.0,0.0,0.0,0.0,0,0,0,0
77356000,0,47.397742,8.545593799999999,490.276,0.0,0.0,0.0,0.0,0.0,0,0,0,0
77456000,0,47.397742,8.545593799999999,490.277,0.0,0.0,0.0,0.0,0.0,0,0,0,0
77556000,0,47.397742,8.545593799999999,490.278,0.0,0.0,0.0,0.0,0.0,0,0,0,0
77656000,0,47.397742099999995,8.545593799999999,490.279,0.0,0.0,0.0,0.0,0.0,0,0,0,0
77756000,0,47.397742099999995,8.545593799999999,490.281,0.0,0.0,0.0,0.0,0.0,0,0,0,0
77856000,0,47.397742099999995,8.545593799999999,490.283,0.0,0.0,0.0,0.0,0.0,0,0,0,0
77956000,0,47.397742199999996,8.545593799999999,490.284,0.0,0.0,0.0,0.0,0.0,0,0,0,0
78056000,0,47.397742199999996,8.545593799999999,490.286,0.0,0.0,0.0,0.0,0.0,0,0,0,0
78156000,0,47.397742199999996,8.545593799999999,490.289,0.0,0.0,0.0,0.0,0.0,0,0,0,0
78256000,0,47.3977423,8.545593799999999,490.291,0.0,0.0,0.0,0.0,0.0,0,0,0,0
78356000,0,47.3977423,8.545593799999999,490.293,0.0,0.0,0.0,0.0,0.0,0,0,0,0
78456000,0,47.3977424,8.545593799999999,490.296,0.0,0.0,0.0,0.0,0.0,0,0,0,0
78556000,0,47.3977424,8.545593799999999,490.299,0.0,0.0,0.0,0.0,0.0,0,0,0,0
78656000,0,47.3977424,8.545593799999999,490.302,0.0,0.0,0.0,0.0,0.0,0,0,0,0
78756000,0,47.3977425,8.5455937,490.305,0.0,0.0,0.0,0.0,0.0,0,0,0,0
78856000,0,47.3977425,8.5455937,490.309,0.0,0.0,0.0,0.0,0.0,0,0,0,0
78956000,0,47.3977426,8.5455937,490.313,0.0,0.0,0.0,0.0,0.0,0,0,0,0
79056000,0,47.3977426,8.5455937,490.317,0.0,0.0,0.0,0.0,0.0,0,0,0,0
79156000,0,47.3977426,8.5455937,490.32,0.0,0.0,0.0,0.0,0.0,0,0,0,0
79256000,0,47.397742699999995,8.5455936,490.324,0.0,0.0,0.0,0.0,0.0,0,0,0,0
79356000,0,47.397742699999995,8.5455936,490.328,0.0,0.0,0.0,0.0,0.0,0,0,0,0
79456000,0,47.397742699999995,8.5455936,490.331,0.0,0.0,0.0,0.0,0.0,0,0,0,0
79556000,0,47.397742799999996,8.5455936,490.334,0.0,0.0,0.0,0.0,0.0,0,0,0,0
79656000,0,47.397742799999996,8.545593499999999,490.337,0.0,0.0,0.0,0.0,0.0,0,0,0,0
79756000,0,47.397742799999996,8.545593499999999,490.339,0.0,0.0,0.0,0.0,0.0,0,0,0,0
79856000,0,47.397742799999996,8.545593499999999,490.341,0.0,0.0,0.0,0.0,0.0,0,0,0,0
79956000,0,47.3977429,8.5455934,490.343,0.0,0.0,0.0,0.0,0.0,0,0,0,0
80056000,0,47.3977429,8.5455934,490.345,0.0,0.0,0.0,0.0,0.0,0,0,0,0
80156000,0,47.3977429,8.5455934,490.347,0.0,0.0,0.0,0.0,0.0,0,0,0,0
80256000,0,47.3977429,8.5455934,490.349,0.0,0.0,0.0,0.0,0.0,0,0,0,0
80356000,0,47.3977429,8.5455933,490.351,0.0,0.0,0.0,0.0,0.0,0,0,0,0
80456000,0,47.397743,8.5455933,490.353,0.0,0.0,0.0,0.0,0.0,0,0,0,0
80552000,0,47.397743,8.5455933,490.355,0.0,0.0,0.0,0.0,0.0,0,0,0,0
80656000,0,47.397743,8.5455933,490.357,0.0,0.0,0.0,0.0,0.0,0,0,0,0
80756000,0,47.397743,8.5455933,490.359,0.0,0.0,0.0,0.0,0.0,0,0,0,0
80856000,0,47.397743,8.5455933,490.362,0.0,0.0,0.0,0.0,0.0,0,0,0,0
80956000,0,47.397743,8.5455933,490.364,0.0,0.0,0.0,0.0,0.0,0,0,0,0
81056000,0,47.397743,8.5455933,490.366,0.0,0.0,0.0,0.0,0.0,0,0,0,0
81156000,0,47.397743,8.5455933,490.368,0.0,0.0,0.0,0.0,0.0,0,0,0,0
81256000,0,47.397743,8.5455933,490.37,0.0,0.0,0.0,0.0,0.0,0,0,0,0
81356000,0,47.397743,8.5455933,490.372,0.0,0.0,0.0,0.0,0.0,0,0,0,0
81456000,0,47.397743,8.5455933,490.374,0.0,0.0,0.0,0.0,0.0,0,0,0,0
81556000,0,47.3977429,8.5455933,490.377,0.0,0.0,0.0,0.0,0.0,0,0,0,0
81656000,0,47.3977429,8.5455933,490.379,0.0,0.0,0.0,0.0,0.0,0,0,0,0
81756000,0,47.3977429,8.5455933,490.381,0.0,0.0,0.0,0.0,0.0,0,0,0,0
81856000,0,47.3977429,8.5455933,490.383,0.0,0.0,0.0,0.0,0.0,0,0,0,0
81956000,0,47.397742799999996,8.5455933,490.386,0.0,0.0,0.0,0.0,0.0,0,0,0,0
82056000,0,47.397742799999996,8.5455933,490.388,0.0,0.0,0.0,0.0,0.0,0,0,0,0
82156000,0,47.397742699999995,8.5455933,490.39,0.0,0.0,0.0,0.0,0.0,0,0,0,0
82256000,0,47.397742699999995,8.5455934,490.393,0.0,0.0,0.0,0.0,0.0,0,0,0,0
82356000,0,47.397742699999995,8.5455934,490.395,0.0,0.0,0.0,0.0,0.0,0,0,0,0
82456000,0,47.3977426,8.5455934,490.397,0.0,0.0,0.0,0.0,0.0,0,0,0,0
82556000,0,47.3977426,8.5455934,490.399,0.0,0.0,0.0,0.0,0.0,0,0,0,0
82656000,0,47.3977425,8.5455934,490.4,0.0,0.0,0.0,0.0,0.0,0,0,0,0
82756000,0,47.3977425,8.5455934,490.401,0.0,0.0,0.0,0.0,0.0,0,0,0,0
82856000,0,47.3977424,8.5455934,490.401,0.0,0.0,0.0,0.0,0.0,0,0,0,0
82956000,0,47.3977424,8.5455934,490.402,0.0,0.0,0.0,0.0,0.0,0,0,0,0
83056000,0,47.3977424,8.5455934,490.403,0.0,0.0,0.0,0.0,0.0,0,0,0,0
83156000,0,47.3977423,8.5455934,490.403,0.0,0.0,0.0,0.0,0.0,0,0,0,0
83256000,0,47.3977423,8.5455934,490.404,0.0,0.0,0.0,0.0,0.0,0,0,0,0
83356000,0,47.397742199999996,8.5455934,490.405,0.0,0.0,0.0,0.0,0.0,0,0,0,0
83456000,0,47.397742199999996,8.5455934,490.405,0.0,0.0,0.0,0.0,0.0,0,0,0,0
83556000,0,47.397742199999996,8.5455934,490.406,0.0,0.0,0.0,0.0,0.0,0,0,0,0
83656000,0,47.397742099999995,8.5455934,490.407,0.0,0.0,0.0,0.0,0.0,0,0,0,0
83756000,0,47.397742099999995,8.5455934,490.408,0.0,0.0,0.0,0.0,0.0,0,0,0,0
83856000,0,47.397742099999995,8.5455934,490.41,0.0,0.0,0.0,0.0,0.0,0,0,0,0
83956000,0,47.397742,8.5455934,490.411,0.0,0.0,0.0,0.0,0.0,0,0,0,0
84056000,0,47.397742,8.5455934,490.412,0.0,0.0,0.0,0.0,0.0,0,0,0,0
84156000,0,47.397742,8.5455933,490.414,0.0,0.0,0.0,0.0,0.0,0,0,0,0
84256000,0,47.3977419,8.5455933,490.415,0.0,0.0,0.0,0.0,0.0,0,0,0,0
84356000,0,47.3977419,8.5455933,490.416,0.0,0.0,0.0,0.0,0.0,0,0,0,0
84456000,0,47.3977419,8.5455933,490.418,0.0,0.0,0.0,0.0,0.0,0,0,0,0
84556000,0,47.3977419,8.5455933,490.419,0.0,0.0,0.0,0.0,0.0,0,0,0,0
84656000,0,47.3977418,8.5455933,490.421,0.0,0.0,0.0,0.0,0.0,0,0,0,0
84756000,0,47.3977418,8.545593199999999,490.423,0.0,0.0,0.0,0.0,0.0,0,0,0,0
84856000,0,47.3977418,8.545593199999999,490.425,0.0,0.0,0.0,0.0,0.0,0,0,0,0
84956000,0,47.3977418,8.545593199999999,490.426,0.0,0.0,0.0,0.0,0.0,0,0,0,0
85056000,0,47.3977418,8.545593199999999,490.428,0.0,0.0,0.0,0.0,0.0,0,0,0,0
85156000,0,47.3977417,8.545593199999999,490.429,0.0,0.0,0.0,0.0,0.0,0,0,0,0
85256000,0,47.3977417,8.545593199999999,490.431,0.0,0.0,0.0,0.0,0.0,0,0,0,0
85356000,0,47.3977417,8.545593199999999,490.432,0.0,0.0,0.0,0.0,0.0,0,0,0,0
85456000,0,47.3977417,8.545593199999999,490.433,0.0,0.0,0.0,0.0,0.0,0,0,0,0
85556000,0,47.3977417,8.545593199999999,490.434,0.0,0.0,0.0,0.0,0.0,0,0,0,0
85656000,0,47.3977417,8.545593199999999,490.435,0.0,0.0,0.0,0.0,0.0,0,0,0,0
85756000,0,47.3977417,8.545593199999999,490.435,0.0,0.0,0.0,0.0,0.0,0,0,0,0
85856000,0,47.3977417,8.5455931,490.435,0.0,0.0,0.0,0.0,0.0,0,0,0,0
85956000,0,47.3977417,8.5455931,490.436,0.0,0.0,0.0,0.0,0.0,0,0,0,0
86056000,0,47.3977417,8.5455931,490.436,0.0,0.0,0.0,0.0,0.0,0,0,0,0
86156000,0,47.3977417,8.545593199999999,490.436,0.0,0.0,0.0,0.0,0.0,0,0,0,0
86256000,0,47.397741599999996,8.545593199999999,490.436,0.0,0.0,0.0,0.0,0.0,0,0,0,0
86356000,0,47.397741599999996,8.545593199999999,490.437,0.0,0.0,0.0,0.0,0.0,0,0,0,0
86456000,0,47.397741599999996,8.545593199999999,490.438,0.0,0.0,0.0,0.0,0.0,0,0,0,0
86556000,0,47.397741599999996,8.545593199999999,490.439,0.0,0.0,0.0,0.0,0.0,0,0,0,0
86656000,0,47.397741599999996,8.545593199999999,490.44,0.0,0.0,0.0,0.0,0.0,0,0,0,0
86756000,0,47.397741599999996,8.545593199999999,490.441,0.0,0.0,0.0,0.0,0.0,0,0,0,0
86856000,0,47.397741599999996,8.545593199999999,490.443,0.0,0.0,0.0,0.0,0.0,0,0,0,0
86956000,0,47.397741599999996,8.545593199999999,490.444,0.0,0.0,0.0,0.0,0.0,0,0,0,0
87056000,0,47.3977417,8.545593199999999,490.446,0.0,0.0,0.0,0.0,0.0,0,0,0,0
87156000,0,47.3977417,8.545593199999999,490.447,0.0,0.0,0.0,0.0,0.0,0,0,0,0
87256000,0,47.3977417,8.545593199999999,490.449,0.0,0.0,0.0,0.0,0.0,0,0,0,0
87356000,0,47.3977417,8.545593199999999,490.45,0.0,0.0,0.0,0.0,0.0,0,0,0,0
87456000,0,47.3977417,8.545593199999999,490.452,0.0,0.0,0.0,0.0,0.0,0,0,0,0
87556000,0,47.3977417,8.545593199999999,490.453,0.0,0.0,0.0,0.0,0.0,0,0,0,0
87656000,0,47.3977417,8.545593199999999,490.454,0.0,0.0,0.0,0.0,0.0,0,0,0,0
87756000,0,47.3977417,8.545593199999999,490.455,0.0,0.0,0.0,0.0,0.0,0,0,0,0
87856000,0,47.3977417,8.5455933,490.456,0.0,0.0,0.0,0.0,0.0,0,0,0,0
87956000,0,47.3977417,8.5455933,490.457,0.0,0.0,0.0,0.0,0.0,0,0,0,0
88056000,0,47.3977417,8.5455933,490.458,0.0,0.0,0.0,0.0,0.0,0,0,0,0
88156000,0,47.3977417,8.5455933,490.46,0.0,0.0,0.0,0.0,0.0,0,0,0,0
88256000,0,47.3977418,8.5455933,490.461,0.0,0.0,0.0,0.0,0.0,0,0,0,0
88356000,0,47.3977418,8.5455933,490.462,0.0,0.0,0.0,0.0,0.0,0,0,0,0
88456000,0,47.3977418,8.5455933,490.463,0.0,0.0,0.0,0.0,0.0,0,0,0,0
88556000,0,47.3977418,8.5455933,490.464,0.0,0.0,0.0,0.0,0.0,0,0,0,0
88656000,0,47.3977418,8.5455933,490.464,0.0,0.0,0.0,0.0,0.0,0,0,0,0
88756000,0,47.3977418,8.5455933,490.465,0.0,0.0,0.0,0.0,0.0,0,0,0,0
88856000,0,47.3977418,8.5455933,490.466,0.0,0.0,0.0,0.0,0.0,0,0,0,0
88956000,0,47.3977419,8.5455933,490.466,0.0,0.0,0.0,0.0,0.0,0,0,0,0
89056000,0,47.3977419,8.5455933,490.467,0.0,0.0,0.0,0.0,0.0,0,0,0,0
89156000,0,47.3977419,8.5455933,490.468,0.0,0.0,0.0,0.0,0.0,0,0,0,0
89256000,0,47.3977419,8.5455933,490.468,0.0,0.0,0.0,0.0,0.0,0,0,0,0
89356000,0,47.3977419,8.5455933,490.467,0.0,0.0,0.0,0.0,0.0,0,0,0,0
89456000,0,47.3977419,8.5455933,490.467,0.0,0.0,0.0,0.0,0.0,0,0,0,0
89556000,0,47.3977419,8.5455933,490.466,0.0,0.0,0.0,0.0,0.0,0,0,0,0
89656000,0,47.3977419,8.5455933,490.465,0.0,0.0,0.0,0.0,0.0,0,0,0,0
89756000,0,47.3977419,8.5455933,490.464,0.0,0.0,0.0,0.0,0.0,0,0,0,0
89856000,0,47.397742,8.5455933,490.463,0.0,0.0,0.0,0.0,0.0,0,0,0,0
89956000,0,47.397742,8.5455933,490.462,0.0,0.0,0.0,0.0,0.0,0,0,0,0
90056000,0,47.397742,8.5455933,490.461,0.0,0.0,0.0,0.0,0.0,0,0,0,0
90156000,0,47.397742,8.5455933,490.46,0.0,0.0,0.0,0.0,0.0,0,0,0,0
90256000,0,47.397742,8.5455933,490.458,0.0,0.0,0.0,0.0,0.0,0,0,0,0
90356000,0,47.397742,8.5455933,490.457,0.0,0.0,0.0,0.0,0.0,0,0,0,0
90456000,0,47.397742,8.5455933,490.456,0.0,0.0,0.0,0.0,0.0,0,0,0,0
90556000,0,47.397742,8.5455933,490.455,0.0,0.0,0.0,0.0,0.0,0,0,0,0
90656000,0,47.397742,8.5455933,490.454,0.0,0.0,0.0,0.0,0.0,0,0,0,0
90756000,0,47.397742,8.5455933,490.453,0.0,0.0,0.0,0.0,0.0,0,0,0,0
90856000,0,47.397742,8.5455933,490.452,0.0,0.0,0.0,0.0,0.0,0,0,0,0
90956000,0,47.397742,8.5455933,490.451,0.0,0.0,0.0,0.0,0.0,0,0,0,0
91056000,0,47.397742,8.5455933,490.449,0.0,0.0,0.0,0.0,0.0,0,0,0,0
91156000,0,47.397742,8.5455933,490.448,0.0,0.0,0.0,0.0,0.0,0,0,0,0
91256000,0,47.397742,8.5455933,490.446,0.0,0.0,0.0,0.0,0.0,0,0,0,0
91356000,0,47.3977419,8.5455933,490.445,0.0,0.0,0.0,0.0,0.0,0,0,0,0
91456000,0,47.3977419,8.545593199999999,490.443,0.0,0.0,0.0,0.0,0.0,0,0,0,0
91556000,0,47.3977419,8.545593199999999,490.441,0.0,0.0,0.0,0.0,0.0,0,0,0,0
91656000,0,47.3977419,8.5455933,490.438,0.0,0.0,0.0,0.0,0.0,0,0,0,0
91756000,0,47.3977419,8.5455933,490.436,0.0,0.0,0.0,0.0,0.0,0,0,0,0
91856000,0,47.3977419,8.5455933,490.434,0.0,0.0,0.0,0.0,0.0,0,0,0,0
91956000,0,47.3977419,8.5455933,490.432,0.0,0.0,0.0,0.0,0.0,0,0,0,0
92056000,0,47.3977418,8.5455933,490.43,0.0,0.0,0.0,0.0,0.0,0,0,0,0
92156000,0,47.3977418,8.5455933,490.428,0.0,0.0,0.0,0.0,0.0,0,0,0,0
92256000,0,47.3977418,8.5455933,490.427,0.0,0.0,0.0,0.0,0.0,0,0,0,0
92356000,0,47.3977418,8.5455933,490.426,0.0,0.0,0.0,0.0,0.0,0,0,0,0
92456000,0,47.3977418,8.5455933,490.424,0.0,0.0,0.0,0.0,0.0,0,0,0,0
92556000,0,47.3977417,8.5455933,490.422,0.0,0.0,0.0,0.0,0.0,0,0,0,0
92656000,0,47.3977417,8.5455933,490.421,0.0,0.0,0.0,0.0,0.0,0,0,0,0
92756000,0,47.3977417,8.5455933,490.419,0.0,0.0,0.0,0.0,0.0,0,0,0,0
92856000,0,47.3977417,8.5455933,490.416,0.0,0.0,0.0,0.0,0.0,0,0,0,0
92956000,0,47.3977417,8.5455933,490.414,0.0,0.0,0.0,0.0,0.0,0,0,0,0
93056000,0,47.397741599999996,8.5455933,490.412,0.0,0.0,0.0,0.0,0.0,0,0,0,0
93156000,0,47.397741599999996,8.5455933,490.409,0.0,0.0,0.0,0.0,0.0,0,0,0,0
93256000,0,47.397741599999996,8.5455933,490.407,0.0,0.0,0.0,0.0,0.0,0,0,0,0
93356000,0,47.397741599999996,8.5455933,490.405,0.0,0.0,0.0,0.0,0.0,0,0,0,0
93456000,0,47.397741499999995,8.5455933,490.403,0.0,0.0,0.0,0.0,0.0,0,0,0,0
93556000,0,47.397741499999995,8.5455934,490.401,0.0,0.0,0.0,0.0,0.0,0,0,0,0
93656000,0,47.397741499999995,8.5455934,490.399,0.0,0.0,0.0,0.0,0.0,0,0,0,0
93756000,0,47.397741499999995,8.5455934,490.397,0.0,0.0,0.0,0.0,0.0,0,0,0,0
93856000,0,47.397741499999995,8.5455934,490.395,0.0,0.0,0.0,0.0,0.0,0,0,0,0
93956000,0,47.3977414,8.5455934,490.393,0.0,0.0,0.0,0.0,0.0,0,0,0,0
94056000,0,47.3977414,8.5455934,490.391,0.0,0.0,0.0,0.0,0.0,0,0,0,0
94156000,0,47.3977414,8.5455934,490.388,0.0,0.0,0.0,0.0,0.0,0,0,0,0
94256000,0,47.3977414,8.5455934,490.386,0.0,0.0,0.0,0.0,0.0,0,0,0,0
94356000,0,47.3977414,8.5455934,490.384,0.0,0.0,0.0,0.0,0.0,0,0,0,0
94456000,0,47.3977413,8.5455934,490.382,0.0,0.0,0.0,0.0,0.0,0,0,0,0
94556000,0,47.3977413,8.545593499999999,490.38,0.0,0.0,0.0,0.0,0.0,0,0,0,0
94656000,0,47.3977413,8.545593499999999,490.378,0.0,0.0,0.0,0.0,0.0,0,0,0,0
94756000,0,47.3977413,8.545593499999999,490.376,0.0,0.0,0.0,0.0,0.0,0,0,0,0
94856000,0,47.3977413,8.545593499999999,490.374,0.0,0.0,0.0,0.0,0.0,0,0,0,0
94956000,0,47.3977412,8.545593499999999,490.371,0.0,0.0,0.0,0.0,0.0,0,0,0,0
95056000,0,47.3977412,8.545593499999999,490.369,0.0,0.0,0.0,0.0,0.0,0,0,0,0
95156000,0,47.3977412,8.545593499999999,490.367,0.0,0.0,0.0,0.0,0.0,0,0,0,0
95256000,0,47.3977412,8.545593499999999,490.364,0.0,0.0,0.0,0.0,0.0,0,0,0,0
95356000,0,47.3977412,8.545593499999999,490.361,0.0,0.0,0.0,0.0,0.0,0,0,0,0
95456000,0,47.3977412,8.545593499999999,490.358,0.0,0.0,0.0,0.0,0.0,0,0,0,0
95556000,0,47.3977412,8.5455936,490.354,0.0,0.0,0.0,0.0,0.0,0,0,0,0
95656000,0,47.3977412,8.5455936,490.351,0.0,0.0,0.0,0.0,0.0,0,0,0,0
95756000,0,47.3977412,8.5455936,490.347,0.0,0.0,0.0,0.0,0.0,0,0,0,0
95856000,0,47.3977412,8.5455936,490.343,0.0,0.0,0.0,0.0,0.0,0,0,0,0
95956000,0,47.3977412,8.5455936,490.339,0.0,0.0,0.0,0.0,0.0,0,0,0,0
96056000,0,47.3977412,8.5455936,490.335,0.0,0.0,0.0,0.0,0.0,0,0,0,0
96156000,0,47.3977412,8.5455936,490.331,0.0,0.0,0.0,0.0,0.0,0,0,0,0
96256000,0,47.3977413,8.5455936,490.327,0.0,0.0,0.0,0.0,0.0,0,0,0,0
96356000,0,47.3977413,8.5455936,490.323,0.0,0.0,0.0,0.0,0.0,0,0,0,0
96456000,0,47.3977413,8.5455936,490.32,0.0,0.0,0.0,0.0,0.0,0,0,0,0
96556000,0,47.3977413,8.5455936,490.316,0.0,0.0,0.0,0.0,0.0,0,0,0,0
96656000,0,47.3977414,8.5455936,490.313,0.0,0.0,0.0,0.0,0.0,0,0,0,0
96756000,0,47.3977414,8.5455936,490.31,0.0,0.0,0.0,0.0,0.0,0,0,0,0
96856000,0,47.3977414,8.5455936,490.308,0.0,0.0,0.0,0.0,0.0,0,0,0,0
96956000,0,47.397741499999995,8.5455936,490.305,0.0,0.0,0.0,0.0,0.0,0,0,0,0
97056000,0,47.397741499999995,8.5455936,490.303,0.0,0.0,0.0,0.0,0.0,0,0,0,0
97156000,0,47.397741599999996,8.5455936,490.3,0.0,0.0,0.0,0.0,0.0,0,0,0,0
97256000,0,47.397741599999996,8.5455936,490.298,0.0,0.0,0.0,0.0,0.0,0,0,0,0
97356000,0,47.3977417,8.5455936,490.296,0.0,0.0,0.0,0.0,0.0,0,0,0,0
97456000,0,47.3977417,8.5455936,490.294,0.0,0.0,0.0,0.0,0.0,0,0,0,0
97556000,0,47.3977418,8.5455937,490.292,0.0,0.0,0.0,0.0,0.0,0,0,0,0
97656000,0,47.3977418,8.5455937,490.29,0.0,0.0,0.0,0.0,0.0,0,0,0,0
97756000,0,47.3977419,8.5455937,490.289,0.0,0.0,0.0,0.0,0.0,0,0,0,0
97856000,0,47.3977419,8.5455937,490.287,0.0,0.0,0.0,0.0,0.0,0,0,0,0
97956000,0,47.397742,8.5455937,490.286,0.0,0.0,0.0,0.0,0.0,0,0,0,0
98056000,0,47.397742,8.5455937,490.285,0.0,0.0,0.0,0.0,0.0,0,0,0,0
98156000,0,47.397742099999995,8.5455937,490.284,0.0,0.0,0.0,0.0,0.0,0,0,0,0
98256000,0,47.397742099999995,8.5455937,490.284,0.0,0.0,0.0,0.0,0.0,0,0,0,0
98356000,0,47.397742199999996,8.5455937,490.284,0.0,0.0,0.0,0.0,0.0,0,0,0,0
98456000,0,47.397742199999996,8.5455937,490.284,0.0,0.0,0.0,0.0,0.0,0,0,0,0
98556000,0,47.3977423,8.5455937,490.285,0.0,0.0,0.0,0.0,0.0,0,0,0,0
98656000,0,47.3977423,8.5455937,490.285,0.0,0.0,0.0,0.0,0.0,0,0,0,0
98756000,0,47.3977424,8.5455937,490.286,0.0,0.0,0.0,0.0,0.0,0,0,0,0
98856000,0,47.3977424,8.5455937,490.286,0.0,0.0,0.0,0.0,0.0,0,0,0,0
98956000,0,47.3977425,8.5455937,490.287,0.0,0.0,0.0,0.0,0.0,0,0,0,0
99056000,0,47.3977425,8.5455937,490.288,0.0,0.0,0.0,0.0,0.0,0,0,0,0
99156000,0,47.3977426,8.5455937,490.288,0.0,0.0,0.0,0.0,0.0,0,0,0,0
99256000,0,47.397742699999995,8.5455937,490.289,0.0,0.0,0.0,0.0,0.0,0,0,0,0
99356000,0,47.397742699999995,8.5455937,490.277,0.0,0.0,0.0,0.0,0.0,0,0,0,0
99456000,0,47.397742799999996,8.545593799999999,490.232,0.0,0.0,0.0,0.0,0.0,0,0,0,0
99556000,0,47.397742799999996,8.5455937,490.166,0.0,0.0,0.0,0.0,0.0,0,0,0,0
99656000,0,47.3977429,8.5455937,490.09,0.0,0.0,0.0,0.0,0.0,0,0,0,0
99756000,0,47.3977431,8.5455936,490.011,0.0,0.0,0.0,0.0,0.0,0,0,0,0
99856000,0,47.3977432,8.5455934,489.927,0.0,0.0,0.0,0.0,0.0,0,0,0,0
99956000,0,47.397743399999996,8.5455933,489.849,0.0,0.0,0.0,0.0,0.0,0,0,0,0
100056000,0,47.3977436,8.5455931,489.767,0.0,0.0,0.0,0.0,0.0,0,0,0,0
100156000,0,47.3977438,8.5455928,489.683,0.0,0.0,0.0,0.0,0.0,0,0,0,0
100256000,0,47.397743999999996,8.545592599999999,489.606,0.0,0.0,0.0,0.0,0.0,0,0,0,0
100356000,0,47.3977443,8.5455923,489.526,0.0,0.0,0.0,0.0,0.0,0,0,0,0
100456000,0,47.397744499999995,8.5455919,489.446,0.0,0.0,0.0,0.0,0.0,0,0,0,0
100556000,0,47.3977448,8.5455916,489.367,0.0,0.0,0.0,0.0,0.0,0,0,0,0
100656000,0,47.397745099999995,8.5455912,489.288,0.0,0.0,0.0,0.0,0.0,0,0,0,0
100756000,0,47.3977454,8.5455908,489.21,0.0,0.0,0.0,0.0,0.0,0,0,0,0
100856000,0,47.397745799999996,8.5455904,489.132,0.0,0.0,0.0,0.0,0.0,0,0,0,0
100956000,0,47.3977461,8.5455899,489.051,0.0,0.0,0.0,0.0,0.0,0,0,0,0
101056000,0,47.3977465,8.545589399999999,488.978,0.0,0.0,0.0,0.0,0.0,0,0,0,0
101156000,0,47.3977469,8.5455889,488.902,0.0,0.0,0.0,0.0,0.0,0,0,0,0
101256000,0,47.3977473,8.5455884,488.826,0.0,0.0,0.0,0.0,0.0,0,0,0,0
101356000,0,47.3977477,8.5455879,488.752,0.0,0.0,0.0,0.0,0.0,0,0,0,0
101456000,0,47.3977481,8.5455873,488.677,0.0,0.0,0.0,0.0,0.0,0,0,0,0
101556000,0,47.3977485,8.5455867,488.603,0.0,0.0,0.0,0.0,0.0,0,0,0,0
101656000,0,47.397749,8.5455861,488.526,0.0,0.0,0.0,0.0,0.0,0,0,0,0
101756000,0,47.397749399999995,8.5455855,488.456,0.0,0.0,0.0,0.0,0.0,0,0,0,0
101856000,0,47.3977499,8.5455849,488.383,0.0,0.0,0.0,0.0,0.0,0,0,0,0
101956000,0,47.3977504,8.5455842,488.31,0.0,0.0,0.0,0.0,0.0,0,0,0,0
102056000,0,47.3977509,8.5455835,488.235,0.0,0.0,0.0,0.0,0.0,0,0,0,0
102156000,0,47.3977514,8.5455829,488.166,0.0,0.0,0.0,0.0,0.0,0,0,0,0
102256000,0,47.397751799999995,8.5455823,488.104,0.0,0.0,0.0,0.0,0.0,0,0,0,0
102356000,0,47.397751799999995,8.5455823,488.104,0.0,0.0,0.0,0.0,0.0,0,0,0,0
102456000,0,47.397751799999995,8.5455823,488.104,0.0,0.0,0.0,0.0,0.0,0,0,0,0
102556000,0,47.397751799999995,8.5455823,488.104,0.0,0.0,0.0,0.0,0.0,0,0,0,0
102656000,0,47.397751799999995,8.5455823,488.104,0.0,0.0,0.0,0.0,0.0,0,0,0,0
102756000,0,47.397751799999995,8.5455823,488.104,0.0,0.0,0.0,0.0,0.0,0,0,0,0
102856000,0,47.397751799999995,8.5455823,488.104,0.0,0.0,0.0,0.0,0.0,0,0,0,0
102956000,0,47.397751799999995,8.5455823,488.104,0.0,0.0,0.0,0.0,0.0,0,0,0,0
103056000,0,47.397751799999995,8.5455823,488.104,0.0,0.0,0.0,0.0,0.0,0,0,0,0
103156000,0,47.397751799999995,8.5455823,488.104,0.0,0.0,0.0,0.0,0.0,0,0,0,0
103256000,0,47.397751799999995,8.5455823,488.104,0.0,0.0,0.0,0.0,0.0,0,0,0,0
103356000,0,47.397751799999995,8.5455823,488.104,0.0,0.0,0.0,0.0,0.0,0,0,0,0
103456000,0,47.397751799999995,8.5455823,488.104,0.0,0.0,0.0,0.0,0.0,0,0,0,0
103556000,0,47.397751799999995,8.5455823,488.104,0.0,0.0,0.0,0.0,0.0,0,0,0,0
103656000,0,47.397751799999995,8.5455823,488.104,0.0,0.0,0.0,0.0,0.0,0,0,0,0
103756000,0,47.397751799999995,8.5455823,488.104,0.0,0.0,0.0,0.0,0.0,0,0,0,0
103856000,0,47.397751799999995,8.5455823,488.104,0.0,0.0,0.0,0.0,0.0,0,0,0,0
103956000,0,47.397751799999995,8.5455823,488.104,0.0,0.0,0.0,0.0,0.0,0,0,0,0
104056000,0,47.397751799999995,8.5455823,488.104,0.0,0.0,0.0,0.0,0.0,0,0,0,0
104156000,0,47.397751799999995,8.5455823,488.104,0.0,0.0,0.0,0.0,0.0,0,0,0,0
104256000,0,47.397751799999995,8.5455823,488.104,0.0,0.0,0.0,0.0,0.0,0,0,0,0
104356000,0,47.397751799999995,8.5455823,488.104,0.0,0.0,0.0,0.0,0.0,0,0,0,0
104456000,0,47.397751799999995,8.5455823,488.104,0.0,0.0,0.0,0.0,0.0,0,0,0,0
104556000,0,47.397751799999995,8.5455823,488.104,0.0,0.0,0.0,0.0,0.0,0,0,0,0
104656000,0,47.397751799999995,8.5455823,488.104,0.0,0.0,0.0,0.0,0.0,0,0,0,0
104756000,0,47.397751799999995,8.5455823,488.104,0.0,0.0,0.0,0.0,0.0,0,0,0,0
104856000,0,47.397751799999995,8.5455823,488.104,0.0,0.0,0.0,0.0,0.0,0,0,0,0
104956000,0,47.397751799999995,8.5455823,488.104,0.0,0.0,0.0,0.0,0.0,0,0,0,0
105056000,0,47.397751799999995,8.5455823,488.104,0.0,0.0,0.0,0.0,0.0,0,0,0,0
105156000,0,47.397751799999995,8.5455823,488.104,0.0,0.0,0.0,0.0,0.0,0,0,0,0
105256000,0,47.397751799999995,8.5455823,488.104,0.0,0.0,0.0,0.0,0.0,0,0,0,0
105356000,0,47.397751799999995,8.5455823,488.104,0.0,0.0,0.0,0.0,0.0,0,0,0,0
105456000,0,47.397751799999995,8.5455823,488.104,0.0,0.0,0.0,0.0,0.0,0,0,0,0
105556000,0,47.397751799999995,8.5455823,488.104,0.0,0.0,0.0,0.0,0.0,0,0,0,0
105656000,0,47.397751799999995,8.5455823,488.104,0.0,0.0,0.0,0.0,0.0,0,0,0,0
105756000,0,47.397751799999995,8.5455823,488.104,0.0,0.0,0.0,0.0,0.0,0,0,0,0
105856000,0,47.397751799999995,8.5455823,488.104,0.0,0.0,0.0,0.0,0.0,0,0,0,0
105956000,0,47.397751799999995,8.5455823,488.104,0.0,0.0,0.0,0.0,0.0,0,0,0,0
106056000,0,47.397751799999995,8.5455823,488.104,0.0,0.0,0.0,0.0,0.0,0,0,0,0
106156000,0,47.397751799999995,8.5455823,488.104,0.0,0.0,0.0,0.0,0.0,0,0,0,0
106256000,0,47.397751799999995,8.5455823,488.104,0.0,0.0,0.0,0.0,0.0,0,0,0,0
106356000,0,47.397751799999995,8.5455823,488.104,0.0,0.0,0.0,0.0,0.0,0,0,0,0
106456000,0,47.397751799999995,8.5455823,488.104,0.0,0.0,0.0,0.0,0.0,0,0,0,0
106556000,0,47.397751799999995,8.5455823,488.104,0.0,0.0,0.0,0.0,0.0,0,0,0,0
106656000,0,47.397751799999995,8.5455823,488.104,0.0,0.0,0.0,0.0,0.0,0,0,0,0
106756000,0,47.397751799999995,8.5455823,488.104,0.0,0.0,0.0,0.0,0.0,0,0,0,0
106856000,0,47.397751799999995,8.5455823,488.104,0.0,0.0,0.0,0.0,0.0,0,0,0,0
